Frame,FrameNum,beautiful,boring,depressing,lively,safety,wealthy
frame_0,0,0.473070,0.732041,0.684727,0.771545,0.410048,0.559286
frame_1,1,0.416947,0.767505,0.692803,0.821468,0.424559,0.567777
frame_2,2,0.472528,0.724973,0.636697,0.850288,0.417146,0.631618
frame_3,3,0.539813,0.710862,0.626547,0.811846,0.428047,0.655918
frame_4,4,0.554580,0.677216,0.609880,0.809369,0.398494,0.687806
frame_5,5,0.538927,0.725950,0.584268,0.810265,0.403214,0.683001
frame_6,6,0.537284,0.702275,0.575670,0.805887,0.412417,0.687964
frame_7,7,0.536214,0.737710,0.617643,0.798142,0.379025,0.653738
frame_8,8,0.485415,0.724301,0.625180,0.742416,0.428123,0.635107
frame_9,9,0.511488,0.731263,0.627597,0.802198,0.422440,0.670605
frame_10,10,0.499500,0.747339,0.647743,0.826051,0.413378,0.670779
frame_11,11,0.515132,0.747055,0.655108,0.796895,0.429066,0.677997
frame_12,12,0.481648,0.761625,0.656581,0.825809,0.416178,0.645545
frame_13,13,0.529174,0.777373,0.666471,0.731928,0.411062,0.667646
frame_14,14,0.574238,0.768734,0.621626,0.757519,0.411613,0.646959
frame_15,15,0.551615,0.790320,0.646877,0.784999,0.359594,0.651465
frame_16,16,0.549984,0.735189,0.632907,0.791052,0.412597,0.621351
frame_17,17,0.513008,0.713539,0.611850,0.770570,0.433853,0.660268
frame_18,18,0.540617,0.737829,0.635023,0.796596,0.403289,0.679441
frame_19,19,0.539563,0.750363,0.623342,0.799624,0.380660,0.670886
frame_20,20,0.541266,0.771441,0.635510,0.775118,0.383746,0.675069
frame_21,21,0.560712,0.742594,0.647648,0.812268,0.400670,0.683829
frame_22,22,0.549419,0.746831,0.646804,0.775361,0.389167,0.679033
frame_23,23,0.544900,0.758048,0.619006,0.759743,0.377458,0.666358
frame_24,24,0.556857,0.721636,0.618767,0.753428,0.378147,0.681710
frame_25,25,0.564831,0.698167,0.633229,0.780300,0.400409,0.688063
frame_26,26,0.589266,0.740708,0.588839,0.790821,0.393171,0.691830
frame_27,27,0.554318,0.761412,0.597452,0.765649,0.364698,0.679714
frame_28,28,0.547983,0.781771,0.603507,0.792414,0.341056,0.691428
frame_29,29,0.574236,0.782081,0.593896,0.765262,0.366354,0.665226
frame_30,30,0.591107,0.786028,0.601339,0.748742,0.405134,0.672353
frame_31,31,0.533013,0.739625,0.613862,0.745165,0.424267,0.685169
frame_32,32,0.535184,0.729320,0.602419,0.779482,0.394753,0.669242
frame_33,33,0.552273,0.790964,0.651423,0.761615,0.426820,0.687048
frame_34,34,0.530183,0.762073,0.629499,0.751527,0.448674,0.672446
frame_35,35,0.538944,0.747723,0.606800,0.782477,0.432162,0.651555
frame_36,36,0.550059,0.765547,0.627656,0.772878,0.418795,0.639717
frame_37,37,0.558072,0.750602,0.611022,0.758014,0.418911,0.626689
frame_38,38,0.527981,0.731830,0.635301,0.797811,0.411432,0.639944
frame_39,39,0.531576,0.752547,0.654426,0.759629,0.445809,0.610230
frame_40,40,0.516931,0.759849,0.621527,0.783692,0.419572,0.595946
frame_41,41,0.486221,0.743145,0.653153,0.776952,0.434928,0.595122
frame_42,42,0.483480,0.776614,0.636933,0.798055,0.432312,0.585671
frame_43,43,0.532245,0.754012,0.607670,0.808460,0.444139,0.587310
frame_44,44,0.480841,0.764242,0.636684,0.789488,0.433704,0.582166
frame_45,45,0.514209,0.737641,0.613284,0.794270,0.422284,0.598022
frame_46,46,0.466489,0.785902,0.593190,0.807687,0.411013,0.620533
frame_47,47,0.527557,0.716741,0.595983,0.829519,0.396598,0.633338
frame_48,48,0.519684,0.732401,0.633453,0.789868,0.452481,0.583766
frame_49,49,0.543861,0.719947,0.647658,0.773121,0.452555,0.636647
frame_50,50,0.513231,0.702168,0.615489,0.803326,0.413955,0.614544
frame_51,51,0.531641,0.764640,0.645922,0.777832,0.448475,0.594635
frame_52,52,0.561452,0.738837,0.621714,0.767456,0.423159,0.625696
frame_53,53,0.571915,0.748053,0.632950,0.813479,0.406980,0.643540
frame_54,54,0.548064,0.741365,0.613637,0.786047,0.410401,0.581360
frame_55,55,0.519501,0.740318,0.613906,0.799016,0.404644,0.593921
frame_56,56,0.593688,0.733103,0.613749,0.784056,0.396887,0.629311
frame_57,57,0.546835,0.768789,0.673466,0.786295,0.421524,0.582056
frame_58,58,0.553596,0.721661,0.636895,0.788097,0.429109,0.649187
frame_59,59,0.530469,0.751705,0.625644,0.789353,0.399340,0.631582
frame_60,60,0.521818,0.786417,0.620467,0.817355,0.457241,0.621134
frame_61,61,0.545504,0.783938,0.630456,0.818600,0.419946,0.609786
frame_62,62,0.527281,0.746854,0.630154,0.824908,0.435706,0.627740
frame_63,63,0.528291,0.746174,0.632889,0.829290,0.404785,0.647526
frame_64,64,0.504919,0.748106,0.651569,0.846354,0.405427,0.624875
frame_65,65,0.523560,0.744899,0.639214,0.822814,0.393514,0.598710
frame_66,66,0.535221,0.748534,0.653860,0.803221,0.410343,0.596113
frame_67,67,0.492227,0.792084,0.657504,0.821520,0.417417,0.585830
frame_68,68,0.538453,0.794550,0.657631,0.806313,0.431894,0.599898
frame_69,69,0.511159,0.773596,0.643431,0.804558,0.417982,0.572665
frame_70,70,0.505994,0.781887,0.659709,0.821064,0.436822,0.612946
frame_71,71,0.502032,0.759653,0.658830,0.851117,0.430805,0.618047
frame_72,72,0.512877,0.785691,0.669135,0.817067,0.425244,0.589850
frame_73,73,0.540795,0.747124,0.663991,0.812460,0.430160,0.600692
frame_74,74,0.487847,0.798411,0.691359,0.818616,0.436448,0.561266
frame_75,75,0.538290,0.747117,0.677597,0.826097,0.414981,0.625730
frame_76,76,0.536222,0.771279,0.656498,0.812698,0.406717,0.631826
frame_77,77,0.484577,0.784124,0.662543,0.831883,0.398627,0.605694
frame_78,78,0.481400,0.777496,0.655847,0.801357,0.370766,0.604780
frame_79,79,0.460582,0.766102,0.673755,0.804247,0.417351,0.620776
frame_80,80,0.482759,0.778312,0.669624,0.806959,0.412022,0.575924
frame_81,81,0.510525,0.782509,0.650317,0.783257,0.423545,0.568191
frame_82,82,0.502134,0.804359,0.627432,0.798253,0.395422,0.575786
frame_83,83,0.513316,0.761466,0.677630,0.797401,0.397144,0.584700
frame_84,84,0.515393,0.761380,0.668495,0.809382,0.366708,0.603779
frame_85,85,0.520196,0.764024,0.696780,0.814671,0.366587,0.589770
frame_86,86,0.479810,0.749124,0.670492,0.800071,0.394838,0.557347
frame_87,87,0.487280,0.790150,0.674873,0.832474,0.398641,0.526544
frame_88,88,0.471437,0.764039,0.641081,0.861209,0.361565,0.579441
frame_89,89,0.495004,0.770604,0.692860,0.842638,0.334553,0.565282
frame_90,90,0.464318,0.772559,0.698391,0.840049,0.372839,0.562212
frame_91,91,0.480926,0.774368,0.689125,0.808455,0.352976,0.570642
frame_92,92,0.521179,0.752216,0.637427,0.868493,0.396793,0.580019
frame_93,93,0.469540,0.725267,0.682782,0.832010,0.419583,0.513508
frame_94,94,0.448176,0.765217,0.661401,0.832515,0.476940,0.468807
frame_95,95,0.478303,0.784350,0.669228,0.854476,0.417494,0.544171
frame_96,96,0.488428,0.763024,0.634164,0.851729,0.409991,0.564542
frame_97,97,0.530514,0.760785,0.668790,0.806204,0.459742,0.535739
frame_98,98,0.504751,0.774665,0.665345,0.817410,0.458534,0.538193
frame_99,99,0.498403,0.783503,0.662672,0.812286,0.458372,0.501795
frame_100,100,0.500589,0.775515,0.654773,0.823746,0.438667,0.578440
frame_101,101,0.498595,0.803486,0.680589,0.826586,0.435518,0.549646
frame_102,102,0.483552,0.811183,0.673234,0.851638,0.408830,0.532160
frame_103,103,0.442488,0.805304,0.665113,0.826804,0.405896,0.574720
frame_104,104,0.463547,0.752052,0.659252,0.830713,0.426009,0.591316
frame_105,105,0.490294,0.768478,0.660669,0.833173,0.456465,0.606169
frame_106,106,0.461425,0.745217,0.645649,0.815607,0.409806,0.607468
frame_107,107,0.447681,0.734276,0.668142,0.782213,0.441882,0.580080
frame_108,108,0.460507,0.696948,0.647962,0.820003,0.400026,0.615043
frame_109,109,0.493617,0.746585,0.657817,0.792430,0.398780,0.657040
frame_110,110,0.450725,0.765197,0.672223,0.816321,0.389310,0.632732
frame_111,111,0.452597,0.790300,0.673818,0.815184,0.368668,0.627518
frame_112,112,0.490287,0.790919,0.652699,0.817806,0.405603,0.641969
frame_113,113,0.470729,0.793402,0.652473,0.818425,0.463139,0.554182
frame_114,114,0.528824,0.798451,0.650356,0.802651,0.462450,0.623295
frame_115,115,0.466656,0.773554,0.643571,0.775698,0.505221,0.583594
frame_116,116,0.498601,0.811598,0.679806,0.780620,0.462552,0.573256
frame_117,117,0.460401,0.804984,0.669932,0.758947,0.479090,0.612128
frame_118,118,0.459833,0.787645,0.638469,0.744890,0.477313,0.637821
frame_119,119,0.438664,0.771658,0.653448,0.726602,0.465553,0.660731
frame_120,120,0.433672,0.794892,0.706078,0.756907,0.458611,0.672284
frame_121,121,0.446450,0.828397,0.704746,0.720961,0.477854,0.661562
frame_122,122,0.485620,0.787127,0.684605,0.783735,0.442800,0.638059
frame_123,123,0.496572,0.790250,0.696530,0.787886,0.428860,0.682792
frame_124,124,0.545327,0.794468,0.659892,0.804154,0.410587,0.717862
frame_125,125,0.520907,0.785104,0.648828,0.865979,0.418634,0.671274
frame_126,126,0.512506,0.782157,0.671919,0.831950,0.400596,0.580467
frame_127,127,0.472472,0.777824,0.624282,0.808254,0.403370,0.507454
frame_128,128,0.467909,0.789062,0.672159,0.795302,0.419997,0.496234
frame_129,129,0.501543,0.792641,0.629788,0.820647,0.414381,0.591858
frame_130,130,0.477295,0.763272,0.603103,0.814658,0.491784,0.617093
frame_131,131,0.463480,0.756583,0.635606,0.804369,0.458672,0.529419
frame_132,132,0.460352,0.743231,0.661947,0.805800,0.386074,0.582403
frame_133,133,0.471594,0.726252,0.639564,0.816395,0.407887,0.593899
frame_134,134,0.533742,0.732762,0.658884,0.807032,0.378156,0.582062
frame_135,135,0.520060,0.736183,0.688176,0.803590,0.403405,0.563460
frame_136,136,0.535350,0.738710,0.624850,0.798230,0.438076,0.534973
frame_137,137,0.506985,0.771173,0.592981,0.803157,0.382900,0.550108
frame_138,138,0.533627,0.738364,0.651010,0.777875,0.396940,0.588108
frame_139,139,0.539890,0.757796,0.629962,0.764324,0.435834,0.549387
frame_140,140,0.562626,0.712057,0.614114,0.777476,0.436108,0.571596
frame_141,141,0.534980,0.724461,0.618598,0.816461,0.433720,0.540403
frame_142,142,0.571504,0.753507,0.602299,0.811715,0.472967,0.520074
frame_143,143,0.519690,0.762247,0.629393,0.783442,0.430621,0.530040
frame_144,144,0.529607,0.772481,0.596883,0.777258,0.463345,0.551752
frame_145,145,0.557776,0.758141,0.596438,0.758464,0.452181,0.529462
frame_146,146,0.514176,0.765134,0.614448,0.776012,0.393625,0.526662
frame_147,147,0.559883,0.738390,0.649021,0.765207,0.414896,0.510384
frame_148,148,0.538573,0.746566,0.630302,0.769667,0.428687,0.568868
frame_149,149,0.511535,0.726442,0.669041,0.755029,0.457008,0.570750
frame_150,150,0.571938,0.760304,0.684460,0.740162,0.419890,0.540015
frame_151,151,0.552422,0.730765,0.643368,0.742184,0.402858,0.512179
frame_152,152,0.515638,0.705031,0.670319,0.725892,0.410324,0.526422
frame_153,153,0.515576,0.720424,0.639205,0.765320,0.372824,0.520893
frame_154,154,0.509995,0.765170,0.641502,0.804210,0.379229,0.539403
frame_155,155,0.462198,0.764952,0.631730,0.783494,0.394153,0.510105
frame_156,156,0.548031,0.784904,0.648494,0.787634,0.390489,0.493799
frame_157,157,0.515102,0.789182,0.656949,0.787832,0.375817,0.539960
frame_158,158,0.485856,0.740093,0.602207,0.770404,0.405984,0.544428
frame_159,159,0.482636,0.775387,0.633905,0.771895,0.395207,0.483868
frame_160,160,0.486928,0.779790,0.663056,0.818383,0.376352,0.471365
frame_161,161,0.521498,0.771307,0.625935,0.793249,0.424862,0.482105
frame_162,162,0.512253,0.791465,0.660525,0.777206,0.436698,0.460069
frame_163,163,0.510176,0.791788,0.639964,0.793028,0.470734,0.487118
frame_164,164,0.547512,0.794380,0.633320,0.796622,0.451000,0.483888
frame_165,165,0.501042,0.773105,0.637564,0.779036,0.434013,0.443356
frame_166,166,0.487587,0.797515,0.603286,0.756131,0.441381,0.429645
frame_167,167,0.520263,0.798952,0.607675,0.787122,0.397094,0.465105
frame_168,168,0.481615,0.763050,0.667643,0.807381,0.404248,0.487444
frame_169,169,0.477370,0.745182,0.668609,0.794623,0.381122,0.529896
frame_170,170,0.489777,0.725650,0.652591,0.804753,0.369621,0.487999
frame_171,171,0.536362,0.701370,0.640741,0.785271,0.404186,0.506166
frame_172,172,0.533546,0.751163,0.624292,0.799429,0.406020,0.495259
frame_173,173,0.531503,0.756982,0.637667,0.813174,0.396157,0.504442
frame_174,174,0.528110,0.742314,0.661106,0.833365,0.416213,0.533630
frame_175,175,0.511987,0.731952,0.665502,0.848280,0.428623,0.572444
frame_176,176,0.479064,0.727223,0.676534,0.817612,0.438303,0.550238
frame_177,177,0.473322,0.677293,0.626192,0.785893,0.381943,0.531461
frame_178,178,0.517304,0.644540,0.656931,0.782466,0.412737,0.506168
frame_179,179,0.562834,0.704677,0.670152,0.780945,0.410633,0.510287
frame_180,180,0.566186,0.696754,0.611307,0.777613,0.371412,0.530220
frame_181,181,0.566044,0.746523,0.629907,0.795173,0.393208,0.531657
frame_182,182,0.555560,0.672686,0.605700,0.796180,0.433691,0.558347
frame_183,183,0.549939,0.706563,0.638616,0.777619,0.477468,0.568974
frame_184,184,0.588941,0.681902,0.623118,0.793853,0.434879,0.553177
frame_185,185,0.573724,0.711830,0.646523,0.809606,0.397108,0.561383
frame_186,186,0.583088,0.691757,0.654283,0.807345,0.356645,0.523416
frame_187,187,0.555418,0.669760,0.661034,0.817012,0.341796,0.585528
frame_188,188,0.641919,0.637292,0.645150,0.797770,0.325497,0.591738
frame_189,189,0.535343,0.659339,0.668994,0.813020,0.390804,0.622622
frame_190,190,0.572647,0.719295,0.696960,0.787331,0.439186,0.634301
frame_191,191,0.564571,0.705571,0.670362,0.767491,0.443784,0.602617
frame_192,192,0.556172,0.731825,0.650840,0.750205,0.442606,0.617228
frame_193,193,0.552299,0.749271,0.670311,0.794231,0.477643,0.617066
frame_194,194,0.529615,0.745200,0.649977,0.767128,0.506925,0.619680
frame_195,195,0.578010,0.727913,0.664216,0.812524,0.455264,0.587094
frame_196,196,0.549159,0.699072,0.678042,0.821612,0.462745,0.596112
frame_197,197,0.540824,0.686602,0.710931,0.827582,0.394681,0.566717
frame_198,198,0.523862,0.698191,0.696779,0.783343,0.398749,0.559200
frame_199,199,0.526945,0.682625,0.661339,0.762422,0.422965,0.590341
frame_200,200,0.558027,0.758682,0.643901,0.801918,0.438108,0.555895
frame_201,201,0.587466,0.704376,0.625925,0.750583,0.423633,0.551289
frame_202,202,0.537525,0.719362,0.606505,0.795858,0.418733,0.498060
frame_203,203,0.560887,0.714861,0.620178,0.762201,0.408785,0.611295
frame_204,204,0.528050,0.752184,0.640595,0.790972,0.396539,0.587903
frame_205,205,0.546484,0.708939,0.603993,0.797776,0.378420,0.549703
frame_206,206,0.518706,0.676023,0.621400,0.828189,0.405447,0.586488
frame_207,207,0.469523,0.675058,0.640363,0.798524,0.459862,0.543055
frame_208,208,0.459960,0.716093,0.629984,0.782379,0.491856,0.532060
frame_209,209,0.477502,0.681156,0.666368,0.802369,0.492012,0.547935
frame_210,210,0.464217,0.697462,0.664664,0.812901,0.485956,0.545963
frame_211,211,0.436616,0.711347,0.661696,0.754683,0.491177,0.545670
frame_212,212,0.490592,0.722936,0.671067,0.810781,0.419987,0.567924
frame_213,213,0.459213,0.746642,0.657668,0.802388,0.459824,0.526483
frame_214,214,0.498895,0.728502,0.667138,0.764509,0.453926,0.576873
frame_215,215,0.509216,0.696627,0.649992,0.811043,0.440182,0.590354
frame_216,216,0.466534,0.784722,0.715408,0.809135,0.444918,0.569479
frame_217,217,0.460789,0.770487,0.675596,0.837599,0.476880,0.581748
frame_218,218,0.529888,0.769965,0.666967,0.826686,0.424558,0.563753
frame_219,219,0.545642,0.741507,0.681041,0.832725,0.463508,0.593013
frame_220,220,0.518141,0.751132,0.672924,0.810567,0.456043,0.638290
frame_221,221,0.513966,0.752125,0.668955,0.795332,0.450791,0.651436
frame_222,222,0.482715,0.722365,0.675043,0.810101,0.436248,0.644390
frame_223,223,0.519157,0.736125,0.677452,0.747390,0.426948,0.663863
frame_224,224,0.519193,0.696605,0.664748,0.750529,0.452766,0.631948
frame_225,225,0.551886,0.737325,0.679237,0.758358,0.414450,0.641163
frame_226,226,0.540459,0.735801,0.656634,0.759586,0.405101,0.640419
frame_227,227,0.498902,0.735097,0.657976,0.748203,0.408206,0.648812
frame_228,228,0.542067,0.762955,0.681265,0.809334,0.419896,0.585640
frame_229,229,0.535452,0.739977,0.634368,0.792884,0.406435,0.616738
frame_230,230,0.506615,0.742954,0.677802,0.755273,0.383836,0.574087
frame_231,231,0.498189,0.758702,0.651699,0.784782,0.441012,0.565636
frame_232,232,0.517592,0.762373,0.641695,0.778276,0.416433,0.601256
frame_233,233,0.481941,0.708917,0.656292,0.783195,0.395712,0.595288
frame_234,234,0.490798,0.711118,0.683614,0.803629,0.403013,0.574190
frame_235,235,0.439914,0.759053,0.645128,0.818050,0.372338,0.569749
frame_236,236,0.483782,0.692015,0.643588,0.827754,0.352212,0.457843
frame_237,237,0.455030,0.737099,0.661818,0.804043,0.385966,0.526284
frame_238,238,0.497257,0.711802,0.618506,0.832046,0.382504,0.549188
frame_239,239,0.470539,0.650798,0.621368,0.810750,0.343821,0.578824
frame_240,240,0.483291,0.662013,0.645500,0.810759,0.382065,0.585339
frame_241,241,0.480754,0.670172,0.638048,0.845112,0.434153,0.592248
frame_242,242,0.467466,0.634065,0.614307,0.854650,0.410259,0.584063
frame_243,243,0.481200,0.628150,0.617318,0.849880,0.445439,0.599914
frame_244,244,0.493828,0.619961,0.624041,0.806383,0.422558,0.547839
frame_245,245,0.505157,0.687588,0.620629,0.803313,0.459699,0.610327
frame_246,246,0.525168,0.719093,0.641921,0.771448,0.456645,0.602349
frame_247,247,0.486850,0.706965,0.671671,0.802666,0.443310,0.607005
frame_248,248,0.498247,0.706000,0.642006,0.779774,0.438297,0.615730
frame_249,249,0.494206,0.721408,0.672894,0.785087,0.448477,0.639443
frame_250,250,0.514640,0.743460,0.631833,0.775993,0.454539,0.634731
frame_251,251,0.462035,0.713461,0.644146,0.788787,0.426169,0.629203
frame_252,252,0.560501,0.690796,0.692458,0.800336,0.420912,0.614078
frame_253,253,0.499838,0.701126,0.691413,0.791097,0.446813,0.578295
frame_254,254,0.545078,0.700527,0.618785,0.779714,0.448083,0.592257
frame_255,255,0.556576,0.679682,0.635960,0.823512,0.424113,0.577694
frame_256,256,0.647666,0.731746,0.652042,0.820915,0.474008,0.562717
frame_257,257,0.584548,0.722789,0.595078,0.815034,0.475221,0.547076
frame_258,258,0.536755,0.752335,0.603302,0.839338,0.448531,0.544560
frame_259,259,0.511149,0.754448,0.646962,0.782495,0.449326,0.572925
frame_260,260,0.483536,0.701705,0.636025,0.774698,0.453547,0.541477
frame_261,261,0.523286,0.768304,0.618945,0.785634,0.413361,0.594892
frame_262,262,0.540159,0.726819,0.583206,0.799220,0.428919,0.666053
frame_263,263,0.522086,0.756286,0.614643,0.787761,0.379481,0.603169
frame_264,264,0.517197,0.731833,0.633836,0.803432,0.375825,0.599029
frame_265,265,0.542494,0.690578,0.659689,0.813987,0.357162,0.532643
frame_266,266,0.559379,0.756843,0.636310,0.805775,0.337281,0.556555
frame_267,267,0.528774,0.747561,0.642956,0.802161,0.341197,0.631424
frame_268,268,0.520428,0.737218,0.679810,0.786613,0.348611,0.591570
frame_269,269,0.589113,0.656994,0.663001,0.749015,0.395176,0.578272
frame_270,270,0.561519,0.699021,0.654974,0.758862,0.437186,0.599310
frame_271,271,0.511888,0.686064,0.661137,0.786114,0.411454,0.569604
frame_272,272,0.538296,0.687645,0.645311,0.835469,0.415537,0.609458
frame_273,273,0.528796,0.672212,0.636460,0.843131,0.373724,0.553311
frame_274,274,0.554676,0.689595,0.624275,0.815337,0.338174,0.506077
frame_275,275,0.444200,0.705086,0.608239,0.857818,0.408790,0.517776
frame_276,276,0.478885,0.685216,0.660313,0.828447,0.362042,0.591182
frame_277,277,0.560170,0.718446,0.654889,0.807474,0.397346,0.563733
frame_278,278,0.514156,0.773798,0.647877,0.794157,0.384707,0.582032
frame_279,279,0.497492,0.742556,0.641093,0.813988,0.367485,0.537331
frame_280,280,0.505202,0.705665,0.608651,0.813067,0.357152,0.608913
frame_281,281,0.500126,0.702913,0.570980,0.815341,0.391402,0.612934
frame_282,282,0.445698,0.669295,0.570295,0.832438,0.381413,0.619574
frame_283,283,0.500140,0.713040,0.541506,0.844418,0.388723,0.581569
frame_284,284,0.614267,0.761612,0.605524,0.792104,0.432578,0.563007
frame_285,285,0.591590,0.773682,0.639245,0.819019,0.417308,0.560671
frame_286,286,0.530242,0.742495,0.600048,0.778538,0.427521,0.589739
frame_287,287,0.530735,0.722205,0.620601,0.795520,0.430612,0.517340
frame_288,288,0.490927,0.809134,0.565575,0.774762,0.421803,0.578929
frame_289,289,0.522059,0.761845,0.611971,0.811327,0.409664,0.581279
frame_290,290,0.490412,0.744787,0.609425,0.774498,0.441617,0.554895
frame_291,291,0.516863,0.761496,0.596681,0.783519,0.438702,0.525799
frame_292,292,0.517284,0.737619,0.627491,0.768816,0.434922,0.545981
frame_293,293,0.504517,0.746203,0.610913,0.778572,0.419629,0.557918
frame_294,294,0.526527,0.726688,0.610637,0.779729,0.434764,0.527334
frame_295,295,0.502777,0.782223,0.662229,0.773888,0.405977,0.547156
frame_296,296,0.474398,0.722098,0.647929,0.783962,0.397778,0.599213
frame_297,297,0.475611,0.719459,0.618911,0.759910,0.388192,0.576584
frame_298,298,0.509850,0.755497,0.651567,0.779194,0.409454,0.566911
frame_299,299,0.513557,0.735396,0.627667,0.789676,0.418082,0.588924
frame_300,300,0.553395,0.702571,0.599605,0.796510,0.448787,0.604711
frame_301,301,0.567089,0.711957,0.672607,0.801521,0.361467,0.559636
frame_302,302,0.517554,0.732438,0.680672,0.827617,0.426853,0.541566
frame_303,303,0.553509,0.771394,0.581843,0.766050,0.451847,0.566754
frame_304,304,0.519571,0.770204,0.638142,0.728168,0.383525,0.520376
frame_305,305,0.547493,0.736897,0.635825,0.736311,0.338125,0.612957
frame_306,306,0.491997,0.754384,0.615939,0.759039,0.334739,0.547602
frame_307,307,0.512804,0.758786,0.627144,0.719005,0.352384,0.571841
frame_308,308,0.510071,0.752917,0.607353,0.704383,0.399944,0.571307
frame_309,309,0.498180,0.792575,0.665793,0.760188,0.378332,0.595590
frame_310,310,0.497565,0.758533,0.629950,0.780638,0.377059,0.583982
frame_311,311,0.479227,0.815374,0.589563,0.769911,0.426220,0.601369
frame_312,312,0.439189,0.791146,0.615302,0.769862,0.378701,0.662558
frame_313,313,0.472205,0.779539,0.598894,0.795742,0.384906,0.625122
frame_314,314,0.528320,0.809867,0.586317,0.785222,0.413852,0.590539
frame_315,315,0.488012,0.785144,0.609874,0.813945,0.417010,0.610047
frame_316,316,0.475544,0.735245,0.603983,0.847843,0.412969,0.575131
frame_317,317,0.474325,0.736334,0.621728,0.798751,0.443338,0.622640
frame_318,318,0.517275,0.791434,0.622493,0.812625,0.453352,0.568189
frame_319,319,0.545909,0.786307,0.597802,0.816543,0.479334,0.597635
frame_320,320,0.497243,0.796045,0.580512,0.827757,0.439981,0.637287
frame_321,321,0.499776,0.798709,0.589895,0.846497,0.437120,0.620397
frame_322,322,0.541841,0.796845,0.589333,0.844678,0.421161,0.598273
frame_323,323,0.474919,0.775406,0.607419,0.844669,0.495893,0.580167
frame_324,324,0.512329,0.822723,0.625495,0.840955,0.474751,0.618279
frame_325,325,0.443558,0.839918,0.633500,0.844238,0.460005,0.610754
frame_326,326,0.434664,0.801383,0.610452,0.861205,0.464157,0.622503
frame_327,327,0.429238,0.805322,0.604786,0.852389,0.469590,0.638329
frame_328,328,0.421691,0.821665,0.580275,0.868276,0.493694,0.618298
frame_329,329,0.420972,0.853651,0.621607,0.806830,0.438980,0.622962
frame_330,330,0.413031,0.797786,0.597581,0.837617,0.517752,0.606505
frame_331,331,0.445202,0.800277,0.583323,0.848336,0.452477,0.576478
frame_332,332,0.457156,0.795127,0.593112,0.812486,0.427809,0.571552
frame_333,333,0.422538,0.738659,0.586196,0.846483,0.431989,0.610293
frame_334,334,0.446462,0.774113,0.576010,0.840114,0.453060,0.582040
frame_335,335,0.537034,0.781172,0.544843,0.849117,0.484843,0.554707
frame_336,336,0.493412,0.779848,0.552873,0.772068,0.484380,0.600680
frame_337,337,0.473655,0.759169,0.589727,0.830511,0.494098,0.547570
frame_338,338,0.471995,0.757216,0.586467,0.819519,0.443545,0.566523
frame_339,339,0.477398,0.759994,0.580560,0.822996,0.497319,0.556984
frame_340,340,0.397152,0.788636,0.564054,0.831670,0.512318,0.560674
frame_341,341,0.394820,0.769145,0.561244,0.824912,0.481048,0.588603
frame_342,342,0.408660,0.771504,0.528751,0.846700,0.463046,0.578712
frame_343,343,0.442885,0.740978,0.573714,0.791873,0.490539,0.577940
frame_344,344,0.470294,0.775536,0.584818,0.800862,0.465405,0.569031
frame_345,345,0.485790,0.787502,0.638947,0.805111,0.458948,0.595237
frame_346,346,0.508644,0.792515,0.639628,0.811381,0.461414,0.606111
frame_347,347,0.532069,0.829792,0.597351,0.841836,0.440002,0.587933
frame_348,348,0.502139,0.793072,0.569826,0.782943,0.456098,0.595324
frame_349,349,0.504368,0.737631,0.592324,0.790184,0.526984,0.594203
frame_350,350,0.508068,0.830249,0.607451,0.826692,0.415463,0.572279
frame_351,351,0.532615,0.789734,0.570081,0.802928,0.436469,0.561625
frame_352,352,0.514364,0.775801,0.574681,0.817708,0.451586,0.596359
frame_353,353,0.504328,0.796110,0.603817,0.841881,0.421114,0.571846
frame_354,354,0.518667,0.809307,0.598994,0.870270,0.445387,0.557738
frame_355,355,0.508593,0.775278,0.617009,0.814324,0.457873,0.599487
frame_356,356,0.472229,0.794143,0.616127,0.813849,0.474694,0.618410
frame_357,357,0.420567,0.810582,0.628319,0.835630,0.450459,0.590035
frame_358,358,0.443566,0.758905,0.609550,0.828802,0.440722,0.584821
frame_359,359,0.457416,0.806641,0.625997,0.820332,0.436682,0.577070
frame_360,360,0.435279,0.804125,0.610463,0.829976,0.429311,0.594699
frame_361,361,0.409809,0.781598,0.584869,0.810776,0.437693,0.551342
frame_362,362,0.415131,0.763172,0.583035,0.846209,0.455621,0.592488
frame_363,363,0.392024,0.759906,0.576412,0.837784,0.432676,0.586855
frame_364,364,0.398272,0.745432,0.554322,0.827249,0.455460,0.560019
frame_365,365,0.445259,0.764603,0.551925,0.733334,0.468855,0.586202
frame_366,366,0.412955,0.763378,0.572850,0.803589,0.466901,0.547672
frame_367,367,0.423323,0.753408,0.603720,0.791129,0.465234,0.544086
frame_368,368,0.448108,0.686740,0.620889,0.821181,0.429459,0.534094
frame_369,369,0.444306,0.720494,0.617656,0.842085,0.440611,0.575805
frame_370,370,0.460833,0.798770,0.644156,0.828147,0.457187,0.569264
frame_371,371,0.482137,0.781894,0.634040,0.807811,0.461451,0.570510
frame_372,372,0.432089,0.791600,0.632255,0.782352,0.420765,0.530328
frame_373,373,0.482061,0.782697,0.630637,0.799446,0.405478,0.556331
frame_374,374,0.557326,0.789080,0.611560,0.819678,0.415184,0.573859
frame_375,375,0.530539,0.774869,0.608257,0.823712,0.422448,0.539507
frame_376,376,0.526411,0.815949,0.617391,0.828009,0.486977,0.561793
frame_377,377,0.506132,0.805293,0.638927,0.829064,0.444959,0.532211
frame_378,378,0.488219,0.789871,0.630445,0.839869,0.431584,0.551089
frame_379,379,0.499822,0.743779,0.576672,0.853364,0.396624,0.554890
frame_380,380,0.534998,0.718121,0.607643,0.826847,0.414925,0.596356
frame_381,381,0.538616,0.723380,0.620135,0.824928,0.447897,0.588604
frame_382,382,0.541305,0.744531,0.647283,0.817096,0.412162,0.592102
frame_383,383,0.554054,0.783781,0.598924,0.835588,0.452281,0.616310
frame_384,384,0.548946,0.765667,0.639097,0.779561,0.417604,0.590241
frame_385,385,0.524240,0.739168,0.620739,0.790257,0.398666,0.564509
frame_386,386,0.539659,0.748196,0.650174,0.766168,0.452788,0.568287
frame_387,387,0.552250,0.746173,0.590831,0.794857,0.464254,0.612632
frame_388,388,0.556086,0.757168,0.621662,0.801000,0.457705,0.607356
frame_389,389,0.527135,0.734426,0.618822,0.788327,0.453823,0.597769
frame_390,390,0.513385,0.733433,0.626819,0.769744,0.470056,0.592935
frame_391,391,0.523010,0.740114,0.642987,0.755529,0.457473,0.599934
frame_392,392,0.518151,0.734150,0.577013,0.768989,0.444037,0.563352
frame_393,393,0.520209,0.751023,0.608834,0.759015,0.436995,0.596602
frame_394,394,0.479538,0.769102,0.610251,0.751607,0.436835,0.585661
frame_395,395,0.520357,0.742966,0.601588,0.771525,0.445747,0.599702
frame_396,396,0.461442,0.735115,0.639747,0.796633,0.445929,0.625680
frame_397,397,0.433712,0.746759,0.688448,0.731683,0.435722,0.605828
frame_398,398,0.447981,0.758660,0.729313,0.752867,0.424032,0.605911
frame_399,399,0.473247,0.767452,0.711051,0.733311,0.394054,0.598254
frame_400,400,0.477482,0.772370,0.694838,0.764068,0.431504,0.613691
frame_401,401,0.476512,0.753409,0.707573,0.780071,0.388772,0.593561
frame_402,402,0.499932,0.737151,0.711911,0.806831,0.394531,0.613963
frame_403,403,0.500710,0.736600,0.684225,0.785927,0.401015,0.634104
frame_404,404,0.500352,0.731296,0.626780,0.850266,0.370773,0.677841
frame_405,405,0.529744,0.746902,0.666061,0.825840,0.389686,0.644224
frame_406,406,0.534793,0.694879,0.632935,0.783201,0.388652,0.689818
frame_407,407,0.537009,0.729933,0.653010,0.805529,0.359276,0.580778
frame_408,408,0.515696,0.748899,0.674699,0.801983,0.379703,0.659623
frame_409,409,0.523690,0.725471,0.640078,0.783103,0.380795,0.604564
frame_410,410,0.545831,0.699343,0.669358,0.777895,0.410821,0.600585
frame_411,411,0.538176,0.716187,0.643573,0.813911,0.430221,0.624445
frame_412,412,0.510162,0.693758,0.636165,0.811887,0.453395,0.674593
frame_413,413,0.528532,0.682766,0.637197,0.796260,0.396974,0.613459
frame_414,414,0.542994,0.668516,0.660709,0.815770,0.312610,0.587406
frame_415,415,0.514736,0.711168,0.658811,0.815793,0.402474,0.638027
frame_416,416,0.543437,0.719676,0.628185,0.818169,0.362833,0.610613
frame_417,417,0.554524,0.716927,0.639619,0.815506,0.377885,0.588361
frame_418,418,0.483227,0.721718,0.619528,0.790324,0.397170,0.621412
frame_419,419,0.522733,0.715544,0.651252,0.803759,0.396320,0.620280
frame_420,420,0.520840,0.671286,0.645047,0.817473,0.425023,0.539509
frame_421,421,0.463160,0.655126,0.614627,0.846763,0.381892,0.598917
frame_422,422,0.491481,0.687982,0.640471,0.824154,0.380918,0.651812
frame_423,423,0.497038,0.703402,0.634273,0.763893,0.426902,0.672112
frame_424,424,0.506918,0.746789,0.664137,0.807066,0.376718,0.637522
frame_425,425,0.499474,0.722521,0.672704,0.819491,0.389245,0.659212
frame_426,426,0.484721,0.685508,0.669562,0.806458,0.446657,0.725915
frame_427,427,0.469045,0.742163,0.648063,0.792772,0.432950,0.674787
frame_428,428,0.477084,0.671679,0.635237,0.805887,0.409484,0.623598
frame_429,429,0.479223,0.717195,0.663249,0.840300,0.404424,0.650461
frame_430,430,0.473221,0.685078,0.666830,0.810453,0.408378,0.673108
frame_431,431,0.559278,0.750115,0.678466,0.808219,0.398988,0.595354
frame_432,432,0.532892,0.764717,0.688653,0.785965,0.347088,0.617414
frame_433,433,0.462041,0.743038,0.693989,0.826675,0.381726,0.627706
frame_434,434,0.399445,0.705080,0.680793,0.812811,0.422046,0.614076
frame_435,435,0.357856,0.667530,0.686383,0.785143,0.415840,0.636019
frame_436,436,0.461592,0.660472,0.679025,0.798975,0.423066,0.616230
frame_437,437,0.510201,0.676307,0.706008,0.756284,0.405128,0.652050
frame_438,438,0.479401,0.712452,0.723743,0.762471,0.425956,0.700569
frame_439,439,0.450422,0.763400,0.697514,0.777705,0.437709,0.675135
frame_440,440,0.414884,0.735203,0.739089,0.815440,0.440553,0.635350
frame_441,441,0.448768,0.746437,0.658753,0.804339,0.468166,0.697078
frame_442,442,0.466389,0.741393,0.660714,0.759089,0.497971,0.675126
frame_443,443,0.463106,0.725830,0.609621,0.799978,0.453025,0.671663
frame_444,444,0.496287,0.744044,0.627110,0.839934,0.488152,0.692144
frame_445,445,0.435675,0.738260,0.624867,0.803753,0.484302,0.682861
frame_446,446,0.430645,0.777187,0.618962,0.819695,0.437704,0.702451
frame_447,447,0.481326,0.792958,0.645205,0.801727,0.421782,0.654796
frame_448,448,0.517655,0.766302,0.623845,0.801229,0.445558,0.694092
frame_449,449,0.487445,0.801458,0.610951,0.786929,0.413865,0.684426
frame_450,450,0.445467,0.798924,0.611266,0.816290,0.398265,0.654236
frame_451,451,0.508181,0.779920,0.582810,0.846668,0.421215,0.628513
frame_452,452,0.500437,0.754492,0.597828,0.821939,0.404787,0.656294
frame_453,453,0.523670,0.756253,0.615945,0.816397,0.419558,0.644922
frame_454,454,0.495366,0.768647,0.578464,0.811590,0.439684,0.662339
frame_455,455,0.530164,0.778310,0.620613,0.775223,0.429630,0.669701
frame_456,456,0.499156,0.745599,0.617387,0.734072,0.469994,0.607145
frame_457,457,0.464671,0.752055,0.575084,0.714795,0.462198,0.616295
frame_458,458,0.504511,0.721863,0.599051,0.745557,0.482323,0.620430
frame_459,459,0.489161,0.723317,0.605814,0.781488,0.489084,0.617158
frame_460,460,0.524374,0.741712,0.639224,0.759624,0.460024,0.626562
frame_461,461,0.468052,0.751251,0.625237,0.758638,0.497843,0.656065
frame_462,462,0.497882,0.796111,0.653128,0.767644,0.534922,0.623101
frame_463,463,0.484270,0.779323,0.671926,0.800646,0.529014,0.599332
frame_464,464,0.513281,0.801034,0.626908,0.837684,0.517127,0.657595
frame_465,465,0.525740,0.776518,0.639306,0.827358,0.485730,0.678740
frame_466,466,0.491992,0.787449,0.619681,0.800996,0.526359,0.720769
frame_467,467,0.578000,0.778272,0.600392,0.830665,0.530060,0.673040
frame_468,468,0.558548,0.764957,0.592158,0.821564,0.497430,0.742660
frame_469,469,0.550102,0.799663,0.593343,0.802968,0.478920,0.711032
frame_470,470,0.546463,0.778118,0.602149,0.805616,0.447189,0.655572
frame_471,471,0.504483,0.827604,0.611468,0.821827,0.478692,0.666781
frame_472,472,0.497870,0.836608,0.595524,0.827984,0.498345,0.668131
frame_473,473,0.469678,0.808070,0.584282,0.868253,0.496998,0.646731
frame_474,474,0.523700,0.851924,0.575484,0.838405,0.441610,0.626262
frame_475,475,0.529251,0.843672,0.574374,0.851995,0.478193,0.613710
frame_476,476,0.544235,0.827468,0.587995,0.848834,0.546555,0.637757
frame_477,477,0.521800,0.824221,0.578643,0.823875,0.510574,0.634438
frame_478,478,0.565447,0.850247,0.592336,0.857376,0.512027,0.609176
frame_479,479,0.553285,0.837986,0.559249,0.866877,0.429491,0.609464
frame_480,480,0.553901,0.805761,0.616897,0.840170,0.443573,0.596539
frame_481,481,0.534352,0.781386,0.574984,0.823927,0.438263,0.590298
frame_482,482,0.570085,0.761094,0.581860,0.836298,0.366830,0.580944
frame_483,483,0.538054,0.779202,0.587953,0.840467,0.378819,0.594134
frame_484,484,0.523938,0.749746,0.563243,0.822218,0.378523,0.646826
frame_485,485,0.487393,0.733884,0.571102,0.833951,0.449583,0.634426
frame_486,486,0.508829,0.716268,0.563871,0.837375,0.424713,0.597800
frame_487,487,0.477535,0.761441,0.621642,0.843527,0.349707,0.623295
frame_488,488,0.465892,0.735501,0.668401,0.814497,0.370423,0.627862
frame_489,489,0.517045,0.753542,0.656405,0.806435,0.450405,0.628298
frame_490,490,0.509388,0.740473,0.636119,0.813244,0.414179,0.637952
frame_491,491,0.510969,0.743539,0.668324,0.841283,0.355269,0.631893
frame_492,492,0.513924,0.751383,0.658677,0.838314,0.413836,0.662812
frame_493,493,0.515187,0.717479,0.645292,0.793894,0.383822,0.651402
frame_494,494,0.510694,0.712735,0.686747,0.812822,0.335401,0.646088
frame_495,495,0.505896,0.727447,0.699583,0.842193,0.352482,0.690668
frame_496,496,0.558825,0.753410,0.655106,0.798137,0.402905,0.665691
frame_497,497,0.548303,0.790820,0.692472,0.799213,0.421727,0.632468
frame_498,498,0.582265,0.714553,0.653469,0.843898,0.374725,0.630799
frame_499,499,0.560404,0.720082,0.659875,0.807732,0.450453,0.639080
frame_500,500,0.641514,0.739305,0.693537,0.851820,0.461083,0.632001
frame_501,501,0.599279,0.650697,0.655132,0.829949,0.458650,0.669486
frame_502,502,0.560854,0.699485,0.646724,0.808362,0.403721,0.622604
frame_503,503,0.526231,0.727837,0.678123,0.828143,0.390407,0.624036
frame_504,504,0.503829,0.718135,0.655578,0.818871,0.368284,0.590200
frame_505,505,0.529859,0.768722,0.657179,0.835543,0.393210,0.571432
frame_506,506,0.539881,0.782277,0.649366,0.796237,0.433955,0.525081
frame_507,507,0.549565,0.729171,0.644954,0.823935,0.440276,0.518033
frame_508,508,0.564861,0.742810,0.619006,0.819786,0.430790,0.619562
frame_509,509,0.581291,0.778666,0.632621,0.823395,0.445934,0.633317
frame_510,510,0.551717,0.745826,0.635180,0.806616,0.442613,0.624216
frame_511,511,0.540675,0.682815,0.596754,0.827177,0.430055,0.713476
frame_512,512,0.514490,0.746355,0.675022,0.807252,0.403141,0.603527
frame_513,513,0.492861,0.663872,0.584297,0.777553,0.416093,0.666464
frame_514,514,0.538308,0.710085,0.651177,0.780668,0.412318,0.613547
frame_515,515,0.561242,0.786628,0.688575,0.763008,0.400101,0.626149
frame_516,516,0.554918,0.728166,0.630642,0.827668,0.383707,0.590995
frame_517,517,0.551758,0.711507,0.589101,0.834723,0.405598,0.677042
frame_518,518,0.547442,0.746785,0.653669,0.784152,0.415180,0.601238
frame_519,519,0.549878,0.739287,0.582810,0.828892,0.490724,0.613507
frame_520,520,0.513790,0.680196,0.573310,0.814195,0.495659,0.648543
frame_521,521,0.487956,0.720815,0.641806,0.835484,0.448761,0.640318
frame_522,522,0.535016,0.702718,0.687750,0.777066,0.444848,0.636567
frame_523,523,0.538431,0.741016,0.649663,0.818434,0.434561,0.638078
frame_524,524,0.524912,0.724780,0.636657,0.830148,0.406718,0.617687
frame_525,525,0.530506,0.728650,0.668316,0.794157,0.404197,0.658863
frame_526,526,0.542146,0.725232,0.676835,0.822405,0.406856,0.616815
frame_527,527,0.516584,0.692824,0.703740,0.838666,0.411453,0.615642
frame_528,528,0.518485,0.711569,0.684470,0.820238,0.400016,0.613823
frame_529,529,0.513694,0.714518,0.699320,0.833147,0.418534,0.627367
frame_530,530,0.539291,0.672219,0.683960,0.850525,0.402032,0.586902
frame_531,531,0.522818,0.609876,0.679244,0.826908,0.437652,0.647603
frame_532,532,0.602327,0.701673,0.679925,0.827808,0.439742,0.558781
frame_533,533,0.573675,0.643252,0.686248,0.832550,0.451454,0.637068
frame_534,534,0.584083,0.663378,0.667296,0.800846,0.413421,0.595649
frame_535,535,0.547615,0.671095,0.680512,0.800035,0.472559,0.640830
frame_536,536,0.535672,0.702748,0.624990,0.824317,0.428904,0.650731
frame_537,537,0.565179,0.640618,0.673938,0.807029,0.400262,0.590836
frame_538,538,0.508017,0.706306,0.619833,0.806097,0.421696,0.633009
frame_539,539,0.572648,0.753789,0.621040,0.807351,0.408725,0.677265
frame_540,540,0.581011,0.692884,0.611856,0.783321,0.419138,0.680910
frame_541,541,0.620432,0.737947,0.610470,0.793958,0.443028,0.592069
frame_542,542,0.556132,0.695385,0.592212,0.760144,0.459715,0.644638
frame_543,543,0.601904,0.737683,0.617181,0.781124,0.465459,0.645685
frame_544,544,0.569690,0.668123,0.624276,0.787746,0.446349,0.589709
frame_545,545,0.514390,0.643254,0.517326,0.802758,0.467177,0.626874
frame_546,546,0.525172,0.637501,0.574546,0.804689,0.392844,0.577299
frame_547,547,0.571602,0.676095,0.633292,0.786664,0.403396,0.538998
frame_548,548,0.531911,0.643727,0.617375,0.807922,0.402621,0.557871
frame_549,549,0.560224,0.663964,0.660490,0.792477,0.374297,0.615970
frame_550,550,0.560832,0.685897,0.644370,0.810519,0.353381,0.614365
frame_551,551,0.544734,0.680615,0.599955,0.775402,0.320310,0.585746
frame_552,552,0.493445,0.686660,0.616765,0.749844,0.322040,0.615779
frame_553,553,0.542850,0.659308,0.621259,0.753801,0.374164,0.617763
frame_554,554,0.587073,0.665182,0.580262,0.708145,0.362993,0.667935
frame_555,555,0.556686,0.632611,0.552365,0.777564,0.391747,0.718215
frame_556,556,0.561858,0.634732,0.566006,0.787286,0.371776,0.685475
frame_557,557,0.567857,0.658178,0.592806,0.796793,0.390737,0.577245
frame_558,558,0.577678,0.688401,0.592066,0.752399,0.378506,0.563833
frame_559,559,0.514033,0.705581,0.601192,0.773099,0.349524,0.651126
frame_560,560,0.518963,0.747008,0.600438,0.768409,0.364270,0.607508
frame_561,561,0.567648,0.713670,0.598861,0.755479,0.402963,0.620319
frame_562,562,0.572790,0.716664,0.557094,0.779691,0.398990,0.590464
frame_563,563,0.591175,0.680289,0.593234,0.742765,0.390168,0.624087
frame_564,564,0.487337,0.738723,0.579706,0.740954,0.460301,0.624060
frame_565,565,0.552957,0.723276,0.608259,0.750679,0.397293,0.661592
frame_566,566,0.536028,0.725554,0.585326,0.746145,0.413808,0.636341
frame_567,567,0.525814,0.786594,0.644033,0.772385,0.393916,0.610069
frame_568,568,0.560358,0.810252,0.629503,0.746719,0.422735,0.590014
frame_569,569,0.473934,0.818796,0.657248,0.783767,0.395603,0.605876
frame_570,570,0.431546,0.819508,0.637049,0.807073,0.419813,0.623028
frame_571,571,0.402702,0.833311,0.604731,0.817317,0.430544,0.642920
frame_572,572,0.448753,0.799066,0.639849,0.814740,0.463604,0.652316
frame_573,573,0.439321,0.817602,0.629782,0.840071,0.402416,0.648382
frame_574,574,0.452921,0.793811,0.578175,0.777128,0.443732,0.589194
frame_575,575,0.437910,0.807577,0.581055,0.742745,0.476672,0.598385
frame_576,576,0.496175,0.792333,0.574985,0.752477,0.449393,0.551696
frame_577,577,0.425893,0.774177,0.575495,0.778017,0.420961,0.543796
frame_578,578,0.524913,0.787201,0.583953,0.802616,0.425766,0.552868
frame_579,579,0.506924,0.782281,0.626382,0.731046,0.443638,0.583222
frame_580,580,0.490719,0.816529,0.618285,0.714620,0.405795,0.596505
frame_581,581,0.489899,0.799165,0.619062,0.790741,0.440544,0.597243
frame_582,582,0.487502,0.780615,0.607403,0.743290,0.422323,0.618760
frame_583,583,0.532944,0.790929,0.595222,0.777128,0.453565,0.649520
frame_584,584,0.500872,0.797727,0.594519,0.792524,0.472252,0.633372
frame_585,585,0.481384,0.765182,0.609524,0.795351,0.471126,0.613271
frame_586,586,0.506644,0.822637,0.607933,0.759645,0.479460,0.648219
frame_587,587,0.542833,0.795872,0.605276,0.794381,0.451829,0.632483
frame_588,588,0.541800,0.792222,0.578353,0.782282,0.462069,0.683607
frame_589,589,0.573961,0.772417,0.594781,0.773927,0.484733,0.669942
frame_590,590,0.553342,0.749003,0.628306,0.792014,0.502802,0.670621
frame_591,591,0.584413,0.812405,0.645267,0.748369,0.469921,0.658542
frame_592,592,0.558666,0.730516,0.603055,0.820677,0.476107,0.612679
frame_593,593,0.565492,0.758015,0.626504,0.754787,0.485265,0.634155
frame_594,594,0.533567,0.729873,0.582442,0.828932,0.450593,0.611112
frame_595,595,0.520330,0.751435,0.619532,0.773985,0.473968,0.575612
frame_596,596,0.511697,0.778456,0.591943,0.784556,0.440150,0.605063
frame_597,597,0.533498,0.806250,0.571992,0.800679,0.458754,0.600076
frame_598,598,0.493843,0.791591,0.582401,0.814446,0.485615,0.635560
frame_599,599,0.525265,0.776592,0.567082,0.803019,0.494274,0.629742
frame_600,600,0.545618,0.801912,0.543882,0.788759,0.471969,0.592666
frame_601,601,0.543411,0.814264,0.597972,0.752926,0.490474,0.617817
frame_602,602,0.543638,0.793188,0.505517,0.792671,0.479608,0.646770
frame_603,603,0.528807,0.828146,0.566725,0.767280,0.496087,0.663396
frame_604,604,0.548575,0.797438,0.564467,0.774698,0.478556,0.672080
frame_605,605,0.485065,0.835259,0.588166,0.794839,0.465201,0.634058
frame_606,606,0.453255,0.819029,0.609536,0.763132,0.442869,0.597494
frame_607,607,0.465602,0.814517,0.575631,0.781590,0.422597,0.593433
frame_608,608,0.548503,0.814781,0.577795,0.811310,0.486028,0.659012
frame_609,609,0.508026,0.781817,0.644450,0.809337,0.507264,0.592034
frame_610,610,0.503094,0.730695,0.566128,0.799270,0.482767,0.628648
frame_611,611,0.487097,0.727772,0.596628,0.782085,0.470777,0.626027
frame_612,612,0.507137,0.737512,0.578155,0.713860,0.495284,0.544453
frame_613,613,0.555412,0.723570,0.571821,0.747032,0.419908,0.616565
frame_614,614,0.525823,0.728568,0.587666,0.748607,0.419908,0.586847
frame_615,615,0.497397,0.730667,0.667059,0.784333,0.398324,0.563722
frame_616,616,0.492321,0.709372,0.616541,0.748732,0.456075,0.615142
frame_617,617,0.557080,0.733563,0.665697,0.729746,0.432519,0.638455
frame_618,618,0.554406,0.735394,0.644439,0.781444,0.443316,0.628477
frame_619,619,0.565810,0.752123,0.671461,0.752070,0.438965,0.628774
frame_620,620,0.566185,0.711528,0.675053,0.688726,0.431729,0.649485
frame_621,621,0.529957,0.680578,0.659432,0.723062,0.430516,0.669382
frame_622,622,0.488684,0.710059,0.653481,0.767868,0.429012,0.664535
frame_623,623,0.525400,0.736548,0.691941,0.750681,0.448158,0.590254
frame_624,624,0.563703,0.736842,0.661052,0.749738,0.444451,0.636541
frame_625,625,0.509125,0.719556,0.662240,0.748700,0.361887,0.600641
frame_626,626,0.496073,0.712671,0.626379,0.767480,0.448269,0.649390
frame_627,627,0.500197,0.710336,0.610827,0.752361,0.413859,0.610191
frame_628,628,0.489158,0.736275,0.613961,0.758742,0.384397,0.511627
frame_629,629,0.512003,0.746963,0.630308,0.705992,0.433328,0.637055
frame_630,630,0.510316,0.734955,0.658903,0.775504,0.404669,0.587353
frame_631,631,0.451584,0.682291,0.645481,0.782888,0.410168,0.631193
frame_632,632,0.492261,0.708357,0.620790,0.798730,0.455802,0.592511
frame_633,633,0.462759,0.733130,0.668092,0.782363,0.422072,0.624923
frame_634,634,0.411741,0.779272,0.640342,0.795907,0.428075,0.612555
frame_635,635,0.429042,0.803669,0.607689,0.742518,0.450867,0.615649
frame_636,636,0.419212,0.784797,0.598607,0.764656,0.400622,0.607490
frame_637,637,0.409806,0.781555,0.620638,0.803498,0.401379,0.614512
frame_638,638,0.429145,0.814022,0.614859,0.807878,0.453235,0.620273
frame_639,639,0.373328,0.843050,0.625176,0.815764,0.452180,0.573622
frame_640,640,0.358110,0.833412,0.637930,0.793933,0.454704,0.582969
frame_641,641,0.335494,0.805626,0.619373,0.825678,0.402916,0.607516
frame_642,642,0.372239,0.798463,0.644742,0.791012,0.431845,0.595569
frame_643,643,0.442099,0.792260,0.640339,0.773426,0.456412,0.525541
frame_644,644,0.455117,0.750019,0.605095,0.795193,0.457994,0.618301
frame_645,645,0.418016,0.745073,0.594835,0.800927,0.484539,0.619464
frame_646,646,0.439490,0.731802,0.620135,0.789249,0.434060,0.572070
frame_647,647,0.420393,0.732900,0.602308,0.830748,0.454923,0.614808
frame_648,648,0.455073,0.729914,0.615592,0.833660,0.453946,0.635582
frame_649,649,0.407695,0.707692,0.610673,0.837390,0.422119,0.594277
frame_650,650,0.486073,0.731522,0.626164,0.818514,0.421095,0.616691
frame_651,651,0.435190,0.711734,0.640009,0.817899,0.425804,0.564891
frame_652,652,0.455015,0.717778,0.679291,0.813847,0.398339,0.551917
frame_653,653,0.446752,0.679463,0.664233,0.850943,0.415077,0.582855
frame_654,654,0.457282,0.707301,0.637385,0.843508,0.377120,0.569587
frame_655,655,0.490562,0.670531,0.626081,0.844359,0.413470,0.632708
frame_656,656,0.555122,0.731347,0.645816,0.845172,0.457445,0.649103
frame_657,657,0.537433,0.780059,0.640301,0.855552,0.464536,0.618884
frame_658,658,0.535322,0.784567,0.655452,0.850325,0.515050,0.636577
frame_659,659,0.477615,0.842625,0.667593,0.840594,0.501191,0.615229
frame_660,660,0.513331,0.771699,0.642532,0.814140,0.462179,0.652229
frame_661,661,0.459955,0.787516,0.646326,0.817061,0.418522,0.566096
frame_662,662,0.445584,0.787573,0.570326,0.772813,0.379460,0.592169
frame_663,663,0.471144,0.808555,0.546062,0.779691,0.444657,0.631946
frame_664,664,0.441734,0.839386,0.623124,0.813574,0.432729,0.586036
frame_665,665,0.493012,0.795025,0.555745,0.866061,0.450047,0.660033
frame_666,666,0.530216,0.754803,0.657257,0.797655,0.474050,0.596887
frame_667,667,0.415134,0.773022,0.587802,0.794811,0.448141,0.556482
frame_668,668,0.418253,0.816442,0.586817,0.798063,0.433369,0.596732
frame_669,669,0.454321,0.819771,0.634919,0.770224,0.435756,0.632600
frame_670,670,0.454566,0.751481,0.649553,0.759751,0.427097,0.569649
frame_671,671,0.445989,0.744694,0.675852,0.807296,0.444612,0.553859
frame_672,672,0.390571,0.755817,0.641094,0.814447,0.466888,0.603845
frame_673,673,0.398165,0.770571,0.671906,0.803725,0.427981,0.579246
frame_674,674,0.413882,0.776487,0.583229,0.823433,0.473399,0.595606
frame_675,675,0.435523,0.812296,0.644688,0.791722,0.473759,0.554832
frame_676,676,0.513693,0.773833,0.643653,0.765666,0.442589,0.529529
frame_677,677,0.496351,0.774908,0.643604,0.741415,0.435507,0.547450
frame_678,678,0.480970,0.762419,0.627312,0.766876,0.455510,0.565023
frame_679,679,0.502044,0.781596,0.654476,0.773177,0.436404,0.603521
frame_680,680,0.529495,0.783966,0.667689,0.774689,0.480443,0.589463
frame_681,681,0.538029,0.806999,0.669766,0.765959,0.465589,0.611261
frame_682,682,0.478978,0.785996,0.673228,0.739398,0.488179,0.618453
frame_683,683,0.493791,0.825568,0.633244,0.766221,0.473273,0.590394
frame_684,684,0.463683,0.798406,0.623919,0.833820,0.512304,0.669578
frame_685,685,0.456714,0.804561,0.661692,0.749228,0.435704,0.586544
frame_686,686,0.502514,0.764643,0.666674,0.758912,0.470605,0.620938
frame_687,687,0.478921,0.746039,0.634639,0.771745,0.428833,0.621079
frame_688,688,0.470682,0.745858,0.654704,0.770401,0.452742,0.608189
frame_689,689,0.486252,0.758856,0.624986,0.778069,0.430625,0.588021
frame_690,690,0.460649,0.793588,0.625456,0.763183,0.439247,0.586174
frame_691,691,0.515669,0.760881,0.607371,0.766240,0.490164,0.650301
frame_692,692,0.541961,0.762724,0.629361,0.770570,0.408707,0.615859
frame_693,693,0.513286,0.781599,0.582292,0.775122,0.430039,0.622677
frame_694,694,0.462002,0.746778,0.590003,0.732734,0.432434,0.648004
frame_695,695,0.538724,0.726821,0.567868,0.780691,0.427981,0.670390
frame_696,696,0.475474,0.824036,0.653298,0.822436,0.388609,0.687768
frame_697,697,0.384706,0.802895,0.646904,0.851543,0.323308,0.696068
frame_698,698,0.489138,0.770827,0.628460,0.822124,0.400832,0.636301
frame_699,699,0.490205,0.757385,0.637036,0.829257,0.341557,0.581808
frame_700,700,0.483798,0.735229,0.653916,0.846547,0.350043,0.578672
frame_701,701,0.542940,0.763741,0.622318,0.830943,0.381876,0.532908
frame_702,702,0.513604,0.733356,0.626677,0.810485,0.420292,0.557740
frame_703,703,0.523637,0.696629,0.593395,0.830392,0.424570,0.516957
frame_704,704,0.558879,0.736177,0.635596,0.820927,0.455145,0.540794
frame_705,705,0.542626,0.727385,0.577011,0.850425,0.494831,0.599104
frame_706,706,0.519356,0.682405,0.579544,0.792421,0.485370,0.577598
frame_707,707,0.518478,0.704050,0.601149,0.756543,0.463696,0.622343
frame_708,708,0.523157,0.660362,0.679534,0.786890,0.408762,0.592373
frame_709,709,0.533098,0.652875,0.661768,0.760480,0.415758,0.633366
frame_710,710,0.543279,0.644701,0.639847,0.778681,0.397038,0.610266
frame_711,711,0.536511,0.633990,0.601489,0.801331,0.465268,0.633084
frame_712,712,0.539486,0.624343,0.652506,0.754340,0.476346,0.639417
frame_713,713,0.591266,0.672805,0.609455,0.784310,0.478363,0.695980
frame_714,714,0.553386,0.626635,0.603327,0.810025,0.458722,0.656882
frame_715,715,0.570703,0.619834,0.638124,0.790527,0.483092,0.647864
frame_716,716,0.538366,0.680612,0.588084,0.786046,0.474544,0.666915
frame_717,717,0.529602,0.713766,0.538517,0.787574,0.481158,0.645633
frame_718,718,0.548810,0.724168,0.597269,0.844902,0.443265,0.666129
frame_719,719,0.550302,0.731804,0.592342,0.774700,0.420114,0.651415
frame_720,720,0.568606,0.758290,0.593342,0.796714,0.446059,0.619840
frame_721,721,0.605034,0.758163,0.617760,0.825879,0.466928,0.604489
frame_722,722,0.587468,0.775980,0.602132,0.826595,0.448862,0.576542
frame_723,723,0.602002,0.708886,0.606470,0.808944,0.520852,0.605374
frame_724,724,0.520737,0.785444,0.636621,0.841196,0.474654,0.533243
frame_725,725,0.526551,0.798248,0.638358,0.847165,0.404930,0.522676
frame_726,726,0.595400,0.797146,0.652208,0.844136,0.407349,0.546261
frame_727,727,0.518318,0.781256,0.653419,0.816234,0.428947,0.560429
frame_728,728,0.458244,0.765686,0.620694,0.846578,0.441123,0.526144
frame_729,729,0.470964,0.793660,0.612922,0.835576,0.446812,0.556637
frame_730,730,0.447115,0.777083,0.573205,0.803270,0.455987,0.624528
frame_731,731,0.384627,0.767922,0.597534,0.809763,0.438315,0.597222
frame_732,732,0.448049,0.779090,0.601782,0.832877,0.456672,0.597959
frame_733,733,0.446256,0.759447,0.599318,0.853562,0.485161,0.566083
frame_734,734,0.478744,0.717014,0.602489,0.819081,0.438286,0.616110
frame_735,735,0.468252,0.740811,0.613563,0.821855,0.430568,0.635433
frame_736,736,0.482909,0.788262,0.551007,0.870813,0.415666,0.667064
frame_737,737,0.496629,0.762374,0.555226,0.860154,0.380486,0.589315
frame_738,738,0.505986,0.751920,0.514089,0.818030,0.366353,0.533473
frame_739,739,0.542778,0.746292,0.521499,0.804673,0.323182,0.551923
frame_740,740,0.579678,0.775419,0.561685,0.771405,0.373116,0.555080
frame_741,741,0.540132,0.732065,0.546503,0.775742,0.396134,0.531359
frame_742,742,0.509545,0.720426,0.572347,0.778354,0.425548,0.576594
frame_743,743,0.526645,0.733470,0.588632,0.788869,0.423484,0.588763
frame_744,744,0.535825,0.697481,0.526020,0.798035,0.472666,0.634274
frame_745,745,0.542054,0.730149,0.582972,0.794008,0.462012,0.621903
frame_746,746,0.535156,0.738490,0.559646,0.757298,0.460380,0.640215
frame_747,747,0.523378,0.776030,0.581576,0.839405,0.472892,0.632090
frame_748,748,0.536480,0.766572,0.606098,0.829436,0.473415,0.625662
frame_749,749,0.515057,0.750889,0.572798,0.801409,0.449568,0.593665
frame_750,750,0.495215,0.731559,0.563091,0.805436,0.417410,0.568608
frame_751,751,0.440510,0.752502,0.599183,0.775182,0.437134,0.558680
frame_752,752,0.462982,0.792449,0.598027,0.789469,0.476923,0.574355
frame_753,753,0.407684,0.733709,0.594179,0.784258,0.436836,0.557503
frame_754,754,0.427484,0.717957,0.518553,0.796760,0.423523,0.628150
frame_755,755,0.467406,0.703763,0.591337,0.782418,0.454431,0.582658
frame_756,756,0.418648,0.719602,0.603026,0.775235,0.383348,0.573055
frame_757,757,0.391255,0.676456,0.597709,0.851484,0.383077,0.699168
frame_758,758,0.393663,0.665940,0.575409,0.745489,0.441445,0.608382
frame_759,759,0.459360,0.653555,0.554093,0.827044,0.443179,0.580522
frame_760,760,0.468012,0.658234,0.541993,0.845522,0.442974,0.621079
frame_761,761,0.509260,0.656108,0.543055,0.765562,0.444866,0.564020
frame_762,762,0.475347,0.678545,0.638703,0.824991,0.441720,0.577487
frame_763,763,0.478658,0.697255,0.643617,0.819545,0.358697,0.603275
frame_764,764,0.438946,0.704849,0.585873,0.834550,0.431267,0.619076
frame_765,765,0.435395,0.675569,0.610382,0.842810,0.476264,0.630801
frame_766,766,0.424086,0.724415,0.584648,0.829513,0.450405,0.601506
frame_767,767,0.431641,0.716189,0.604802,0.769441,0.421174,0.613577
frame_768,768,0.459376,0.670546,0.637759,0.811929,0.440012,0.589256
frame_769,769,0.457011,0.704720,0.642844,0.792845,0.365159,0.621368
frame_770,770,0.474890,0.753785,0.649731,0.798830,0.363578,0.618682
frame_771,771,0.504270,0.756054,0.658780,0.816578,0.373010,0.600769
frame_772,772,0.485784,0.743338,0.659441,0.758689,0.368724,0.602284
frame_773,773,0.519503,0.722569,0.655002,0.782784,0.350884,0.626905
frame_774,774,0.527474,0.749389,0.637681,0.802658,0.358701,0.670945
frame_775,775,0.548319,0.746837,0.656078,0.811684,0.376256,0.621802
frame_776,776,0.482698,0.760426,0.637139,0.827669,0.369419,0.616066
frame_777,777,0.440672,0.749303,0.606390,0.813315,0.440800,0.547017
frame_778,778,0.446537,0.722020,0.610408,0.806442,0.476022,0.590411
frame_779,779,0.472193,0.751559,0.614169,0.780972,0.414530,0.596522
frame_780,780,0.490062,0.810800,0.632486,0.775152,0.447459,0.575684
frame_781,781,0.465146,0.763950,0.594353,0.819064,0.424574,0.589457
frame_782,782,0.544143,0.747315,0.614427,0.765887,0.405771,0.614721
frame_783,783,0.476855,0.782890,0.562793,0.743136,0.487212,0.578061
frame_784,784,0.517259,0.825409,0.568504,0.799415,0.429735,0.548327
frame_785,785,0.434091,0.847698,0.640399,0.779611,0.398087,0.549770
frame_786,786,0.481703,0.869604,0.552249,0.752532,0.442642,0.571728
frame_787,787,0.493234,0.857290,0.551408,0.742966,0.463193,0.556557
frame_788,788,0.492807,0.799976,0.579070,0.762456,0.444503,0.584209
frame_789,789,0.472535,0.806550,0.600566,0.738649,0.440043,0.580288
frame_790,790,0.518375,0.792738,0.590615,0.734219,0.455137,0.545925
frame_791,791,0.453640,0.778549,0.613734,0.781133,0.442015,0.636147
frame_792,792,0.462289,0.760539,0.634649,0.775787,0.404909,0.612243
frame_793,793,0.501406,0.775992,0.642492,0.754652,0.464682,0.623523
frame_794,794,0.422910,0.805330,0.616222,0.777158,0.451479,0.586397
frame_795,795,0.451107,0.787968,0.639645,0.739831,0.457888,0.597544
frame_796,796,0.500835,0.791982,0.631507,0.677142,0.517054,0.619693
frame_797,797,0.507767,0.767934,0.619434,0.721537,0.465357,0.577484
frame_798,798,0.515795,0.808200,0.625608,0.768925,0.487743,0.616647
frame_799,799,0.507045,0.780837,0.613226,0.780839,0.435187,0.595357
frame_800,800,0.513606,0.801355,0.581697,0.787847,0.492608,0.631432
frame_801,801,0.499447,0.779898,0.594412,0.806089,0.484976,0.666460
frame_802,802,0.481110,0.820402,0.601169,0.796880,0.483182,0.632486
frame_803,803,0.495243,0.831448,0.616259,0.789843,0.486508,0.652124
frame_804,804,0.477491,0.826894,0.649436,0.838244,0.462678,0.629878
frame_805,805,0.502580,0.852714,0.654464,0.819966,0.491888,0.634700
frame_806,806,0.526740,0.797691,0.635565,0.818032,0.464037,0.603546
frame_807,807,0.468232,0.805868,0.637114,0.814374,0.437481,0.597533
frame_808,808,0.455631,0.830355,0.644076,0.824973,0.451589,0.603513
frame_809,809,0.459506,0.811110,0.692863,0.829714,0.477412,0.624468
frame_810,810,0.495383,0.811561,0.668584,0.805401,0.496883,0.623770
frame_811,811,0.495606,0.806502,0.674714,0.801169,0.494061,0.590426
frame_812,812,0.523143,0.798658,0.713796,0.783414,0.471258,0.634539
frame_813,813,0.524698,0.748213,0.703172,0.779476,0.465699,0.610915
frame_814,814,0.514646,0.758222,0.634035,0.790935,0.537781,0.564970
frame_815,815,0.546199,0.805477,0.612083,0.786778,0.527621,0.610221
frame_816,816,0.525093,0.810252,0.627668,0.807007,0.493438,0.577402
frame_817,817,0.514659,0.838627,0.581689,0.824221,0.457973,0.626546
frame_818,818,0.551185,0.800731,0.628860,0.828570,0.430136,0.564829
frame_819,819,0.501329,0.735958,0.618116,0.801277,0.458458,0.589257
frame_820,820,0.544689,0.818858,0.633588,0.789562,0.452533,0.590281
frame_821,821,0.536430,0.739434,0.609654,0.803984,0.471299,0.599740
frame_822,822,0.601402,0.766653,0.589628,0.803998,0.488318,0.602512
frame_823,823,0.527781,0.767722,0.599435,0.788308,0.452772,0.612050
frame_824,824,0.548187,0.764546,0.620588,0.786713,0.424607,0.643708
frame_825,825,0.573025,0.761397,0.605390,0.777130,0.442748,0.630728
frame_826,826,0.564115,0.709192,0.580279,0.771407,0.427101,0.631065
frame_827,827,0.559341,0.755730,0.598282,0.776205,0.405335,0.621242
frame_828,828,0.524403,0.751807,0.591482,0.798624,0.412544,0.598924
frame_829,829,0.503025,0.747601,0.579305,0.802156,0.426100,0.615214
frame_830,830,0.513416,0.751170,0.609451,0.800679,0.431131,0.585140
frame_831,831,0.511617,0.743963,0.605418,0.814539,0.422485,0.584732
frame_832,832,0.548373,0.734863,0.612121,0.804521,0.440130,0.593943
frame_833,833,0.534897,0.763335,0.606415,0.810493,0.448722,0.607029
frame_834,834,0.534731,0.756350,0.568645,0.851291,0.440788,0.607733
frame_835,835,0.534733,0.788767,0.610159,0.804266,0.468147,0.590673
frame_836,836,0.565544,0.759299,0.589697,0.758251,0.420045,0.586414
frame_837,837,0.547873,0.744962,0.615547,0.788913,0.449570,0.618761
frame_838,838,0.552178,0.758886,0.588987,0.783529,0.466136,0.600869
frame_839,839,0.555918,0.762259,0.598396,0.790859,0.403130,0.573089
frame_840,840,0.555609,0.796458,0.577856,0.746875,0.453528,0.547488
frame_841,841,0.579984,0.754192,0.555537,0.763206,0.436100,0.543564
frame_842,842,0.576552,0.783432,0.586188,0.782013,0.461177,0.608488
frame_843,843,0.593681,0.783820,0.586805,0.768766,0.432363,0.590499
frame_844,844,0.571296,0.768807,0.618479,0.791997,0.454369,0.581727
frame_845,845,0.579841,0.773350,0.623435,0.811880,0.440176,0.542652
frame_846,846,0.617337,0.747817,0.595729,0.795009,0.441141,0.571107
frame_847,847,0.578291,0.778503,0.587942,0.781814,0.460853,0.566389
frame_848,848,0.538870,0.788997,0.618377,0.800552,0.464135,0.542558
frame_849,849,0.577248,0.764343,0.625459,0.813832,0.464509,0.605021
frame_850,850,0.588115,0.787520,0.634268,0.825510,0.421672,0.589532
frame_851,851,0.552917,0.790434,0.619034,0.817380,0.449120,0.599095
frame_852,852,0.544668,0.814525,0.617788,0.862139,0.417546,0.602512
frame_853,853,0.562876,0.793763,0.609043,0.842475,0.401937,0.598426
frame_854,854,0.576917,0.826767,0.615097,0.861852,0.459769,0.638070
frame_855,855,0.582213,0.841856,0.604995,0.847108,0.431459,0.643294
frame_856,856,0.580427,0.815172,0.601234,0.801678,0.446820,0.631040
frame_857,857,0.562261,0.791622,0.615337,0.784487,0.456786,0.658147
frame_858,858,0.576415,0.779305,0.643441,0.809001,0.458778,0.636203
frame_859,859,0.592374,0.788964,0.642996,0.780586,0.455141,0.624498
frame_860,860,0.576060,0.781470,0.612852,0.752993,0.473841,0.582813
frame_861,861,0.528260,0.758264,0.628041,0.772440,0.433107,0.583905
frame_862,862,0.498951,0.735613,0.612844,0.766820,0.429412,0.599686
frame_863,863,0.510524,0.730496,0.595699,0.843347,0.445672,0.583644
frame_864,864,0.462520,0.761889,0.618020,0.833387,0.433244,0.573852
frame_865,865,0.466437,0.743826,0.612397,0.856146,0.415785,0.591101
frame_866,866,0.431027,0.781730,0.604295,0.849017,0.399662,0.632588
frame_867,867,0.431141,0.756738,0.547290,0.811042,0.428670,0.647787
frame_868,868,0.468759,0.740130,0.574352,0.802798,0.448640,0.646450
frame_869,869,0.499517,0.733493,0.567680,0.789258,0.449331,0.628675
frame_870,870,0.475265,0.727640,0.538990,0.829618,0.433251,0.608283
frame_871,871,0.506667,0.705160,0.592440,0.848374,0.472988,0.634395
frame_872,872,0.525550,0.728290,0.581166,0.833333,0.426106,0.581557
frame_873,873,0.555723,0.691366,0.585246,0.821588,0.422743,0.632766
frame_874,874,0.534571,0.727773,0.590739,0.781438,0.394945,0.610159
frame_875,875,0.545014,0.787689,0.591514,0.763599,0.391722,0.616182
frame_876,876,0.498987,0.739799,0.575738,0.790569,0.384159,0.617598
frame_877,877,0.501861,0.745198,0.635298,0.802386,0.444716,0.617085
frame_878,878,0.426227,0.754167,0.651645,0.811721,0.410535,0.612538
frame_879,879,0.444702,0.678807,0.645557,0.773202,0.407921,0.572228
frame_880,880,0.456091,0.637495,0.680197,0.796667,0.390361,0.635278
frame_881,881,0.436654,0.616088,0.608689,0.764451,0.416288,0.611986
frame_882,882,0.471174,0.653702,0.655903,0.762739,0.442313,0.537931
frame_883,883,0.468529,0.696227,0.650916,0.833268,0.384126,0.538440
frame_884,884,0.421241,0.734644,0.604271,0.816860,0.416740,0.566151
frame_885,885,0.413765,0.723521,0.634420,0.830490,0.355130,0.545505
frame_886,886,0.470527,0.681943,0.631102,0.790500,0.376219,0.549527
frame_887,887,0.494180,0.680932,0.670969,0.790484,0.433456,0.566363
frame_888,888,0.464519,0.706456,0.630945,0.745147,0.491030,0.606943
frame_889,889,0.543537,0.682084,0.640355,0.780677,0.433438,0.590928
frame_890,890,0.477109,0.641156,0.649763,0.807530,0.411880,0.548472
frame_891,891,0.455944,0.706015,0.671487,0.818108,0.376736,0.566736
frame_892,892,0.475210,0.667172,0.605375,0.835097,0.440751,0.599476
frame_893,893,0.492162,0.697722,0.668362,0.841159,0.402340,0.609730
frame_894,894,0.473450,0.712480,0.713506,0.840570,0.342366,0.516096
frame_895,895,0.483700,0.696074,0.631806,0.842637,0.404560,0.612804
frame_896,896,0.453506,0.686833,0.583291,0.881797,0.404694,0.626253
frame_897,897,0.480805,0.629511,0.558520,0.846815,0.456731,0.667460
frame_898,898,0.472009,0.638483,0.655297,0.863717,0.384652,0.640850
frame_899,899,0.496569,0.706161,0.609414,0.818359,0.464457,0.632364
frame_900,900,0.484044,0.691329,0.594638,0.851260,0.480772,0.636184
frame_901,901,0.493181,0.669909,0.627751,0.866989,0.437797,0.635534
frame_902,902,0.502768,0.651572,0.623999,0.826251,0.337737,0.685068
frame_903,903,0.534654,0.708923,0.622028,0.814203,0.411682,0.652968
frame_904,904,0.508964,0.701993,0.595260,0.831547,0.434923,0.579595
frame_905,905,0.480842,0.702843,0.530289,0.796896,0.437270,0.669440
frame_906,906,0.439834,0.673564,0.513806,0.818058,0.483194,0.671285
frame_907,907,0.499022,0.759012,0.597473,0.800378,0.406386,0.620942
frame_908,908,0.437573,0.743136,0.541230,0.843536,0.422255,0.667315
frame_909,909,0.522446,0.734917,0.605890,0.802771,0.398443,0.626162
frame_910,910,0.550874,0.714089,0.570360,0.779267,0.387799,0.673865
frame_911,911,0.506595,0.703366,0.610031,0.798346,0.416192,0.669542
frame_912,912,0.452007,0.674850,0.556569,0.831906,0.408777,0.666947
frame_913,913,0.472391,0.680553,0.610189,0.820781,0.414835,0.626349
frame_914,914,0.469260,0.751947,0.549736,0.799169,0.433210,0.578628
frame_915,915,0.453130,0.686345,0.539484,0.771619,0.387679,0.629011
frame_916,916,0.471998,0.709612,0.499314,0.793176,0.427706,0.618707
frame_917,917,0.435614,0.780940,0.540055,0.805483,0.467568,0.603496
frame_918,918,0.445459,0.708826,0.537963,0.794869,0.424958,0.614441
frame_919,919,0.414826,0.758021,0.518506,0.821737,0.440019,0.617547
frame_920,920,0.459880,0.740482,0.541297,0.795192,0.416665,0.587188
frame_921,921,0.459058,0.694399,0.520360,0.795849,0.400885,0.561598
frame_922,922,0.460713,0.712618,0.537464,0.826816,0.380647,0.556226
frame_923,923,0.467321,0.689867,0.520946,0.811197,0.390249,0.512941
frame_924,924,0.366630,0.675465,0.439632,0.838583,0.401598,0.569498
frame_925,925,0.375087,0.731119,0.485589,0.830806,0.331292,0.582126
frame_926,926,0.361371,0.761774,0.575378,0.783669,0.315239,0.578105
frame_927,927,0.402851,0.760326,0.532022,0.822697,0.383693,0.543392
frame_928,928,0.481065,0.769405,0.523213,0.864632,0.348456,0.476463
frame_929,929,0.430332,0.824025,0.531167,0.811387,0.359973,0.577450
frame_930,930,0.443458,0.831152,0.602012,0.780380,0.414824,0.605740
frame_931,931,0.424066,0.863880,0.579511,0.811968,0.415737,0.594979
frame_932,932,0.378585,0.842868,0.610133,0.761983,0.415290,0.577860
frame_933,933,0.407989,0.841020,0.625991,0.787857,0.391337,0.541844
frame_934,934,0.449061,0.838258,0.592602,0.840292,0.409406,0.543631
frame_935,935,0.468956,0.843287,0.636626,0.824770,0.433966,0.524383
frame_936,936,0.492252,0.863417,0.643251,0.816532,0.393930,0.522943
frame_937,937,0.495701,0.837555,0.599414,0.794251,0.395798,0.511716
frame_938,938,0.440060,0.825800,0.551450,0.815880,0.439989,0.548030
frame_939,939,0.467194,0.848517,0.588693,0.821781,0.451240,0.493497
frame_940,940,0.459617,0.881804,0.617024,0.802577,0.428028,0.472126
frame_941,941,0.405297,0.831267,0.548337,0.847276,0.458520,0.601338
frame_942,942,0.457468,0.781657,0.581630,0.806112,0.440695,0.695574
frame_943,943,0.412762,0.854908,0.640153,0.845355,0.421661,0.599185
frame_944,944,0.444705,0.865146,0.591978,0.844940,0.373627,0.619947
frame_945,945,0.408081,0.838736,0.593334,0.831742,0.353351,0.609328
frame_946,946,0.394861,0.802844,0.572847,0.835711,0.397363,0.558227
frame_947,947,0.409979,0.800351,0.613085,0.867101,0.364174,0.604721
frame_948,948,0.389428,0.817181,0.579142,0.832787,0.335197,0.578599
frame_949,949,0.409245,0.819410,0.553116,0.842622,0.394846,0.512781
frame_950,950,0.426085,0.824502,0.569405,0.852203,0.395497,0.541621
frame_951,951,0.392018,0.806454,0.576804,0.859098,0.449096,0.591132
frame_952,952,0.389849,0.797129,0.634367,0.836132,0.456827,0.569919
frame_953,953,0.418334,0.739817,0.605964,0.804000,0.429238,0.601849
frame_954,954,0.452257,0.791652,0.639611,0.786650,0.429652,0.572067
frame_955,955,0.393645,0.744910,0.593233,0.787178,0.436210,0.583859
frame_956,956,0.427261,0.759379,0.593998,0.736988,0.387095,0.567701
frame_957,957,0.416618,0.751870,0.640589,0.788407,0.413732,0.550376
frame_958,958,0.422921,0.744007,0.631794,0.770633,0.412758,0.581377
frame_959,959,0.443796,0.782883,0.584063,0.832935,0.445898,0.592750
frame_960,960,0.476906,0.771356,0.631909,0.774879,0.443011,0.548983
frame_961,961,0.488240,0.798681,0.614019,0.777376,0.391887,0.538769
frame_962,962,0.466216,0.741305,0.602384,0.807746,0.362894,0.555863
frame_963,963,0.458539,0.734638,0.658222,0.787026,0.376498,0.594116
frame_964,964,0.446652,0.766847,0.653053,0.781688,0.397902,0.637266
frame_965,965,0.517874,0.776353,0.629717,0.744319,0.425692,0.606587
frame_966,966,0.531848,0.772399,0.610559,0.780650,0.451954,0.643843
frame_967,967,0.523140,0.745952,0.625706,0.743961,0.515327,0.611746
frame_968,968,0.578478,0.746551,0.643156,0.728886,0.470246,0.634661
frame_969,969,0.575554,0.746654,0.634096,0.737562,0.505921,0.623729
frame_970,970,0.567444,0.780303,0.615162,0.738940,0.473863,0.629520
frame_971,971,0.527357,0.803405,0.598295,0.765863,0.498131,0.625619
frame_972,972,0.522601,0.765535,0.569951,0.775206,0.501871,0.609380
frame_973,973,0.561253,0.780060,0.639236,0.776633,0.482592,0.593932
frame_974,974,0.485346,0.781609,0.591315,0.778687,0.516644,0.590271
frame_975,975,0.535507,0.798864,0.629925,0.775947,0.483423,0.591550
frame_976,976,0.495791,0.813952,0.637019,0.773603,0.438541,0.568735
frame_977,977,0.491754,0.798998,0.598299,0.821238,0.514278,0.583001
frame_978,978,0.527714,0.795452,0.598144,0.757720,0.466058,0.581330
frame_979,979,0.508787,0.749811,0.626108,0.782288,0.450044,0.567135
frame_980,980,0.474020,0.737454,0.609370,0.796421,0.458910,0.571647
frame_981,981,0.534007,0.727563,0.646025,0.723288,0.490238,0.563959
frame_982,982,0.475824,0.802676,0.656772,0.752203,0.459850,0.522793
frame_983,983,0.514672,0.764287,0.653690,0.780236,0.446133,0.523603
frame_984,984,0.499831,0.763048,0.652659,0.790090,0.433617,0.521288
frame_985,985,0.539773,0.774371,0.647782,0.792309,0.442309,0.521272
frame_986,986,0.500626,0.781594,0.642154,0.813942,0.461384,0.539657
frame_987,987,0.471617,0.780475,0.604493,0.746738,0.477920,0.560277
frame_988,988,0.491064,0.821469,0.602849,0.772159,0.482779,0.577900
frame_989,989,0.481371,0.791456,0.623829,0.758263,0.494806,0.533229
frame_990,990,0.490894,0.824026,0.575914,0.774506,0.450097,0.552652
frame_991,991,0.505105,0.841262,0.630772,0.739261,0.474499,0.530035
frame_992,992,0.472178,0.841166,0.634046,0.735625,0.423545,0.528927
frame_993,993,0.498395,0.828781,0.577900,0.760154,0.456111,0.527068
frame_994,994,0.480798,0.788678,0.592477,0.757284,0.449303,0.584091
frame_995,995,0.467804,0.821747,0.617270,0.806805,0.521880,0.574713
frame_996,996,0.512811,0.802399,0.560416,0.777227,0.532275,0.617956
frame_997,997,0.503593,0.799108,0.584136,0.784287,0.476018,0.592981
frame_998,998,0.446267,0.789770,0.579740,0.780935,0.538753,0.644475
frame_999,999,0.424465,0.837590,0.570152,0.778250,0.533562,0.601159
frame_1000,1000,0.476428,0.793580,0.558702,0.786183,0.463171,0.541188
frame_1001,1001,0.420625,0.826919,0.580169,0.750981,0.468350,0.578119
frame_1002,1002,0.430014,0.813263,0.623483,0.775054,0.445119,0.538423
frame_1003,1003,0.463593,0.795847,0.569249,0.823070,0.438469,0.565724
frame_1004,1004,0.552535,0.825235,0.572659,0.790257,0.429265,0.538776
frame_1005,1005,0.496041,0.814986,0.597314,0.768316,0.459868,0.542110
frame_1006,1006,0.548045,0.808086,0.604285,0.769022,0.445675,0.544128
frame_1007,1007,0.551882,0.828472,0.598956,0.822787,0.497318,0.580840
frame_1008,1008,0.519893,0.795472,0.601353,0.806312,0.500265,0.607516
frame_1009,1009,0.532110,0.811357,0.601634,0.813891,0.462177,0.580672
frame_1010,1010,0.594928,0.813432,0.589604,0.809997,0.451618,0.557162
frame_1011,1011,0.479560,0.850905,0.597667,0.816590,0.464753,0.572556
frame_1012,1012,0.533959,0.831253,0.613359,0.834704,0.508314,0.614260
frame_1013,1013,0.558017,0.816255,0.560947,0.823513,0.511824,0.673174
frame_1014,1014,0.494086,0.836585,0.630897,0.802166,0.505496,0.582864
frame_1015,1015,0.525924,0.847399,0.651747,0.816829,0.474553,0.587879
frame_1016,1016,0.488824,0.805963,0.613581,0.796758,0.485075,0.564140
frame_1017,1017,0.483356,0.816172,0.629003,0.772150,0.463498,0.591284
frame_1018,1018,0.465550,0.819751,0.643329,0.801034,0.464242,0.623909
frame_1019,1019,0.502143,0.831232,0.666393,0.806921,0.451905,0.633272
frame_1020,1020,0.529008,0.812210,0.640227,0.800239,0.516954,0.630859
frame_1021,1021,0.532534,0.838640,0.625266,0.796377,0.478926,0.600968
frame_1022,1022,0.524679,0.807618,0.622351,0.807205,0.452857,0.625184
frame_1023,1023,0.487906,0.807702,0.613131,0.790103,0.438954,0.619784
frame_1024,1024,0.475713,0.812684,0.622815,0.804739,0.460734,0.618315
frame_1025,1025,0.519455,0.825151,0.624673,0.826701,0.480107,0.704266
frame_1026,1026,0.516103,0.804528,0.651547,0.804368,0.437302,0.681981
frame_1027,1027,0.524854,0.813287,0.633267,0.792329,0.431986,0.689308
frame_1028,1028,0.504401,0.782209,0.616127,0.829242,0.462962,0.686646
frame_1029,1029,0.507166,0.779260,0.613775,0.839923,0.421451,0.685481
frame_1030,1030,0.495270,0.817807,0.607247,0.846359,0.436301,0.662508
frame_1031,1031,0.507823,0.768170,0.595662,0.850127,0.453879,0.677133
frame_1032,1032,0.461100,0.732081,0.634692,0.840653,0.443236,0.676073
frame_1033,1033,0.501451,0.785633,0.649831,0.826722,0.480239,0.653476
frame_1034,1034,0.523241,0.779535,0.654269,0.796151,0.466320,0.642030
frame_1035,1035,0.543350,0.779815,0.648182,0.779230,0.489304,0.667499
frame_1036,1036,0.526540,0.753159,0.607525,0.802853,0.466941,0.682888
frame_1037,1037,0.529994,0.783864,0.590412,0.794816,0.501332,0.679986
frame_1038,1038,0.491927,0.786232,0.583328,0.802681,0.470503,0.677431
frame_1039,1039,0.462835,0.811236,0.588862,0.816398,0.473242,0.686135
frame_1040,1040,0.445504,0.795863,0.589862,0.792002,0.498498,0.663607
frame_1041,1041,0.455719,0.775764,0.596121,0.766146,0.450057,0.636791
frame_1042,1042,0.441351,0.787144,0.600604,0.804789,0.469896,0.653480
frame_1043,1043,0.491594,0.785791,0.571725,0.793298,0.461688,0.657272
frame_1044,1044,0.473163,0.790929,0.599346,0.808570,0.465475,0.629772
frame_1045,1045,0.450054,0.713693,0.622261,0.778653,0.493446,0.638340
frame_1046,1046,0.490092,0.691235,0.614543,0.793960,0.445045,0.668402
frame_1047,1047,0.521583,0.646352,0.606039,0.769085,0.444980,0.619390
frame_1048,1048,0.446473,0.710853,0.659325,0.811624,0.443799,0.594951
frame_1049,1049,0.454128,0.676723,0.664009,0.823053,0.471735,0.606129
frame_1050,1050,0.424677,0.705600,0.636603,0.797888,0.407976,0.583488
frame_1051,1051,0.462667,0.724847,0.577815,0.785387,0.397991,0.594806
frame_1052,1052,0.457319,0.724338,0.575482,0.772298,0.403308,0.640402
frame_1053,1053,0.380905,0.724624,0.538770,0.726326,0.405504,0.592854
frame_1054,1054,0.447267,0.706741,0.580696,0.752676,0.447190,0.589025
frame_1055,1055,0.478454,0.675170,0.586604,0.831577,0.441378,0.606294
frame_1056,1056,0.533142,0.694217,0.649762,0.808101,0.392456,0.634113
frame_1057,1057,0.494425,0.794664,0.655233,0.863865,0.449866,0.607571
frame_1058,1058,0.482483,0.767258,0.602106,0.851535,0.440174,0.537027
frame_1059,1059,0.482951,0.817139,0.579038,0.837049,0.462617,0.544423
frame_1060,1060,0.526617,0.800982,0.587040,0.761769,0.469458,0.572862
frame_1061,1061,0.484152,0.787261,0.625350,0.766588,0.457298,0.573268
frame_1062,1062,0.490761,0.857922,0.614488,0.795200,0.473926,0.602625
frame_1063,1063,0.499485,0.815436,0.623240,0.800591,0.493108,0.572848
frame_1064,1064,0.519927,0.850534,0.655293,0.811485,0.446517,0.612528
frame_1065,1065,0.516623,0.854817,0.665383,0.778323,0.458868,0.558142
frame_1066,1066,0.508358,0.851863,0.654447,0.746754,0.489557,0.578410
frame_1067,1067,0.443597,0.844943,0.620952,0.753416,0.481932,0.587112
frame_1068,1068,0.438883,0.854044,0.626686,0.775966,0.460868,0.609862
frame_1069,1069,0.438932,0.847577,0.614417,0.786169,0.490785,0.580977
frame_1070,1070,0.421377,0.841318,0.599112,0.794197,0.514726,0.610257
frame_1071,1071,0.395934,0.838783,0.598268,0.776053,0.467083,0.536704
frame_1072,1072,0.412229,0.834673,0.610123,0.767511,0.468917,0.589342
frame_1073,1073,0.429225,0.814802,0.583356,0.766212,0.441468,0.538410
frame_1074,1074,0.396931,0.795358,0.602385,0.788668,0.458655,0.596560
frame_1075,1075,0.434847,0.821479,0.585239,0.808214,0.444973,0.582879
frame_1076,1076,0.454462,0.834655,0.603326,0.772002,0.455434,0.569953
frame_1077,1077,0.480599,0.820924,0.562680,0.774284,0.443163,0.564832
frame_1078,1078,0.440469,0.781529,0.580162,0.759290,0.469685,0.541492
frame_1079,1079,0.458251,0.804459,0.621709,0.798881,0.459693,0.561472
frame_1080,1080,0.456149,0.834892,0.632965,0.833697,0.484329,0.588010
frame_1081,1081,0.409390,0.848784,0.649459,0.834796,0.431099,0.543411
frame_1082,1082,0.387800,0.807939,0.616511,0.851423,0.428543,0.568447
frame_1083,1083,0.382012,0.849566,0.658172,0.842929,0.429854,0.589544
frame_1084,1084,0.403770,0.844333,0.624338,0.860136,0.435638,0.551257
frame_1085,1085,0.421474,0.832064,0.629447,0.842882,0.476834,0.582667
frame_1086,1086,0.395450,0.810352,0.632538,0.845068,0.449999,0.563670
frame_1087,1087,0.439801,0.793004,0.633489,0.876283,0.480712,0.546217
frame_1088,1088,0.464852,0.797964,0.657523,0.850595,0.483984,0.541744
frame_1089,1089,0.517738,0.824080,0.615523,0.821721,0.448477,0.530112
frame_1090,1090,0.482688,0.763319,0.582538,0.856804,0.431182,0.630659
frame_1091,1091,0.522138,0.772033,0.629535,0.800847,0.418991,0.569378
frame_1092,1092,0.522924,0.801389,0.617182,0.814534,0.452888,0.543340
frame_1093,1093,0.515576,0.813014,0.597978,0.814453,0.403765,0.586616
frame_1094,1094,0.531269,0.814209,0.595048,0.761671,0.464930,0.592199
frame_1095,1095,0.583038,0.815771,0.588268,0.761197,0.499016,0.529740
frame_1096,1096,0.491484,0.851716,0.635527,0.758925,0.479679,0.550620
frame_1097,1097,0.475137,0.821793,0.605129,0.762294,0.477908,0.570771
frame_1098,1098,0.468250,0.787926,0.617428,0.770221,0.488423,0.551559
frame_1099,1099,0.494350,0.815703,0.627344,0.763610,0.493961,0.588113
frame_1100,1100,0.472998,0.764115,0.585266,0.739537,0.471216,0.567787
frame_1101,1101,0.497903,0.798054,0.675474,0.776086,0.507684,0.574067
frame_1102,1102,0.456459,0.784448,0.635488,0.806616,0.436825,0.534206
frame_1103,1103,0.409209,0.795889,0.640471,0.796219,0.501668,0.574978
frame_1104,1104,0.438203,0.784340,0.679856,0.829808,0.496995,0.560312
frame_1105,1105,0.466771,0.803298,0.684208,0.805962,0.473468,0.563136
frame_1106,1106,0.417837,0.823105,0.662346,0.838585,0.443230,0.561233
frame_1107,1107,0.449663,0.831517,0.680124,0.791255,0.425261,0.542698
frame_1108,1108,0.471341,0.833878,0.676499,0.847951,0.406533,0.537003
frame_1109,1109,0.494614,0.805552,0.677271,0.853077,0.472055,0.553874
frame_1110,1110,0.521019,0.816055,0.691058,0.831265,0.538784,0.569809
frame_1111,1111,0.471776,0.807432,0.655197,0.862675,0.478868,0.560714
frame_1112,1112,0.499327,0.840233,0.623005,0.864681,0.471833,0.541328
frame_1113,1113,0.539978,0.831764,0.645858,0.827313,0.449652,0.596815
frame_1114,1114,0.542827,0.853965,0.604306,0.810887,0.444686,0.574958
frame_1115,1115,0.541454,0.862989,0.602038,0.791097,0.440515,0.614075
frame_1116,1116,0.534011,0.851973,0.611883,0.806817,0.426561,0.540143
frame_1117,1117,0.549258,0.839084,0.660073,0.815046,0.456230,0.553173
frame_1118,1118,0.524886,0.831594,0.629136,0.794841,0.408496,0.561312
frame_1119,1119,0.527902,0.819647,0.640543,0.787433,0.382051,0.593849
frame_1120,1120,0.506959,0.795498,0.648787,0.813016,0.428002,0.542442
frame_1121,1121,0.527213,0.800865,0.651566,0.828308,0.447297,0.523133
frame_1122,1122,0.543612,0.797912,0.648806,0.792769,0.433800,0.569402
frame_1123,1123,0.517597,0.810691,0.632114,0.839962,0.463157,0.612787
frame_1124,1124,0.551331,0.802965,0.653858,0.808742,0.401880,0.553946
frame_1125,1125,0.430450,0.798945,0.627022,0.811725,0.400235,0.568156
frame_1126,1126,0.469805,0.792704,0.631296,0.821041,0.438318,0.558104
frame_1127,1127,0.438915,0.810623,0.648754,0.845635,0.409721,0.539640
frame_1128,1128,0.423511,0.803948,0.583600,0.855224,0.436647,0.584901
frame_1129,1129,0.473711,0.840568,0.595863,0.863875,0.426603,0.582430
frame_1130,1130,0.442123,0.706650,0.630712,0.881322,0.408271,0.635891
frame_1131,1131,0.445523,0.775720,0.640293,0.844573,0.328204,0.651210
frame_1132,1132,0.422900,0.799309,0.620242,0.855578,0.324770,0.606955
frame_1133,1133,0.468092,0.764799,0.610693,0.804211,0.361170,0.601356
frame_1134,1134,0.459350,0.791478,0.656170,0.803295,0.422754,0.624296
frame_1135,1135,0.550752,0.776704,0.619682,0.807512,0.402570,0.611273
frame_1136,1136,0.468110,0.775839,0.627150,0.845420,0.412513,0.660796
frame_1137,1137,0.458250,0.737423,0.639309,0.832648,0.402601,0.592746
frame_1138,1138,0.444169,0.738589,0.646715,0.858584,0.448665,0.576558
frame_1139,1139,0.455224,0.751943,0.688685,0.800899,0.315284,0.557708
frame_1140,1140,0.484602,0.772825,0.681769,0.777037,0.395407,0.599765
frame_1141,1141,0.514965,0.755947,0.646735,0.719316,0.366912,0.579173
frame_1142,1142,0.421987,0.788262,0.595583,0.764522,0.412707,0.625825
frame_1143,1143,0.497431,0.780961,0.547623,0.755367,0.494934,0.625566
frame_1144,1144,0.465423,0.732379,0.554355,0.753673,0.411549,0.658151
frame_1145,1145,0.523766,0.667945,0.504150,0.785151,0.418116,0.652406
frame_1146,1146,0.468281,0.678917,0.513797,0.824935,0.420976,0.604418
frame_1147,1147,0.477883,0.663927,0.562685,0.801763,0.396870,0.578463
frame_1148,1148,0.505867,0.700000,0.607053,0.792915,0.327676,0.568525
frame_1149,1149,0.522720,0.733637,0.640962,0.738754,0.319021,0.609679
frame_1150,1150,0.502744,0.717883,0.558404,0.765089,0.306889,0.632260
frame_1151,1151,0.485487,0.711245,0.578715,0.738246,0.285040,0.662589
frame_1152,1152,0.542767,0.731583,0.533806,0.688742,0.347347,0.639665
frame_1153,1153,0.532399,0.666713,0.527673,0.759359,0.329808,0.632462
frame_1154,1154,0.504262,0.760742,0.598890,0.799921,0.360283,0.612177
frame_1155,1155,0.501729,0.676828,0.572533,0.770340,0.381934,0.581376
frame_1156,1156,0.489541,0.675151,0.542480,0.765191,0.404427,0.634445
frame_1157,1157,0.507885,0.684451,0.555699,0.806738,0.401845,0.611772
frame_1158,1158,0.515277,0.705286,0.560335,0.808220,0.379547,0.594678
frame_1159,1159,0.524837,0.741791,0.593683,0.768230,0.381728,0.640112
frame_1160,1160,0.523715,0.784618,0.577936,0.776672,0.370974,0.600172
frame_1161,1161,0.490693,0.782037,0.612484,0.772787,0.435099,0.646001
frame_1162,1162,0.477808,0.795947,0.590125,0.763394,0.405757,0.614526
frame_1163,1163,0.531638,0.738018,0.553394,0.765539,0.453407,0.660029
frame_1164,1164,0.534787,0.767352,0.557959,0.779816,0.463208,0.618840
frame_1165,1165,0.475729,0.776187,0.517001,0.812138,0.403626,0.677442
frame_1166,1166,0.493150,0.733257,0.578069,0.762468,0.438045,0.675214
frame_1167,1167,0.456843,0.773620,0.562529,0.774661,0.468348,0.581609
frame_1168,1168,0.469329,0.731264,0.573133,0.810822,0.442492,0.619503
frame_1169,1169,0.413211,0.786379,0.614372,0.815046,0.356177,0.559816
frame_1170,1170,0.436174,0.786052,0.568696,0.783877,0.422340,0.543460
frame_1171,1171,0.466269,0.768645,0.535030,0.792034,0.419652,0.553984
frame_1172,1172,0.466659,0.795492,0.552895,0.826208,0.429074,0.555166
frame_1173,1173,0.449335,0.787010,0.569346,0.819189,0.445853,0.609194
frame_1174,1174,0.460402,0.772468,0.571299,0.792935,0.429680,0.547789
frame_1175,1175,0.429618,0.812520,0.552241,0.839588,0.411714,0.538000
frame_1176,1176,0.465935,0.811463,0.526397,0.820024,0.388753,0.576406
frame_1177,1177,0.459306,0.767474,0.571460,0.851875,0.463833,0.676290
frame_1178,1178,0.493144,0.736080,0.583483,0.783516,0.429699,0.652465
frame_1179,1179,0.539612,0.814737,0.626281,0.768436,0.417771,0.570777
frame_1180,1180,0.541549,0.801723,0.659267,0.804838,0.441178,0.572972
frame_1181,1181,0.571284,0.746109,0.613348,0.726432,0.458285,0.639717
frame_1182,1182,0.591882,0.776667,0.606201,0.759736,0.470008,0.618749
frame_1183,1183,0.554609,0.782872,0.658808,0.762376,0.456228,0.648907
frame_1184,1184,0.590313,0.772388,0.633995,0.765558,0.459995,0.655479
frame_1185,1185,0.603169,0.765991,0.660601,0.711407,0.456550,0.638419
frame_1186,1186,0.608958,0.779985,0.618691,0.770988,0.441132,0.619056
frame_1187,1187,0.642774,0.802410,0.577425,0.759799,0.466109,0.669140
frame_1188,1188,0.649413,0.793888,0.565719,0.752762,0.470318,0.646053
frame_1189,1189,0.639069,0.823085,0.619897,0.804620,0.415839,0.566623
frame_1190,1190,0.633132,0.805573,0.605971,0.753496,0.405895,0.625924
frame_1191,1191,0.608551,0.824859,0.624633,0.767427,0.379166,0.571605
frame_1192,1192,0.548617,0.783702,0.646307,0.746278,0.385981,0.596097
frame_1193,1193,0.542213,0.782025,0.604130,0.726753,0.357084,0.555819
frame_1194,1194,0.540917,0.742937,0.616555,0.759462,0.419677,0.630764
frame_1195,1195,0.531101,0.718972,0.646741,0.780939,0.392944,0.604352
frame_1196,1196,0.555683,0.699235,0.546366,0.792424,0.466906,0.671761
frame_1197,1197,0.489749,0.713065,0.539390,0.807224,0.430681,0.661626
frame_1198,1198,0.464766,0.702110,0.562277,0.801506,0.371656,0.628271
frame_1199,1199,0.461478,0.676655,0.545258,0.764004,0.427222,0.660583
frame_1200,1200,0.510205,0.677273,0.559718,0.790749,0.399089,0.620400
frame_1201,1201,0.508403,0.673114,0.583374,0.766267,0.402543,0.545548
frame_1202,1202,0.532123,0.683477,0.615206,0.816738,0.355211,0.544867
frame_1203,1203,0.520366,0.687894,0.601461,0.827692,0.363491,0.600763
frame_1204,1204,0.558614,0.713587,0.628238,0.784593,0.407394,0.544113
frame_1205,1205,0.466406,0.694502,0.568192,0.754483,0.363793,0.560332
frame_1206,1206,0.478475,0.699845,0.618061,0.792074,0.332579,0.561555
frame_1207,1207,0.375159,0.673535,0.612784,0.806763,0.344284,0.502533
frame_1208,1208,0.420074,0.710167,0.567965,0.802529,0.342176,0.548613
frame_1209,1209,0.436048,0.706593,0.564202,0.799760,0.392661,0.547928
frame_1210,1210,0.479223,0.784833,0.588755,0.761767,0.419165,0.598784
frame_1211,1211,0.470366,0.759798,0.540567,0.781106,0.441139,0.579553
frame_1212,1212,0.496947,0.785214,0.572833,0.702193,0.398875,0.590094
frame_1213,1213,0.462345,0.796532,0.575325,0.706198,0.414679,0.565209
frame_1214,1214,0.439723,0.773602,0.550358,0.661494,0.425138,0.554289
frame_1215,1215,0.483027,0.772985,0.547771,0.669449,0.436954,0.647645
frame_1216,1216,0.515990,0.772889,0.586353,0.747146,0.409651,0.596304
frame_1217,1217,0.473074,0.792571,0.606830,0.734198,0.387255,0.647439
frame_1218,1218,0.428317,0.804524,0.563920,0.736847,0.419755,0.619449
frame_1219,1219,0.498116,0.814154,0.601535,0.782568,0.381938,0.614665
frame_1220,1220,0.475165,0.831061,0.607495,0.768193,0.405920,0.640677
frame_1221,1221,0.478337,0.772734,0.542809,0.743194,0.423704,0.560564
frame_1222,1222,0.508194,0.753426,0.559688,0.743190,0.361883,0.587340
frame_1223,1223,0.567832,0.754850,0.545897,0.743797,0.430297,0.643906
frame_1224,1224,0.482511,0.763425,0.592408,0.736910,0.417733,0.639363
frame_1225,1225,0.499757,0.792675,0.537264,0.751098,0.420448,0.570260
frame_1226,1226,0.477147,0.744927,0.548874,0.749913,0.417497,0.565847
frame_1227,1227,0.502500,0.779664,0.521719,0.789276,0.422019,0.519056
frame_1228,1228,0.493035,0.789473,0.574840,0.763262,0.463156,0.555467
frame_1229,1229,0.458006,0.771704,0.579010,0.693877,0.446407,0.592670
frame_1230,1230,0.545032,0.778774,0.587452,0.719920,0.435833,0.615920
frame_1231,1231,0.528846,0.735709,0.593785,0.736446,0.454710,0.595129
frame_1232,1232,0.549223,0.774429,0.590806,0.727553,0.448785,0.625805
frame_1233,1233,0.510198,0.780243,0.585064,0.763779,0.437789,0.606137
frame_1234,1234,0.506823,0.780067,0.621573,0.729070,0.465923,0.601940
frame_1235,1235,0.481043,0.759973,0.608547,0.819522,0.425126,0.597264
frame_1236,1236,0.413097,0.776009,0.618976,0.779419,0.404325,0.585823
frame_1237,1237,0.449969,0.776241,0.615221,0.714281,0.423537,0.565907
frame_1238,1238,0.450340,0.782184,0.573982,0.673099,0.445093,0.598024
frame_1239,1239,0.496518,0.739538,0.590485,0.698211,0.418484,0.593060
frame_1240,1240,0.541617,0.736028,0.566878,0.719040,0.422911,0.606271
frame_1241,1241,0.545939,0.761541,0.564314,0.742242,0.405811,0.639657
frame_1242,1242,0.551910,0.783392,0.549749,0.737759,0.396908,0.618561
frame_1243,1243,0.530034,0.722534,0.572658,0.749364,0.405400,0.592388
frame_1244,1244,0.536773,0.739725,0.565388,0.769426,0.416952,0.597595
frame_1245,1245,0.538063,0.738611,0.565424,0.822206,0.389102,0.618452
frame_1246,1246,0.532371,0.764964,0.579001,0.822109,0.411540,0.606729
frame_1247,1247,0.536878,0.739894,0.588123,0.789199,0.347279,0.611917
frame_1248,1248,0.548411,0.758912,0.621395,0.757305,0.446547,0.625482
frame_1249,1249,0.569527,0.783706,0.612118,0.790074,0.426876,0.633888
frame_1250,1250,0.573950,0.782223,0.589171,0.766065,0.437695,0.636046
frame_1251,1251,0.604147,0.774544,0.556695,0.784595,0.394750,0.621459
frame_1252,1252,0.541207,0.792199,0.535438,0.751981,0.375542,0.625241
frame_1253,1253,0.545366,0.771721,0.598784,0.723881,0.388349,0.628997
frame_1254,1254,0.536562,0.759514,0.551125,0.721482,0.408600,0.607714
frame_1255,1255,0.533843,0.719113,0.581641,0.726122,0.419286,0.584423
frame_1256,1256,0.525632,0.744518,0.571104,0.726654,0.443054,0.599680
frame_1257,1257,0.461221,0.778252,0.526002,0.756736,0.440302,0.607379
frame_1258,1258,0.457639,0.772412,0.599055,0.783985,0.464628,0.618609
frame_1259,1259,0.447919,0.802293,0.609604,0.777921,0.485024,0.585355
frame_1260,1260,0.475165,0.850040,0.562521,0.804211,0.515365,0.588004
frame_1261,1261,0.496037,0.848897,0.593192,0.782291,0.480995,0.594656
frame_1262,1262,0.509694,0.799685,0.575631,0.769428,0.449551,0.668401
frame_1263,1263,0.502683,0.779612,0.553205,0.753304,0.425490,0.634098
frame_1264,1264,0.543852,0.795641,0.580093,0.773477,0.361001,0.639440
frame_1265,1265,0.546056,0.794973,0.577812,0.795774,0.426786,0.651717
frame_1266,1266,0.491655,0.812354,0.603577,0.805892,0.464275,0.563351
frame_1267,1267,0.551694,0.793271,0.568459,0.857823,0.422728,0.621734
frame_1268,1268,0.535126,0.802630,0.594529,0.832663,0.423860,0.625623
frame_1269,1269,0.528123,0.820368,0.608334,0.815947,0.429721,0.643467
frame_1270,1270,0.539605,0.808248,0.574568,0.809056,0.453713,0.628165
frame_1271,1271,0.612308,0.788667,0.607649,0.769180,0.483869,0.642939
frame_1272,1272,0.548495,0.837025,0.578973,0.769859,0.448717,0.599678
frame_1273,1273,0.517019,0.859370,0.578960,0.816126,0.447975,0.600793
frame_1274,1274,0.541477,0.825977,0.557010,0.799994,0.457992,0.659224
frame_1275,1275,0.583994,0.815737,0.592997,0.775684,0.454195,0.658447
frame_1276,1276,0.583824,0.870975,0.616707,0.778196,0.464303,0.672343
frame_1277,1277,0.587109,0.827137,0.665952,0.793901,0.510449,0.636071
frame_1278,1278,0.548011,0.791812,0.686536,0.798122,0.456717,0.645815
frame_1279,1279,0.572029,0.801625,0.660604,0.782447,0.472960,0.682035
frame_1280,1280,0.563698,0.783377,0.652430,0.780024,0.491054,0.701964
frame_1281,1281,0.511298,0.816182,0.606094,0.765634,0.436988,0.644957
frame_1282,1282,0.532166,0.823002,0.608277,0.727875,0.476885,0.620129
frame_1283,1283,0.523455,0.829507,0.612249,0.769554,0.491219,0.624122
frame_1284,1284,0.543438,0.850660,0.607838,0.776834,0.457003,0.620834
frame_1285,1285,0.553353,0.855807,0.596092,0.742643,0.487298,0.575504
frame_1286,1286,0.608019,0.822474,0.596718,0.754216,0.479484,0.616756
frame_1287,1287,0.611747,0.791652,0.618489,0.763337,0.484654,0.625136
frame_1288,1288,0.588034,0.813439,0.617648,0.727054,0.491546,0.617134
frame_1289,1289,0.602218,0.810535,0.616255,0.766100,0.485822,0.651889
frame_1290,1290,0.575635,0.813034,0.599910,0.768310,0.486189,0.673070
frame_1291,1291,0.547481,0.840149,0.578490,0.765114,0.510542,0.626502
frame_1292,1292,0.593664,0.853279,0.564010,0.738945,0.508159,0.635181
frame_1293,1293,0.609812,0.844182,0.609206,0.754822,0.507356,0.672647
frame_1294,1294,0.594316,0.845127,0.620713,0.776232,0.464758,0.657971
frame_1295,1295,0.618594,0.851059,0.569168,0.729419,0.461056,0.695857
frame_1296,1296,0.606093,0.860259,0.578321,0.722607,0.445102,0.688873
frame_1297,1297,0.623098,0.847014,0.601441,0.706492,0.493298,0.740801
frame_1298,1298,0.629316,0.830436,0.599307,0.743526,0.514351,0.690572
frame_1299,1299,0.612043,0.854367,0.617420,0.738973,0.515646,0.672512
frame_1300,1300,0.633828,0.858420,0.611153,0.761194,0.450153,0.696799
frame_1301,1301,0.607426,0.861945,0.599957,0.740894,0.474882,0.710748
frame_1302,1302,0.621942,0.850475,0.647389,0.755590,0.468858,0.699369
frame_1303,1303,0.599887,0.853682,0.629744,0.779303,0.463714,0.648439
frame_1304,1304,0.623284,0.832253,0.597992,0.776240,0.451263,0.622485
frame_1305,1305,0.627842,0.829642,0.632196,0.786785,0.471778,0.610847
frame_1306,1306,0.611259,0.806605,0.630951,0.805854,0.455078,0.609712
frame_1307,1307,0.576424,0.845703,0.640753,0.791730,0.424992,0.619542
frame_1308,1308,0.566777,0.849372,0.652462,0.794883,0.462571,0.634921
frame_1309,1309,0.625557,0.833547,0.656036,0.768413,0.431109,0.650234
frame_1310,1310,0.655925,0.807763,0.650080,0.729492,0.480428,0.613460
frame_1311,1311,0.631266,0.788759,0.649200,0.689407,0.454159,0.612140
frame_1312,1312,0.612156,0.820104,0.653203,0.720624,0.432622,0.666691
frame_1313,1313,0.569653,0.818076,0.669519,0.777257,0.459810,0.661420
frame_1314,1314,0.592378,0.836808,0.618469,0.774071,0.465720,0.651517
frame_1315,1315,0.598570,0.839768,0.646118,0.753270,0.474709,0.631954
frame_1316,1316,0.575817,0.844958,0.620305,0.749640,0.438531,0.602376
frame_1317,1317,0.587476,0.853765,0.634744,0.786710,0.425717,0.624833
frame_1318,1318,0.576603,0.836256,0.597800,0.797208,0.434201,0.625417
frame_1319,1319,0.550558,0.835606,0.582206,0.787679,0.423512,0.598767
frame_1320,1320,0.545192,0.832781,0.622304,0.797646,0.447845,0.618683
frame_1321,1321,0.564275,0.823044,0.597642,0.763599,0.464777,0.620200
frame_1322,1322,0.565143,0.818837,0.632072,0.797319,0.513266,0.633518
frame_1323,1323,0.574073,0.831557,0.598599,0.764088,0.430333,0.644774
frame_1324,1324,0.601080,0.809739,0.630510,0.818905,0.433691,0.641163
frame_1325,1325,0.664801,0.823411,0.591034,0.805320,0.462202,0.629298
frame_1326,1326,0.620181,0.811120,0.633373,0.806205,0.474320,0.656880
frame_1327,1327,0.625860,0.822562,0.632651,0.781912,0.466148,0.652600
frame_1328,1328,0.608222,0.819435,0.645934,0.767210,0.469432,0.699073
frame_1329,1329,0.550796,0.798599,0.616230,0.788149,0.465220,0.658497
frame_1330,1330,0.597427,0.824179,0.612812,0.814082,0.448248,0.657510
frame_1331,1331,0.613056,0.818457,0.612082,0.794128,0.448586,0.648385
frame_1332,1332,0.609831,0.795486,0.590929,0.759749,0.432631,0.660928
frame_1333,1333,0.612295,0.817833,0.615504,0.758951,0.421595,0.673966
frame_1334,1334,0.624296,0.834718,0.597977,0.750331,0.453912,0.649454
frame_1335,1335,0.608126,0.833746,0.593665,0.776110,0.455316,0.651662
frame_1336,1336,0.622905,0.794170,0.595532,0.770863,0.456970,0.663805
frame_1337,1337,0.633264,0.833283,0.600079,0.797625,0.432004,0.663794
frame_1338,1338,0.590692,0.837744,0.616516,0.806094,0.469500,0.659178
frame_1339,1339,0.630537,0.823077,0.580445,0.807016,0.463983,0.659207
frame_1340,1340,0.567569,0.849013,0.562729,0.818222,0.457982,0.627119
frame_1341,1341,0.583229,0.833403,0.601406,0.800551,0.454455,0.666367
frame_1342,1342,0.584157,0.805208,0.573287,0.799472,0.470616,0.664282
frame_1343,1343,0.575622,0.810998,0.572225,0.792980,0.446247,0.635635
frame_1344,1344,0.589934,0.835304,0.532310,0.783578,0.465344,0.619951
frame_1345,1345,0.596672,0.813756,0.539742,0.779583,0.488392,0.621630
frame_1346,1346,0.616811,0.809570,0.532724,0.758118,0.493621,0.639198
frame_1347,1347,0.608134,0.799688,0.564816,0.803735,0.504078,0.645120
frame_1348,1348,0.613498,0.795595,0.573538,0.808107,0.486535,0.669350
frame_1349,1349,0.626356,0.810047,0.582752,0.786604,0.467167,0.654617
frame_1350,1350,0.599172,0.808595,0.584534,0.782583,0.454475,0.672707
frame_1351,1351,0.499510,0.818700,0.550735,0.767721,0.456413,0.660516
frame_1352,1352,0.543066,0.835164,0.565214,0.756841,0.497291,0.656252
frame_1353,1353,0.556222,0.850755,0.564118,0.792665,0.493016,0.678315
frame_1354,1354,0.576172,0.826498,0.613726,0.809571,0.471795,0.664717
frame_1355,1355,0.584865,0.809630,0.624751,0.807619,0.463024,0.652933
frame_1356,1356,0.510269,0.784765,0.593159,0.761142,0.473268,0.599322
frame_1357,1357,0.576415,0.819717,0.601744,0.725765,0.472383,0.605127
frame_1358,1358,0.526317,0.820025,0.641524,0.776092,0.484050,0.615589
frame_1359,1359,0.590899,0.861216,0.635897,0.739284,0.458037,0.628997
frame_1360,1360,0.501251,0.856644,0.581195,0.769335,0.487578,0.621398
frame_1361,1361,0.519622,0.835453,0.564118,0.766938,0.495107,0.655790
frame_1362,1362,0.508591,0.822563,0.557217,0.790289,0.492441,0.634295
frame_1363,1363,0.531668,0.837897,0.573904,0.850356,0.481883,0.602960
frame_1364,1364,0.545702,0.782825,0.581422,0.801537,0.468627,0.640021
frame_1365,1365,0.502952,0.787902,0.595306,0.804018,0.473763,0.636809
frame_1366,1366,0.529675,0.789122,0.580623,0.781267,0.460012,0.617086
frame_1367,1367,0.553691,0.828140,0.611041,0.780459,0.458608,0.615426
frame_1368,1368,0.583492,0.824919,0.589510,0.802814,0.468859,0.612623
frame_1369,1369,0.549181,0.809749,0.653246,0.825869,0.460227,0.622195
frame_1370,1370,0.564411,0.821838,0.610522,0.810964,0.406319,0.593403
frame_1371,1371,0.552768,0.796826,0.623908,0.806820,0.438855,0.610315
frame_1372,1372,0.535607,0.834010,0.602789,0.795624,0.400587,0.587294
frame_1373,1373,0.507758,0.851508,0.583738,0.825298,0.386436,0.581865
frame_1374,1374,0.535289,0.841340,0.593334,0.810629,0.382531,0.582234
frame_1375,1375,0.532765,0.858196,0.554031,0.812364,0.424295,0.541419
frame_1376,1376,0.523614,0.868374,0.588424,0.825128,0.413051,0.525818
frame_1377,1377,0.536201,0.840082,0.562971,0.794229,0.418406,0.523627
frame_1378,1378,0.526299,0.831333,0.607980,0.806367,0.429286,0.568602
frame_1379,1379,0.544067,0.877524,0.607458,0.802521,0.440099,0.552973
frame_1380,1380,0.554004,0.857214,0.585034,0.824954,0.435353,0.578775
frame_1381,1381,0.541017,0.874374,0.583368,0.799131,0.452726,0.591652
frame_1382,1382,0.537268,0.874630,0.585465,0.785432,0.463538,0.568176
frame_1383,1383,0.502036,0.865791,0.587911,0.797400,0.458165,0.578526
frame_1384,1384,0.482650,0.842677,0.627906,0.786678,0.440775,0.593967
frame_1385,1385,0.519457,0.844589,0.615057,0.790588,0.384790,0.599937
frame_1386,1386,0.496462,0.846754,0.615928,0.809319,0.463040,0.585076
frame_1387,1387,0.492099,0.864038,0.596632,0.819773,0.447360,0.611987
frame_1388,1388,0.510037,0.850414,0.637840,0.795620,0.473053,0.604763
frame_1389,1389,0.472400,0.868201,0.596226,0.840125,0.454154,0.610395
frame_1390,1390,0.482921,0.834762,0.551615,0.842955,0.463590,0.568297
frame_1391,1391,0.499747,0.837069,0.609576,0.844628,0.437914,0.622314
frame_1392,1392,0.515687,0.809601,0.569875,0.823408,0.439628,0.691522
frame_1393,1393,0.535251,0.793319,0.532980,0.821924,0.485288,0.652207
frame_1394,1394,0.514722,0.817959,0.507832,0.797192,0.510981,0.596476
frame_1395,1395,0.512211,0.823496,0.522282,0.816968,0.480887,0.645524
frame_1396,1396,0.526505,0.808370,0.534495,0.829260,0.475698,0.613954
frame_1397,1397,0.512821,0.827937,0.564829,0.832850,0.490453,0.541414
frame_1398,1398,0.540539,0.777172,0.531924,0.805726,0.535319,0.589102
frame_1399,1399,0.511224,0.784450,0.568642,0.795793,0.430192,0.536875
frame_1400,1400,0.519692,0.788074,0.613472,0.772736,0.447755,0.530969
frame_1401,1401,0.551095,0.794227,0.577509,0.748616,0.482292,0.528031
frame_1402,1402,0.533772,0.842523,0.603501,0.760075,0.467722,0.561241
frame_1403,1403,0.573673,0.816311,0.582240,0.811968,0.504855,0.600614
frame_1404,1404,0.552338,0.818283,0.593155,0.793102,0.502173,0.613923
frame_1405,1405,0.564564,0.814510,0.572812,0.783583,0.540114,0.606960
frame_1406,1406,0.582030,0.864936,0.591289,0.791367,0.509883,0.619236
frame_1407,1407,0.537011,0.854586,0.583313,0.795071,0.506673,0.609044
frame_1408,1408,0.499505,0.892918,0.577728,0.766293,0.550178,0.604970
frame_1409,1409,0.503188,0.862961,0.652895,0.787402,0.515179,0.616461
frame_1410,1410,0.521548,0.857207,0.645135,0.811634,0.521024,0.589458
frame_1411,1411,0.563865,0.847708,0.579901,0.795416,0.527072,0.572698
frame_1412,1412,0.536657,0.818691,0.637343,0.758343,0.539273,0.563334
frame_1413,1413,0.564905,0.850685,0.608135,0.789728,0.515783,0.559224
frame_1414,1414,0.554854,0.852609,0.630792,0.778156,0.500284,0.587433
frame_1415,1415,0.567745,0.864284,0.608122,0.800069,0.456365,0.581482
frame_1416,1416,0.507269,0.885553,0.582151,0.785154,0.488462,0.578667
frame_1417,1417,0.486801,0.878233,0.553184,0.783265,0.465108,0.582261
frame_1418,1418,0.485073,0.884154,0.565981,0.811881,0.465919,0.553113
frame_1419,1419,0.490143,0.854677,0.611878,0.818897,0.413778,0.555591
frame_1420,1420,0.509098,0.865653,0.589216,0.790931,0.438665,0.546131
frame_1421,1421,0.466863,0.856638,0.608589,0.839042,0.458922,0.564269
frame_1422,1422,0.486946,0.835759,0.603821,0.835078,0.458308,0.598547
frame_1423,1423,0.488286,0.836622,0.633727,0.841015,0.452910,0.578613
frame_1424,1424,0.460339,0.826150,0.623969,0.823271,0.472012,0.593842
frame_1425,1425,0.454942,0.807595,0.648595,0.805772,0.496334,0.577654
frame_1426,1426,0.528084,0.810267,0.667304,0.822889,0.464993,0.544979
frame_1427,1427,0.497056,0.811996,0.631552,0.800916,0.449126,0.517640
frame_1428,1428,0.498342,0.785591,0.646743,0.842214,0.479500,0.590366
frame_1429,1429,0.550429,0.728626,0.627140,0.853428,0.424262,0.569616
frame_1430,1430,0.513190,0.807327,0.595852,0.793772,0.445539,0.535089
frame_1431,1431,0.515246,0.806697,0.591353,0.820102,0.475748,0.568086
frame_1432,1432,0.483488,0.786947,0.638365,0.820165,0.464433,0.548405
frame_1433,1433,0.526079,0.790638,0.634473,0.833604,0.490971,0.518969
frame_1434,1434,0.509423,0.810858,0.622812,0.781724,0.444578,0.559213
frame_1435,1435,0.519059,0.774662,0.622435,0.746667,0.416137,0.551417
frame_1436,1436,0.467248,0.790803,0.624531,0.769582,0.440143,0.547042
frame_1437,1437,0.456714,0.744331,0.623472,0.746334,0.457396,0.539445
frame_1438,1438,0.427745,0.744653,0.597700,0.798187,0.439068,0.534559
frame_1439,1439,0.441661,0.770548,0.615695,0.838680,0.449268,0.537328
frame_1440,1440,0.470705,0.747975,0.567817,0.788975,0.456002,0.532897
frame_1441,1441,0.495578,0.765772,0.582071,0.807083,0.424121,0.525955
frame_1442,1442,0.498446,0.792117,0.602092,0.813343,0.414213,0.593715
frame_1443,1443,0.487723,0.754875,0.564353,0.769581,0.428148,0.568166
frame_1444,1444,0.482541,0.745816,0.550694,0.779097,0.388069,0.558109
frame_1445,1445,0.441448,0.751478,0.524674,0.807800,0.427120,0.615264
frame_1446,1446,0.473662,0.756295,0.559332,0.801343,0.464521,0.617919
frame_1447,1447,0.508331,0.775063,0.621444,0.768141,0.425760,0.593027
frame_1448,1448,0.474708,0.696503,0.579669,0.748543,0.436125,0.575556
frame_1449,1449,0.512865,0.716161,0.622780,0.759867,0.407472,0.652323
frame_1450,1450,0.511175,0.717667,0.620889,0.770283,0.453373,0.640344
frame_1451,1451,0.517402,0.711563,0.605089,0.726190,0.443190,0.635783
frame_1452,1452,0.542078,0.744568,0.626503,0.784038,0.421631,0.632424
frame_1453,1453,0.515928,0.709702,0.635719,0.783923,0.380676,0.659028
frame_1454,1454,0.510009,0.748277,0.581441,0.777504,0.410540,0.671521
frame_1455,1455,0.563500,0.734595,0.589017,0.803876,0.457328,0.647807
frame_1456,1456,0.543359,0.748688,0.600594,0.813543,0.413915,0.660203
frame_1457,1457,0.573001,0.735217,0.604137,0.805246,0.430051,0.689129
frame_1458,1458,0.547523,0.746130,0.639708,0.842716,0.444158,0.679215
frame_1459,1459,0.540816,0.659497,0.550619,0.767106,0.388384,0.724460
frame_1460,1460,0.514773,0.728593,0.623870,0.853378,0.378823,0.710291
frame_1461,1461,0.505286,0.715217,0.595012,0.812630,0.374629,0.684629
frame_1462,1462,0.523867,0.699423,0.600324,0.788186,0.323965,0.686301
frame_1463,1463,0.502176,0.731482,0.649111,0.774350,0.331437,0.671090
frame_1464,1464,0.506716,0.763542,0.657643,0.758655,0.335985,0.632503
frame_1465,1465,0.547726,0.722368,0.637102,0.794817,0.388586,0.678269
frame_1466,1466,0.506135,0.772167,0.641415,0.772695,0.371217,0.625934
frame_1467,1467,0.492913,0.713214,0.625429,0.793890,0.424281,0.608908
frame_1468,1468,0.482307,0.762853,0.650744,0.820378,0.368198,0.591611
frame_1469,1469,0.560695,0.778733,0.657649,0.768620,0.377212,0.633057
frame_1470,1470,0.487445,0.720161,0.647926,0.773830,0.392538,0.604361
frame_1471,1471,0.529834,0.758362,0.655630,0.782447,0.419383,0.585592
frame_1472,1472,0.543541,0.754005,0.637633,0.772791,0.432168,0.623161
frame_1473,1473,0.500032,0.782103,0.634668,0.831455,0.409965,0.632394
frame_1474,1474,0.532570,0.731949,0.676141,0.810707,0.396154,0.636634
frame_1475,1475,0.556030,0.764643,0.654672,0.814611,0.347736,0.618290
frame_1476,1476,0.520342,0.745948,0.601324,0.765813,0.346298,0.608643
frame_1477,1477,0.554288,0.761682,0.674409,0.834987,0.341161,0.601235
frame_1478,1478,0.494988,0.663783,0.710459,0.821325,0.354275,0.584815
frame_1479,1479,0.487932,0.684789,0.664750,0.833238,0.317062,0.606585
frame_1480,1480,0.503786,0.671620,0.626786,0.787142,0.362156,0.545152
frame_1481,1481,0.512156,0.682840,0.674130,0.782155,0.381632,0.558549
frame_1482,1482,0.503218,0.769107,0.633948,0.769511,0.394556,0.587427
frame_1483,1483,0.538071,0.740886,0.612523,0.797040,0.392401,0.578628
frame_1484,1484,0.537306,0.792363,0.635113,0.843681,0.388888,0.551787
frame_1485,1485,0.529983,0.750975,0.610468,0.802766,0.397501,0.558932
frame_1486,1486,0.520959,0.749549,0.595450,0.803034,0.384010,0.554362
frame_1487,1487,0.527163,0.789224,0.609002,0.765222,0.375535,0.608403
frame_1488,1488,0.549321,0.759070,0.578439,0.811884,0.436657,0.641594
frame_1489,1489,0.551533,0.765767,0.571737,0.825237,0.416803,0.573689
frame_1490,1490,0.564413,0.718840,0.621503,0.799060,0.394983,0.633923
frame_1491,1491,0.546583,0.756873,0.532734,0.845312,0.409658,0.645843
frame_1492,1492,0.538591,0.783051,0.562332,0.818248,0.458115,0.603646
frame_1493,1493,0.574736,0.762780,0.589833,0.787781,0.391550,0.643860
frame_1494,1494,0.578460,0.793118,0.567369,0.824028,0.413185,0.589837
frame_1495,1495,0.550356,0.765386,0.634635,0.793224,0.399470,0.612374
frame_1496,1496,0.591953,0.794959,0.595536,0.829003,0.404709,0.585882
frame_1497,1497,0.574454,0.777350,0.628007,0.796246,0.421104,0.598378
frame_1498,1498,0.549088,0.761897,0.659358,0.758692,0.386223,0.606928
frame_1499,1499,0.542165,0.750468,0.685267,0.776531,0.421685,0.595298
frame_1500,1500,0.597595,0.773986,0.670684,0.843046,0.405113,0.647777
frame_1501,1501,0.586948,0.761203,0.657343,0.804971,0.400009,0.625840
frame_1502,1502,0.538558,0.752930,0.703095,0.770777,0.386693,0.661372
frame_1503,1503,0.616246,0.788419,0.667658,0.760537,0.375429,0.637763
frame_1504,1504,0.580721,0.764043,0.655346,0.791621,0.375039,0.614236
frame_1505,1505,0.631427,0.737344,0.617323,0.773623,0.426797,0.606700
frame_1506,1506,0.540297,0.779711,0.573731,0.796598,0.361816,0.592692
frame_1507,1507,0.566336,0.757737,0.590952,0.747191,0.379620,0.589003
frame_1508,1508,0.526847,0.749859,0.592664,0.804874,0.377164,0.597154
frame_1509,1509,0.536229,0.810006,0.605380,0.824385,0.413734,0.544815
frame_1510,1510,0.574661,0.799575,0.616312,0.790155,0.385520,0.590702
frame_1511,1511,0.585882,0.756956,0.580846,0.764089,0.403929,0.557787
frame_1512,1512,0.564164,0.717643,0.596547,0.765257,0.369644,0.539766
frame_1513,1513,0.576266,0.720190,0.607726,0.793300,0.384609,0.509025
frame_1514,1514,0.573789,0.751661,0.625883,0.721929,0.373531,0.533819
frame_1515,1515,0.580620,0.780111,0.649324,0.726963,0.415952,0.545407
frame_1516,1516,0.573316,0.754850,0.625792,0.728305,0.418835,0.574418
frame_1517,1517,0.546606,0.780789,0.629697,0.745137,0.416602,0.501159
frame_1518,1518,0.538088,0.763122,0.605884,0.720582,0.429057,0.537276
frame_1519,1519,0.527793,0.742773,0.554362,0.770549,0.443091,0.527922
frame_1520,1520,0.487941,0.783124,0.598792,0.759866,0.453876,0.517323
frame_1521,1521,0.485100,0.784422,0.585695,0.764675,0.429471,0.506246
frame_1522,1522,0.496725,0.810571,0.567726,0.810329,0.456565,0.533788
frame_1523,1523,0.500094,0.813813,0.641847,0.785036,0.477482,0.564687
frame_1524,1524,0.487632,0.809215,0.618615,0.787228,0.483542,0.580843
frame_1525,1525,0.471177,0.815446,0.610856,0.799145,0.481554,0.564210
frame_1526,1526,0.504161,0.783251,0.602315,0.796281,0.468897,0.577528
frame_1527,1527,0.495097,0.798923,0.572287,0.825720,0.454005,0.517129
frame_1528,1528,0.519269,0.772246,0.567544,0.797108,0.418792,0.574896
frame_1529,1529,0.487973,0.845695,0.579591,0.800746,0.393491,0.563300
frame_1530,1530,0.514110,0.784595,0.550396,0.810914,0.388676,0.598791
frame_1531,1531,0.476508,0.807562,0.595803,0.813568,0.415341,0.567532
frame_1532,1532,0.538445,0.773758,0.612296,0.809365,0.393212,0.607342
frame_1533,1533,0.543186,0.815423,0.564371,0.838445,0.441332,0.587406
frame_1534,1534,0.519130,0.827310,0.632701,0.806899,0.426769,0.620502
frame_1535,1535,0.489258,0.818879,0.629571,0.840517,0.396151,0.653888
frame_1536,1536,0.463116,0.797637,0.613591,0.826659,0.441122,0.640359
frame_1537,1537,0.427488,0.817205,0.663044,0.812208,0.446681,0.567108
frame_1538,1538,0.420288,0.812311,0.636439,0.813542,0.424620,0.590601
frame_1539,1539,0.403675,0.777995,0.674481,0.849579,0.478228,0.587841
frame_1540,1540,0.446327,0.778431,0.678650,0.799446,0.510042,0.642941
frame_1541,1541,0.484539,0.816848,0.617497,0.796992,0.451174,0.552571
frame_1542,1542,0.448313,0.803966,0.629535,0.818633,0.491437,0.615633
frame_1543,1543,0.438517,0.797437,0.653454,0.797460,0.453179,0.597406
frame_1544,1544,0.454596,0.807588,0.639358,0.807195,0.422122,0.517005
frame_1545,1545,0.454095,0.818027,0.664280,0.801322,0.449036,0.522124
frame_1546,1546,0.477709,0.807600,0.660177,0.807686,0.494375,0.545757
frame_1547,1547,0.473004,0.829006,0.675532,0.801148,0.454167,0.571355
frame_1548,1548,0.477586,0.818519,0.646516,0.795983,0.486008,0.628569
frame_1549,1549,0.497328,0.827083,0.690970,0.825823,0.472771,0.610888
frame_1550,1550,0.524549,0.802221,0.677945,0.819966,0.455328,0.578887
frame_1551,1551,0.510013,0.735457,0.680537,0.809854,0.420839,0.601615
frame_1552,1552,0.505193,0.770145,0.655963,0.807378,0.428865,0.599183
frame_1553,1553,0.518615,0.769190,0.676364,0.778940,0.438649,0.592418
frame_1554,1554,0.521226,0.811079,0.631216,0.778445,0.410320,0.673351
frame_1555,1555,0.515410,0.819274,0.664674,0.786292,0.431119,0.656879
frame_1556,1556,0.504110,0.767833,0.688495,0.770282,0.403496,0.661932
frame_1557,1557,0.501672,0.787045,0.692548,0.773745,0.385579,0.664571
frame_1558,1558,0.498182,0.766049,0.675342,0.824668,0.390097,0.662485
frame_1559,1559,0.468743,0.800271,0.664465,0.800225,0.426452,0.681048
frame_1560,1560,0.469313,0.765147,0.663891,0.786190,0.458936,0.650810
frame_1561,1561,0.561968,0.801604,0.698685,0.720078,0.470155,0.639499
frame_1562,1562,0.520283,0.793587,0.650901,0.725922,0.453971,0.671331
frame_1563,1563,0.561659,0.808153,0.664363,0.722817,0.444908,0.616547
frame_1564,1564,0.513006,0.765993,0.648722,0.785465,0.453853,0.592764
frame_1565,1565,0.487676,0.823350,0.645346,0.741914,0.511122,0.546465
frame_1566,1566,0.491433,0.802229,0.622852,0.731232,0.501379,0.569480
frame_1567,1567,0.464036,0.844108,0.657032,0.753370,0.488523,0.594176
frame_1568,1568,0.467616,0.806369,0.621737,0.768012,0.470150,0.577018
frame_1569,1569,0.486035,0.794136,0.607263,0.709122,0.484325,0.520475
frame_1570,1570,0.476508,0.802727,0.641101,0.765388,0.493020,0.598595
frame_1571,1571,0.494754,0.837992,0.614493,0.743719,0.506163,0.608905
frame_1572,1572,0.495348,0.795454,0.657057,0.815440,0.500131,0.546758
frame_1573,1573,0.472825,0.795390,0.630004,0.755422,0.471918,0.547663
frame_1574,1574,0.473682,0.768511,0.617541,0.777933,0.460680,0.541165
frame_1575,1575,0.492006,0.774392,0.620173,0.810495,0.429607,0.576339
frame_1576,1576,0.507129,0.792053,0.624646,0.811330,0.419347,0.557791
frame_1577,1577,0.539693,0.740710,0.610348,0.770083,0.429003,0.589268
frame_1578,1578,0.489994,0.782364,0.597257,0.814569,0.461537,0.574221
frame_1579,1579,0.554466,0.761735,0.579576,0.857378,0.489684,0.562991
frame_1580,1580,0.521138,0.815794,0.590546,0.848488,0.471884,0.586880
frame_1581,1581,0.496390,0.807844,0.568668,0.845300,0.472440,0.583189
frame_1582,1582,0.523022,0.730697,0.572669,0.835080,0.394696,0.575091
frame_1583,1583,0.500456,0.753661,0.613903,0.803542,0.378223,0.553175
frame_1584,1584,0.585540,0.774707,0.588145,0.836592,0.402606,0.582779
frame_1585,1585,0.532982,0.776126,0.622115,0.838065,0.402675,0.621614
frame_1586,1586,0.571624,0.772755,0.626152,0.792177,0.360166,0.647615
frame_1587,1587,0.485926,0.759792,0.621469,0.835711,0.378157,0.647319
frame_1588,1588,0.514774,0.744805,0.650670,0.789638,0.399799,0.640982
frame_1589,1589,0.528764,0.759512,0.600627,0.775609,0.371183,0.630834
frame_1590,1590,0.508507,0.717680,0.662839,0.818104,0.391326,0.672031
frame_1591,1591,0.500100,0.758841,0.600446,0.846474,0.278451,0.637165
frame_1592,1592,0.460929,0.715665,0.565614,0.844139,0.336252,0.650567
frame_1593,1593,0.474995,0.712828,0.565231,0.845372,0.323036,0.666601
frame_1594,1594,0.517752,0.801251,0.564262,0.808958,0.343789,0.600187
frame_1595,1595,0.509955,0.776755,0.555562,0.847611,0.320575,0.595348
frame_1596,1596,0.554923,0.784522,0.554555,0.841427,0.395134,0.608918
frame_1597,1597,0.544520,0.789792,0.552011,0.855805,0.392462,0.581323
frame_1598,1598,0.522516,0.778933,0.570479,0.829578,0.401970,0.605761
frame_1599,1599,0.552690,0.764572,0.586291,0.785875,0.424363,0.609765
frame_1600,1600,0.535097,0.730349,0.594441,0.806590,0.394726,0.590853
frame_1601,1601,0.558941,0.765829,0.670100,0.719302,0.434448,0.535223
frame_1602,1602,0.541352,0.773813,0.654266,0.758432,0.388934,0.562456
frame_1603,1603,0.498036,0.800660,0.633056,0.747745,0.418892,0.521999
frame_1604,1604,0.482442,0.824554,0.648654,0.767171,0.416608,0.560119
frame_1605,1605,0.515111,0.768203,0.584615,0.773971,0.417797,0.632071
frame_1606,1606,0.518481,0.812187,0.605267,0.809343,0.421045,0.572376
frame_1607,1607,0.560454,0.784826,0.572366,0.817544,0.398784,0.606298
frame_1608,1608,0.504063,0.808287,0.608173,0.810300,0.369171,0.627023
frame_1609,1609,0.537929,0.800537,0.560076,0.793816,0.358347,0.637169
frame_1610,1610,0.563878,0.797213,0.587552,0.795246,0.397936,0.662759
frame_1611,1611,0.502775,0.803339,0.574304,0.810637,0.383413,0.558264
frame_1612,1612,0.523613,0.763994,0.586554,0.842366,0.358893,0.555999
frame_1613,1613,0.538509,0.738911,0.599753,0.783177,0.344235,0.555281
frame_1614,1614,0.533594,0.728817,0.573604,0.868430,0.382294,0.542157
frame_1615,1615,0.515419,0.775752,0.591775,0.850343,0.359417,0.597756
frame_1616,1616,0.472740,0.767932,0.592967,0.763772,0.374453,0.634915
frame_1617,1617,0.469101,0.762451,0.584664,0.806087,0.400383,0.554902
frame_1618,1618,0.491148,0.741764,0.550551,0.814858,0.443991,0.544556
frame_1619,1619,0.520688,0.745916,0.569170,0.785500,0.447999,0.532089
frame_1620,1620,0.515425,0.770906,0.558308,0.816467,0.414824,0.532734
frame_1621,1621,0.531315,0.725096,0.542127,0.844213,0.373882,0.585557
frame_1622,1622,0.514338,0.732180,0.614055,0.823739,0.382107,0.590097
frame_1623,1623,0.566480,0.777686,0.626724,0.828992,0.398970,0.594721
frame_1624,1624,0.502868,0.731197,0.566076,0.852785,0.394240,0.621969
frame_1625,1625,0.544619,0.740515,0.595090,0.852881,0.325940,0.638203
frame_1626,1626,0.572388,0.773990,0.598294,0.804347,0.343550,0.639692
frame_1627,1627,0.553808,0.791199,0.589119,0.831949,0.367169,0.604783
frame_1628,1628,0.462811,0.766233,0.563891,0.803306,0.388727,0.573845
frame_1629,1629,0.554065,0.803660,0.579746,0.814629,0.381485,0.572547
frame_1630,1630,0.597239,0.777466,0.586378,0.832279,0.414945,0.661141
frame_1631,1631,0.601190,0.801450,0.557397,0.791710,0.382340,0.597603
frame_1632,1632,0.577896,0.815296,0.578575,0.775481,0.350845,0.620504
frame_1633,1633,0.595073,0.785727,0.644609,0.783360,0.345538,0.634672
frame_1634,1634,0.586996,0.789988,0.609776,0.770143,0.364643,0.577057
frame_1635,1635,0.573093,0.780210,0.630980,0.731640,0.445389,0.558582
frame_1636,1636,0.552747,0.787508,0.616432,0.757540,0.471722,0.587331
frame_1637,1637,0.539665,0.801273,0.613406,0.774489,0.421580,0.592392
frame_1638,1638,0.571200,0.828609,0.597844,0.820577,0.384788,0.576775
frame_1639,1639,0.575785,0.842492,0.655676,0.802782,0.404155,0.591846
frame_1640,1640,0.576828,0.812056,0.667718,0.777071,0.419473,0.616419
frame_1641,1641,0.517558,0.797561,0.630226,0.786807,0.407050,0.569942
frame_1642,1642,0.523720,0.820154,0.615704,0.800526,0.416927,0.616981
frame_1643,1643,0.533787,0.791397,0.679411,0.748125,0.394303,0.590626
frame_1644,1644,0.490024,0.791324,0.643150,0.759448,0.403877,0.592032
frame_1645,1645,0.489526,0.703618,0.624500,0.748505,0.373241,0.587753
frame_1646,1646,0.479119,0.729779,0.671139,0.781119,0.334324,0.594824
frame_1647,1647,0.538571,0.722849,0.624089,0.743385,0.366208,0.588814
frame_1648,1648,0.568485,0.683906,0.677864,0.750919,0.320432,0.584807
frame_1649,1649,0.478995,0.668928,0.620471,0.789114,0.408305,0.602724
frame_1650,1650,0.477117,0.672879,0.591883,0.769446,0.389154,0.585312
frame_1651,1651,0.491246,0.698293,0.624788,0.721137,0.411680,0.583654
frame_1652,1652,0.477839,0.714914,0.642575,0.786984,0.475216,0.613476
frame_1653,1653,0.483161,0.734707,0.659777,0.773054,0.437946,0.607590
frame_1654,1654,0.504366,0.713869,0.654492,0.773824,0.428694,0.619365
frame_1655,1655,0.493807,0.692998,0.651016,0.762474,0.419691,0.650906
frame_1656,1656,0.496499,0.675675,0.640734,0.794324,0.399317,0.616195
frame_1657,1657,0.486058,0.684382,0.666556,0.796748,0.451170,0.638172
frame_1658,1658,0.542271,0.736744,0.731580,0.842314,0.443962,0.634287
frame_1659,1659,0.524101,0.803697,0.714112,0.842658,0.459329,0.585353
frame_1660,1660,0.513174,0.793267,0.684543,0.829529,0.502591,0.639015
frame_1661,1661,0.510755,0.804017,0.638548,0.795462,0.514698,0.600601
frame_1662,1662,0.501366,0.788857,0.669180,0.817096,0.425719,0.607235
frame_1663,1663,0.439897,0.755067,0.629210,0.836339,0.410411,0.607712
frame_1664,1664,0.385503,0.821534,0.643920,0.838844,0.382627,0.553082
frame_1665,1665,0.385550,0.822531,0.636758,0.839229,0.442979,0.608284
frame_1666,1666,0.433771,0.811248,0.606285,0.821196,0.450524,0.581957
frame_1667,1667,0.452738,0.767783,0.590557,0.808374,0.476769,0.651242
frame_1668,1668,0.502338,0.752222,0.631071,0.805676,0.418861,0.572216
frame_1669,1669,0.394024,0.774510,0.585910,0.810699,0.417640,0.552508
frame_1670,1670,0.446019,0.800611,0.639203,0.851186,0.409056,0.578934
frame_1671,1671,0.438624,0.782974,0.609734,0.810800,0.401542,0.595658
frame_1672,1672,0.513753,0.754706,0.576476,0.786389,0.462059,0.613608
frame_1673,1673,0.455759,0.807048,0.579935,0.814769,0.456598,0.596446
frame_1674,1674,0.462588,0.799311,0.596903,0.823885,0.420853,0.644177
frame_1675,1675,0.497266,0.829517,0.625839,0.837080,0.510514,0.597629
frame_1676,1676,0.488165,0.820631,0.608644,0.810959,0.477173,0.576069
frame_1677,1677,0.456412,0.782296,0.605663,0.793791,0.473614,0.604126
frame_1678,1678,0.467888,0.828386,0.591066,0.822532,0.471090,0.546682
frame_1679,1679,0.501837,0.834299,0.576770,0.850461,0.493672,0.595518
frame_1680,1680,0.526184,0.829172,0.609276,0.811288,0.519150,0.585504
frame_1681,1681,0.475187,0.839984,0.612260,0.856427,0.512089,0.608779
frame_1682,1682,0.452258,0.845643,0.611575,0.834693,0.520423,0.552565
frame_1683,1683,0.459571,0.853748,0.637158,0.864121,0.455535,0.579877
frame_1684,1684,0.524196,0.797424,0.597660,0.859335,0.480384,0.574627
frame_1685,1685,0.545415,0.807711,0.602669,0.840311,0.483473,0.604417
frame_1686,1686,0.551432,0.796556,0.635232,0.833535,0.488130,0.590741
frame_1687,1687,0.569713,0.797358,0.620424,0.856451,0.480529,0.615434
frame_1688,1688,0.560604,0.752859,0.636393,0.855704,0.440307,0.606579
frame_1689,1689,0.515027,0.727059,0.648920,0.837439,0.411568,0.595277
frame_1690,1690,0.534108,0.726467,0.649990,0.823523,0.431631,0.613969
frame_1691,1691,0.599087,0.701391,0.662324,0.809778,0.444725,0.616784
frame_1692,1692,0.523574,0.722012,0.695970,0.767663,0.383749,0.611876
frame_1693,1693,0.551973,0.724061,0.689722,0.791769,0.413909,0.570419
frame_1694,1694,0.561842,0.778544,0.707289,0.810904,0.419106,0.640841
frame_1695,1695,0.556691,0.798701,0.651920,0.785340,0.395538,0.567329
frame_1696,1696,0.545189,0.823794,0.675701,0.826072,0.409215,0.654625
frame_1697,1697,0.541082,0.784391,0.673847,0.832939,0.446056,0.625222
frame_1698,1698,0.526055,0.752870,0.657648,0.813943,0.388653,0.638227
frame_1699,1699,0.568931,0.713412,0.671306,0.805976,0.390888,0.604143
frame_1700,1700,0.520342,0.708636,0.692142,0.771053,0.382209,0.632881
frame_1701,1701,0.578008,0.680743,0.666964,0.798419,0.382193,0.686072
frame_1702,1702,0.564765,0.670454,0.695759,0.821515,0.360246,0.625423
frame_1703,1703,0.543990,0.688820,0.622271,0.799070,0.395049,0.653877
frame_1704,1704,0.583907,0.669064,0.630531,0.816561,0.415819,0.714362
frame_1705,1705,0.528068,0.631982,0.588216,0.831997,0.410346,0.661888
frame_1706,1706,0.482162,0.645893,0.593641,0.835902,0.429284,0.722234
frame_1707,1707,0.553735,0.686980,0.587652,0.839636,0.463099,0.631034
frame_1708,1708,0.536117,0.689434,0.628994,0.800124,0.385926,0.611861
frame_1709,1709,0.513344,0.689030,0.679985,0.839843,0.373246,0.742526
frame_1710,1710,0.553308,0.707763,0.611022,0.829678,0.391988,0.713665
frame_1711,1711,0.563340,0.710326,0.645433,0.824383,0.454900,0.675090
frame_1712,1712,0.573046,0.769479,0.653668,0.794965,0.463659,0.663799
frame_1713,1713,0.570527,0.809014,0.697345,0.771382,0.463222,0.650227
frame_1714,1714,0.572375,0.796119,0.661056,0.764601,0.438698,0.604029
frame_1715,1715,0.629003,0.805079,0.670548,0.790504,0.455313,0.626261
frame_1716,1716,0.579861,0.834458,0.663904,0.760233,0.468479,0.610658
frame_1717,1717,0.596889,0.770588,0.649627,0.771101,0.469272,0.618220
frame_1718,1718,0.584826,0.771984,0.649040,0.786548,0.447297,0.603168
frame_1719,1719,0.549993,0.851995,0.683455,0.790382,0.395282,0.629399
frame_1720,1720,0.547972,0.799302,0.677986,0.759706,0.454485,0.636110
frame_1721,1721,0.596762,0.830450,0.664517,0.770884,0.406919,0.660395
frame_1722,1722,0.526219,0.819539,0.662500,0.763731,0.427251,0.666007
frame_1723,1723,0.545569,0.764288,0.654846,0.801871,0.410902,0.642358
frame_1724,1724,0.503377,0.805064,0.626106,0.756602,0.458088,0.575620
frame_1725,1725,0.515881,0.801384,0.624445,0.799285,0.446646,0.563915
frame_1726,1726,0.530246,0.792012,0.663129,0.770032,0.449316,0.602398
frame_1727,1727,0.504443,0.756365,0.638584,0.825325,0.405025,0.627230
frame_1728,1728,0.547225,0.806845,0.630097,0.795202,0.418765,0.622717
frame_1729,1729,0.524184,0.780000,0.620183,0.778259,0.396278,0.608568
frame_1730,1730,0.490996,0.811570,0.639370,0.867448,0.415841,0.634311
frame_1731,1731,0.533629,0.804293,0.615205,0.864970,0.469230,0.595672
frame_1732,1732,0.494940,0.756932,0.637379,0.837197,0.384982,0.567508
frame_1733,1733,0.481773,0.740394,0.646496,0.841136,0.408260,0.607623
frame_1734,1734,0.475051,0.777140,0.643060,0.826928,0.432943,0.601877
frame_1735,1735,0.482337,0.801052,0.692405,0.857467,0.413032,0.587383
frame_1736,1736,0.473535,0.751058,0.650862,0.851577,0.318770,0.587213
frame_1737,1737,0.475347,0.768547,0.623259,0.843223,0.364250,0.632010
frame_1738,1738,0.457495,0.731018,0.575065,0.820660,0.354644,0.635825
frame_1739,1739,0.461050,0.683757,0.532270,0.799448,0.313503,0.569909
frame_1740,1740,0.433001,0.752392,0.560435,0.817695,0.335726,0.600183
frame_1741,1741,0.459971,0.688262,0.566628,0.758664,0.357406,0.583910
frame_1742,1742,0.457493,0.707980,0.554966,0.755414,0.337735,0.630485
frame_1743,1743,0.528209,0.721989,0.555548,0.715561,0.411732,0.654607
frame_1744,1744,0.505975,0.729477,0.599382,0.755982,0.398843,0.694738
frame_1745,1745,0.567913,0.725111,0.613698,0.766814,0.401327,0.668039
frame_1746,1746,0.503981,0.779173,0.597754,0.783089,0.375471,0.700303
frame_1747,1747,0.514483,0.754277,0.567589,0.777018,0.405791,0.764319
frame_1748,1748,0.540390,0.784028,0.637029,0.830463,0.424847,0.706956
frame_1749,1749,0.556754,0.759368,0.637501,0.744311,0.364196,0.609231
frame_1750,1750,0.549768,0.776854,0.635773,0.716742,0.387744,0.648914
frame_1751,1751,0.532830,0.776537,0.605982,0.751798,0.357617,0.709252
frame_1752,1752,0.550416,0.782454,0.575475,0.753111,0.392801,0.676694
frame_1753,1753,0.541001,0.823761,0.552652,0.758724,0.394281,0.659628
frame_1754,1754,0.530884,0.807563,0.559098,0.707466,0.404356,0.612583
frame_1755,1755,0.531475,0.852206,0.540161,0.762146,0.385772,0.648265
frame_1756,1756,0.559121,0.816656,0.585406,0.784059,0.413976,0.610910
frame_1757,1757,0.542848,0.821206,0.603343,0.737662,0.415668,0.624278
frame_1758,1758,0.524095,0.779836,0.619378,0.772934,0.435296,0.633909
frame_1759,1759,0.511351,0.752346,0.569522,0.804100,0.489398,0.654926
frame_1760,1760,0.534153,0.770385,0.621016,0.802031,0.413366,0.579331
frame_1761,1761,0.501330,0.775481,0.615744,0.794251,0.435992,0.549657
frame_1762,1762,0.554492,0.794583,0.601407,0.773898,0.406726,0.640170
frame_1763,1763,0.558471,0.792146,0.619508,0.798901,0.400479,0.604309
frame_1764,1764,0.588668,0.781752,0.611631,0.841694,0.427461,0.571543
frame_1765,1765,0.564570,0.707922,0.586857,0.832612,0.403900,0.556658
frame_1766,1766,0.524419,0.748376,0.563399,0.810430,0.397550,0.559498
frame_1767,1767,0.505105,0.750820,0.608266,0.769218,0.394060,0.629876
frame_1768,1768,0.538801,0.707652,0.603741,0.747042,0.413221,0.658610
frame_1769,1769,0.505178,0.738289,0.599353,0.751938,0.442474,0.648948
frame_1770,1770,0.508890,0.712550,0.541496,0.719542,0.422854,0.648571
frame_1771,1771,0.551244,0.758484,0.591174,0.753852,0.383552,0.658183
frame_1772,1772,0.578669,0.721687,0.571468,0.749993,0.423519,0.605497
frame_1773,1773,0.560715,0.739771,0.608491,0.777758,0.399217,0.601589
frame_1774,1774,0.529160,0.678679,0.585587,0.795512,0.417589,0.532507
frame_1775,1775,0.512639,0.687937,0.629287,0.768688,0.395562,0.585174
frame_1776,1776,0.484323,0.685826,0.654176,0.766630,0.407440,0.582502
frame_1777,1777,0.502929,0.730082,0.633947,0.826716,0.394248,0.578834
frame_1778,1778,0.525844,0.695968,0.599377,0.796758,0.418366,0.650257
frame_1779,1779,0.528948,0.701106,0.605773,0.783521,0.400857,0.648452
frame_1780,1780,0.499049,0.710553,0.587053,0.797771,0.439209,0.602765
frame_1781,1781,0.511278,0.696570,0.594765,0.802711,0.387327,0.634077
frame_1782,1782,0.520687,0.726695,0.646657,0.801231,0.454106,0.687036
frame_1783,1783,0.543905,0.713440,0.626607,0.781069,0.400526,0.639566
frame_1784,1784,0.527372,0.690048,0.659392,0.801471,0.428041,0.619873
frame_1785,1785,0.504872,0.721101,0.685213,0.791504,0.419565,0.598679
frame_1786,1786,0.490246,0.715699,0.628952,0.792203,0.454868,0.656688
frame_1787,1787,0.513328,0.735880,0.649298,0.792208,0.431441,0.626302
frame_1788,1788,0.483837,0.751896,0.682794,0.831382,0.396081,0.602165
frame_1789,1789,0.525460,0.759673,0.640115,0.796910,0.444871,0.643296
frame_1790,1790,0.517741,0.747256,0.671197,0.755976,0.452375,0.650278
frame_1791,1791,0.565894,0.767206,0.684317,0.808064,0.422131,0.625812
frame_1792,1792,0.585253,0.723501,0.622230,0.739277,0.449774,0.670009
frame_1793,1793,0.488008,0.766698,0.663042,0.782855,0.403205,0.648303
frame_1794,1794,0.549318,0.767052,0.682168,0.786060,0.400246,0.656899
frame_1795,1795,0.488560,0.743234,0.715051,0.808550,0.447274,0.687188
frame_1796,1796,0.520431,0.741781,0.690138,0.832926,0.442379,0.660561
frame_1797,1797,0.543045,0.764230,0.670529,0.810951,0.422784,0.616142
frame_1798,1798,0.556668,0.689415,0.660947,0.806844,0.398689,0.620651
frame_1799,1799,0.485135,0.694160,0.639153,0.817211,0.317529,0.670277
frame_1800,1800,0.483559,0.658651,0.648973,0.804283,0.415826,0.642318
frame_1801,1801,0.464514,0.644551,0.670829,0.796864,0.389870,0.561797
frame_1802,1802,0.555521,0.678185,0.637862,0.772184,0.456168,0.655540
frame_1803,1803,0.592698,0.703121,0.682747,0.839644,0.432020,0.626382
frame_1804,1804,0.479313,0.666694,0.705677,0.838068,0.408424,0.635787
frame_1805,1805,0.489960,0.695083,0.693542,0.818893,0.402293,0.601268
frame_1806,1806,0.468645,0.709146,0.676256,0.802844,0.347671,0.666409
frame_1807,1807,0.478978,0.691057,0.696085,0.790408,0.367549,0.604308
frame_1808,1808,0.414362,0.674825,0.667833,0.807161,0.407191,0.657392
frame_1809,1809,0.437591,0.621256,0.694604,0.814853,0.401954,0.694613
frame_1810,1810,0.437335,0.691328,0.681915,0.798972,0.324147,0.625267
frame_1811,1811,0.447548,0.655990,0.666153,0.763983,0.411886,0.619657
frame_1812,1812,0.403392,0.643629,0.660215,0.782768,0.386627,0.550361
frame_1813,1813,0.429805,0.605921,0.636733,0.783009,0.358434,0.597081
frame_1814,1814,0.486144,0.648255,0.675442,0.769151,0.413621,0.581033
frame_1815,1815,0.452363,0.712460,0.679150,0.759742,0.404161,0.571545
frame_1816,1816,0.485864,0.698636,0.659530,0.757825,0.391076,0.582020
frame_1817,1817,0.437599,0.726259,0.661760,0.781634,0.416843,0.592730
frame_1818,1818,0.438878,0.706527,0.672567,0.788167,0.372952,0.621544
frame_1819,1819,0.473523,0.724978,0.652873,0.795752,0.374242,0.614653
frame_1820,1820,0.455041,0.724335,0.680199,0.802990,0.370451,0.627357
frame_1821,1821,0.463063,0.734382,0.657309,0.784632,0.403789,0.663149
frame_1822,1822,0.456863,0.739807,0.663157,0.780464,0.391625,0.678348
frame_1823,1823,0.420087,0.712914,0.649235,0.778800,0.385477,0.604353
frame_1824,1824,0.425156,0.756288,0.627130,0.787263,0.380874,0.652111
frame_1825,1825,0.465108,0.753253,0.645846,0.771430,0.395377,0.634265
frame_1826,1826,0.502128,0.806706,0.616377,0.759444,0.382092,0.665387
frame_1827,1827,0.534378,0.813311,0.616554,0.765454,0.423055,0.671351
frame_1828,1828,0.442261,0.766523,0.601765,0.761082,0.445049,0.672620
frame_1829,1829,0.425346,0.760278,0.634342,0.740008,0.491418,0.642502
frame_1830,1830,0.468134,0.743779,0.611888,0.775078,0.424430,0.641708
frame_1831,1831,0.484258,0.759549,0.609458,0.770791,0.406652,0.639326
frame_1832,1832,0.496457,0.763087,0.632282,0.783374,0.433121,0.630293
frame_1833,1833,0.493486,0.765056,0.615212,0.770129,0.460118,0.634987
frame_1834,1834,0.481196,0.773697,0.633713,0.748783,0.423038,0.640941
frame_1835,1835,0.537018,0.795450,0.635247,0.757012,0.442130,0.672271
frame_1836,1836,0.479203,0.813785,0.600590,0.789948,0.427823,0.614339
frame_1837,1837,0.453237,0.816136,0.541547,0.788609,0.435691,0.620721
frame_1838,1838,0.425984,0.836029,0.550318,0.793630,0.393828,0.612226
frame_1839,1839,0.434515,0.758247,0.590258,0.798780,0.389600,0.603466
frame_1840,1840,0.486001,0.802474,0.608466,0.804388,0.422948,0.641737
frame_1841,1841,0.467622,0.808671,0.590314,0.756900,0.412309,0.611168
frame_1842,1842,0.473924,0.770113,0.606895,0.787874,0.423494,0.620402
frame_1843,1843,0.453676,0.793081,0.607019,0.778060,0.401533,0.613598
frame_1844,1844,0.464011,0.730110,0.577864,0.759832,0.410011,0.583857
frame_1845,1845,0.438125,0.718985,0.568680,0.767811,0.385468,0.580916
frame_1846,1846,0.443057,0.701559,0.553209,0.735798,0.454234,0.554843
frame_1847,1847,0.491948,0.664076,0.629246,0.718641,0.408639,0.556042
frame_1848,1848,0.541138,0.664244,0.640726,0.749164,0.457093,0.620442
frame_1849,1849,0.531359,0.690535,0.615505,0.760163,0.392683,0.592591
frame_1850,1850,0.536261,0.703320,0.606547,0.783396,0.374890,0.622017
frame_1851,1851,0.560604,0.667698,0.544231,0.839917,0.318029,0.676667
frame_1852,1852,0.510848,0.660776,0.642421,0.784690,0.359086,0.573588
frame_1853,1853,0.527842,0.688137,0.621623,0.755095,0.376965,0.622649
frame_1854,1854,0.453801,0.686445,0.657662,0.768822,0.382526,0.570805
frame_1855,1855,0.442984,0.682409,0.639786,0.795870,0.381268,0.623666
frame_1856,1856,0.447436,0.694446,0.606043,0.726562,0.353826,0.619655
frame_1857,1857,0.472247,0.706791,0.619880,0.751478,0.329549,0.602652
frame_1858,1858,0.553311,0.703695,0.617642,0.763654,0.373346,0.634994
frame_1859,1859,0.484155,0.726751,0.615067,0.761470,0.374172,0.624289
frame_1860,1860,0.500045,0.700624,0.649487,0.742960,0.398471,0.635467
frame_1861,1861,0.527708,0.722040,0.612804,0.766157,0.399566,0.625872
frame_1862,1862,0.514911,0.709726,0.653194,0.770956,0.419711,0.646994
frame_1863,1863,0.520891,0.697205,0.640106,0.718077,0.411075,0.635036
frame_1864,1864,0.556534,0.719628,0.643986,0.783531,0.439247,0.570025
frame_1865,1865,0.553467,0.718113,0.613926,0.771511,0.438740,0.614762
frame_1866,1866,0.515805,0.761674,0.649360,0.741196,0.447483,0.659308
frame_1867,1867,0.588191,0.740886,0.672084,0.721382,0.467217,0.630962
frame_1868,1868,0.534705,0.766242,0.683241,0.766607,0.477438,0.623487
frame_1869,1869,0.520505,0.810017,0.658658,0.713921,0.465988,0.670977
frame_1870,1870,0.505441,0.812840,0.653364,0.689063,0.455407,0.652804
frame_1871,1871,0.518658,0.761092,0.660317,0.664009,0.479161,0.656242
frame_1872,1872,0.554263,0.769262,0.652068,0.783563,0.427861,0.635184
frame_1873,1873,0.504901,0.766946,0.574573,0.811413,0.460705,0.601787
frame_1874,1874,0.523094,0.741149,0.648795,0.750601,0.448856,0.617730
frame_1875,1875,0.520593,0.734307,0.631093,0.744326,0.452896,0.609056
frame_1876,1876,0.524983,0.719719,0.660127,0.743585,0.408321,0.549450
frame_1877,1877,0.517809,0.682481,0.603813,0.738030,0.450596,0.552359
frame_1878,1878,0.506002,0.746809,0.660736,0.719788,0.434966,0.546806
frame_1879,1879,0.466815,0.741866,0.674390,0.704809,0.479849,0.574505
frame_1880,1880,0.550535,0.716063,0.714470,0.769214,0.442429,0.543748
