Frame,FrameNum,Gray,Natural,Brick Red,Neutral,Accent
frame_0,0,5.0196,61.565999999999995,0.0,21.3298,12.0846
frame_1,1,5.4694,25.580599999999997,0.0,56.315799999999996,12.634200000000002
frame_2,2,12.967800000000002,17.8094,0.0,62.576,6.6468
frame_3,3,12.1472,61.2064,0.0,20.1208,6.5256
frame_4,4,11.8134,40.656400000000005,0.0,40.8168,6.7134
frame_5,5,11.4164,26.728799999999996,0.0,55.290000000000006,6.5648
frame_6,6,11.1318,15.015800000000002,0.0,67.39639999999999,6.456
frame_7,7,11.1744,34.6666,0.0,47.689600000000006,6.4694
frame_8,8,11.3716,56.38419999999999,0.0,26.0096,6.2345999999999995
frame_9,9,11.251800000000001,82.7518,0.0,0.0,5.9964
frame_10,10,5.1708,45.272999999999996,0.0,38.7698,10.7864
frame_11,11,12.1844,81.84899999999999,0.0,0.0,5.9666
frame_12,12,12.817400000000001,81.26,0.0,0.0,5.9226
frame_13,13,15.6864,38.242399999999996,6.780600000000001,39.290600000000005,0.0
frame_14,14,16.0126,52.8528,6.812,24.3226,0.0
frame_15,15,16.731199999999998,53.79619999999999,7.0898,22.3828,0.0
frame_16,16,18.4454,37.108399999999996,7.388400000000001,37.05779999999999,0.0
frame_17,17,18.6292,42.1338,6.997000000000001,32.24,0.0
frame_18,18,19.7024,36.8,7.231999999999999,36.2656,0.0
frame_19,19,18.654799999999998,51.797000000000004,7.173400000000001,22.3748,0.0
frame_20,20,18.1918,52.3324,7.062799999999999,22.413,0.0
frame_21,21,17.317,53.01060000000001,6.8782,22.7942,0.0
frame_22,22,18.786,37.5276,7.205400000000001,36.480999999999995,0.0
frame_23,23,17.9668,51.6794,6.805400000000001,23.5484,0.0
frame_24,24,18.0958,51.2604,7.146800000000001,23.497,0.0
frame_25,25,18.9978,35.1398,7.2985999999999995,38.5638,0.0
frame_26,26,16.061,67.30319999999999,0.0,10.337399999999999,6.2984
frame_27,27,16.691200000000002,76.89059999999999,0.0,0.0,6.418200000000001
frame_28,28,18.8498,51.1302,6.989199999999999,23.030800000000003,0.0
frame_29,29,19.3276,36.3016,7.1996,37.1712,0.0
frame_30,30,19.2786,35.980599999999995,7.3344000000000005,37.4064,0.0
frame_31,31,19.0322,40.08219999999999,7.259799999999999,33.6258,0.0
frame_32,32,18.0646,32.9666,6.901400000000001,42.0674,0.0
frame_33,33,19.6302,35.8764,7.416399999999999,37.077000000000005,0.0
frame_34,34,19.352,37.403400000000005,7.152799999999999,36.0918,0.0
frame_35,35,18.239,64.482,7.0489999999999995,10.23,0.0
frame_36,36,17.0278,66.0112,0.0,10.4886,6.4724
frame_37,37,18.1614,64.4012,6.885199999999999,10.552200000000001,0.0
frame_38,38,20.7948,35.7716,7.3376,36.096000000000004,0.0
frame_39,39,22.0628,33.0696,0.0,44.8676,0.0
frame_40,40,17.3614,76.4024,0.0,0.0,6.2362
frame_41,41,22.216399999999997,33.231,0.0,44.5526,0.0
frame_42,42,18.125799999999998,57.3296,0.0,18.1794,6.3652
frame_43,43,17.735799999999998,57.6052,0.0,18.1824,6.4766
frame_44,44,16.792,76.6866,0.0,0.0,6.5214
frame_45,45,16.6006,56.118399999999994,0.0,19.881,7.3999999999999995
frame_46,46,16.788999999999998,43.6246,0.0,31.9962,7.590199999999999
frame_47,47,15.8254,57.864799999999995,0.0,18.8286,7.4812
frame_48,48,16.811999999999998,55.4968,0.0,19.6034,8.087800000000001
frame_49,49,17.242,54.945,0.0,19.308600000000002,8.504399999999999
frame_50,50,18.651999999999997,40.553200000000004,0.0,31.7426,9.052200000000001
frame_51,51,17.979,54.6624,0.0,27.3586,0.0
frame_52,52,18.125200000000003,52.742599999999996,0.0,29.132199999999997,0.0
frame_53,53,17.465799999999998,53.111799999999995,0.0,29.4224,0.0
frame_54,54,16.8266,53.833,0.0,29.3404,0.0
frame_55,55,18.128,35.355799999999995,0.0,46.516200000000005,0.0
frame_56,56,18.4254,34.753,0.0,46.8216,0.0
frame_57,57,17.808400000000002,41.752,0.0,40.4396,0.0
frame_58,58,19.2268,32.4238,0.0,48.349399999999996,0.0
frame_59,59,19.1358,33.8682,0.0,36.1894,10.8066
frame_60,60,20.628600000000002,31.0788,0.0,36.9176,11.375
frame_61,61,19.3692,32.745000000000005,0.0,36.60020000000001,11.2856
frame_62,62,19.0922,32.7168,0.0,36.779399999999995,11.4116
frame_63,63,19.4352,33.6976,0.0,46.8672,0.0
frame_64,64,19.7856,33.404,0.0,46.8104,0.0
frame_65,65,18.6114,33.8096,0.0,47.57900000000001,0.0
frame_66,66,18.972,23.4568,0.0,57.5712,0.0
frame_67,67,18.8364,33.328199999999995,0.0,47.83540000000001,0.0
frame_68,68,19.3122,33.4498,16.17,31.068,0.0
frame_69,69,19.3826,34.631,15.4792,30.5072,0.0
frame_70,70,18.270999999999997,34.2126,0.0,47.5164,0.0
frame_71,71,19.5426,33.395199999999996,0.0,47.062200000000004,0.0
frame_72,72,20.3874,28.489200000000004,0.0,51.1234,0.0
frame_73,73,18.2676,33.1398,0.0,48.592600000000004,0.0
frame_74,74,17.1732,34.726,0.0,48.1008,0.0
frame_75,75,16.833599999999997,15.1364,0.0,68.03,0.0
frame_76,76,16.6138,26.998,0.0,56.3882,0.0
frame_77,77,15.130199999999999,26.5342,0.0,58.3356,0.0
frame_78,78,15.277199999999999,27.099399999999996,0.0,57.623400000000004,0.0
frame_79,79,15.0486,26.962600000000002,0.0,57.9888,0.0
frame_80,80,15.704800000000002,27.183799999999998,0.0,57.1114,0.0
frame_81,81,15.770800000000001,27.2206,0.0,57.0086,0.0
frame_82,82,7.684399999999999,43.0996,0.0,32.1886,17.0274
frame_83,83,7.5728,23.1802,0.0,52.65660000000001,16.5904
frame_84,84,8.2194,33.6082,0.0,41.439,16.7334
frame_85,85,7.958,38.2744,0.0,37.8344,15.9332
frame_86,86,7.7898,42.0554,0.0,34.455000000000005,15.6998
frame_87,87,7.2010000000000005,42.0862,0.0,35.8482,14.8646
frame_88,88,7.4364,40.1456,0.0,37.7044,14.7136
frame_89,89,7.3656,41.5894,0.0,36.4786,14.566399999999998
frame_90,90,7.348599999999999,41.23080000000001,0.0,36.81379999999999,14.6068
frame_91,91,7.211399999999999,40.9856,0.0,36.856,14.947
frame_92,92,7.446400000000001,44.1446,0.0,33.042,15.367
frame_93,93,7.445,42.3592,17.0406,16.639200000000002,16.516000000000002
frame_94,94,17.538,50.5822,0.0,21.360799999999998,10.519
frame_95,95,9.0808,20.9274,0.0,50.1114,19.8804
frame_96,96,18.9914,35.8592,0.0,45.1494,0.0
frame_97,97,17.6562,33.8628,20.5554,27.9256,0.0
frame_98,98,17.9986,36.0896,0.0,45.9118,0.0
frame_99,99,16.870800000000003,48.66759999999999,20.4588,14.0028,0.0
frame_100,100,17.7106,47.324200000000005,20.778,14.1872,0.0
frame_101,101,17.1784,49.073600000000006,19.42,14.328,0.0
frame_102,102,8.4164,48.061,19.0626,15.044599999999999,9.4154
frame_103,103,8.2516,47.114399999999996,19.742199999999997,15.4288,9.463000000000001
frame_104,104,8.781,28.1176,0.0,52.974999999999994,10.1264
frame_105,105,8.5082,27.771600000000003,0.0,53.467600000000004,10.252600000000001
frame_106,106,8.2022,27.497,0.0,53.610200000000006,10.6906
frame_107,107,8.054400000000001,27.937799999999996,0.0,53.1358,10.872
frame_108,108,8.2294,15.677,0.0,64.9084,11.1852
frame_109,109,7.6678,30.9974,0.0,49.995,11.3398
frame_110,110,7.9754000000000005,30.655600000000007,0.0,50.0618,11.3072
frame_111,111,8.1236,30.227400000000003,0.0,50.0754,11.5736
frame_112,112,8.2998,29.5636,0.0,52.0328,10.1038
frame_113,113,8.039399999999999,30.7348,0.0,51.5236,9.7022
frame_114,114,8.3604,28.542599999999997,0.0,53.491600000000005,9.6054
frame_115,115,9.7868,27.7522,0.0,52.87460000000001,9.586400000000001
frame_116,116,9.229,27.6252,0.0,54.1156,9.030199999999999
frame_117,117,8.991200000000001,27.8862,0.0,54.166799999999995,8.9558
frame_118,118,8.5024,27.887600000000003,0.0,54.551399999999994,9.0586
frame_119,119,8.3458,27.790399999999998,0.0,55.1116,8.7522
frame_120,120,8.047799999999999,28.009600000000002,0.0,55.483399999999996,8.4592
frame_121,121,8.9544,28.0852,0.0,54.354,8.6064
frame_122,122,8.1632,28.709200000000003,0.0,54.492,8.6356
frame_123,123,8.2482,28.802999999999994,0.0,54.5342,8.4146
frame_124,124,8.389199999999999,29.077200000000005,0.0,54.1014,8.4322
frame_125,125,7.209599999999999,29.853,0.0,54.5146,8.4228
frame_126,126,16.4864,29.210200000000004,0.0,54.3034,0.0
frame_127,127,8.4226,28.7186,0.0,54.3782,8.4806
frame_128,128,8.4872,29.4016,0.0,53.722,8.389199999999999
frame_129,129,18.4948,29.0062,0.0,52.498999999999995,0.0
frame_130,130,17.587799999999998,29.925,0.0,52.4872,0.0
frame_131,131,18.707,29.0078,0.0,52.285199999999996,0.0
frame_132,132,18.5778,29.087999999999997,0.0,52.334199999999996,0.0
frame_133,133,18.599,29.786600000000004,0.0,51.614399999999996,0.0
frame_134,134,18.542599999999997,30.5718,0.0,50.8856,0.0
frame_135,135,21.267599999999998,29.5374,0.0,49.195,0.0
frame_136,136,19.7986,48.0526,0.0,32.1488,0.0
frame_137,137,20.903,66.6432,0.0,12.4538,0.0
frame_138,138,23.8638,65.0066,0.0,11.1296,0.0
frame_139,139,17.654199999999996,60.7578,0.0,21.588,0.0
frame_140,140,17.0684,74.77259999999998,0.0,8.158999999999999,0.0
frame_141,141,17.6294,74.8316,0.0,7.539,0.0
frame_142,142,17.4548,75.7676,0.0,6.7776000000000005,0.0
frame_143,143,16.6676,77.04920000000001,0.0,6.2832,0.0
frame_144,144,8.1526,68.27919999999999,0.0,12.2878,11.2804
frame_145,145,7.6137999999999995,81.3228,0.0,0.0,11.0634
frame_146,146,20.1406,73.38560000000001,0.0,6.473800000000001,0.0
frame_147,147,19.356,61.1416,0.0,19.5024,0.0
frame_148,148,18.3308,58.999599999999994,0.0,22.669600000000003,0.0
frame_149,149,17.4998,60.325799999999994,0.0,22.1744,0.0
frame_150,150,18.668000000000003,81.33200000000001,0.0,0.0,0.0
frame_151,151,17.7372,62.8394,0.0,19.423399999999997,0.0
frame_152,152,17.0552,82.9448,0.0,0.0,0.0
frame_153,153,16.974,83.02599999999998,0.0,0.0,0.0
frame_154,154,14.945399999999998,85.0546,0.0,0.0,0.0
frame_155,155,21.5516,71.0606,0.0,7.3878,0.0
frame_156,156,7.8738,51.00340000000001,0.0,41.122800000000005,0.0
frame_157,157,14.746,85.25399999999999,0.0,0.0,0.0
frame_158,158,20.6154,72.746,0.0,6.6386,0.0
frame_159,159,19.3118,75.11500000000001,0.0,5.5732,0.0
frame_160,160,21.8902,71.4476,0.0,6.6622,0.0
frame_161,161,23.0444,68.83019999999999,0.0,8.1254,0.0
frame_162,162,23.0262,68.58060000000002,0.0,8.3932,0.0
frame_163,163,23.0952,68.279,0.0,8.6258,0.0
frame_164,164,22.9296,68.652,0.0,8.4184,0.0
frame_165,165,22.642200000000003,68.975,0.0,8.3828,0.0
frame_166,166,22.7656,68.2498,0.0,8.9846,0.0
frame_167,167,22.576,69.54780000000001,0.0,7.8762,0.0
frame_168,168,22.1976,69.7952,0.0,8.007200000000001,0.0
frame_169,169,22.122,69.7674,0.0,8.1106,0.0
frame_170,170,21.529600000000002,50.6872,0.0,27.7832,0.0
frame_171,171,20.8264,51.8626,0.0,27.310999999999996,0.0
frame_172,172,21.381800000000002,50.85380000000001,0.0,27.764400000000002,0.0
frame_173,173,20.3312,47.523199999999996,0.0,32.1456,0.0
frame_174,174,20.849999999999998,51.25919999999999,0.0,27.8908,0.0
frame_175,175,21.1728,51.4592,0.0,27.368000000000002,0.0
frame_176,176,21.2004,50.7416,0.0,28.058,0.0
frame_177,177,10.9038,60.6182,0.0,16.5154,11.9626
frame_178,178,18.667,69.0874,0.0,0.0,12.2456
frame_179,179,18.5368,51.60920000000001,0.0,29.854000000000003,0.0
frame_180,180,20.2596,50.7988,0.0,28.9416,0.0
frame_181,181,17.169600000000003,39.4246,0.0,43.4058,0.0
frame_182,182,15.362799999999998,71.729,0.0,0.0,12.9082
frame_183,183,15.6524,71.73299999999999,0.0,12.614600000000001,0.0
frame_184,184,18.353599999999997,51.5962,0.0,30.0502,0.0
frame_185,185,17.5946,57.55200000000001,0.0,24.853400000000004,0.0
frame_186,186,16.1582,73.0904,0.0,0.0,10.7514
frame_187,187,16.9286,72.4652,0.0,0.0,10.606200000000001
frame_188,188,17.692999999999998,71.847,0.0,0.0,10.459999999999999
frame_189,189,17.1322,73.4394,0.0,0.0,9.4284
frame_190,190,19.836599999999997,71.37219999999999,0.0,8.7912,0.0
frame_191,191,19.0612,56.860600000000005,0.0,24.0782,0.0
frame_192,192,21.040999999999997,56.321,0.0,22.638,0.0
frame_193,193,18.856,74.039,0.0,7.105,0.0
frame_194,194,19.135,58.6972,0.0,22.1678,0.0
frame_195,195,21.0606,39.1952,0.0,39.7442,0.0
frame_196,196,19.328400000000002,40.014,0.0,40.6576,0.0
frame_197,197,19.8654,39.4334,0.0,40.70120000000001,0.0
frame_198,198,19.1232,53.0404,0.0,27.8364,0.0
frame_199,199,18.275799999999997,59.0128,0.0,22.7114,0.0
frame_200,200,16.0604,75.92360000000001,0.0,8.016,0.0
frame_201,201,16.625400000000003,58.5302,0.0,24.8444,0.0
frame_202,202,17.6512,59.28679999999999,0.0,23.061999999999998,0.0
frame_203,203,18.5586,58.4432,0.0,22.9982,0.0
frame_204,204,19.444200000000002,72.258,0.0,8.297799999999999,0.0
frame_205,205,17.8836,74.15759999999999,0.0,7.958800000000001,0.0
frame_206,206,19.1328,73.09140000000001,0.0,7.775799999999999,0.0
frame_207,207,18.651400000000002,73.19800000000001,0.0,0.0,8.150599999999999
frame_208,208,18.418,73.51520000000001,0.0,8.0668,0.0
frame_209,209,17.872,74.2882,0.0,0.0,7.839799999999999
frame_210,210,17.654999999999998,74.31,0.0,0.0,8.035
frame_211,211,18.2696,54.9498,0.0,18.5316,8.248999999999999
frame_212,212,18.3444,54.217800000000004,0.0,19.0622,8.3756
frame_213,213,17.9088,55.192600000000006,0.0,18.684,8.214599999999999
frame_214,214,17.497200000000003,41.5072,0.0,32.7136,8.282
frame_215,215,18.9868,40.0884,0.0,32.542,8.3828
frame_216,216,19.8,53.138200000000005,0.0,19.1498,7.912
frame_217,217,21.3182,41.64420000000001,0.0,29.441200000000002,7.5964
frame_218,218,19.546,41.8662,0.0,31.480600000000003,7.1072
frame_219,219,20.046200000000002,42.0582,0.0,31.1866,6.709
frame_220,220,18.8868,26.1282,0.0,47.7268,7.2581999999999995
frame_221,221,16.5468,26.3288,0.0,49.2368,7.8876
frame_222,222,17.1534,38.769999999999996,0.0,36.394000000000005,7.682600000000001
frame_223,223,16.142799999999998,45.7882,0.0,31.015000000000004,7.054
frame_224,224,14.9534,32.9418,0.0,46.1094,5.9954
frame_225,225,15.731200000000001,33.6192,0.0,50.64959999999999,0.0
frame_226,226,15.0812,48.4156,0.0,36.5032,0.0
frame_227,227,15.695,32.979,0.0,51.32600000000001,0.0
frame_228,228,16.771,50.3514,0.0,32.87760000000001,0.0
frame_229,229,13.1834,55.71119999999999,0.0,31.105400000000007,0.0
frame_230,230,13.1418,55.760600000000004,0.0,25.846199999999996,5.251399999999999
frame_231,231,12.2026,68.6616,0.0,14.039399999999999,5.0964
frame_232,232,22.7694,57.5104,0.0,19.7202,0.0
frame_233,233,15.440000000000001,66.5524,0.0,18.0076,0.0
frame_234,234,16.981,65.3348,0.0,17.6842,0.0
frame_235,235,15.814400000000001,49.0448,0.0,35.1408,0.0
frame_236,236,22.031,55.3032,0.0,22.6658,0.0
frame_237,237,22.6234,23.152,0.0,54.2246,0.0
frame_238,238,23.5908,22.0278,0.0,54.3814,0.0
frame_239,239,24.493000000000002,21.1708,0.0,54.3362,0.0
frame_240,240,15.0864,63.4934,0.0,21.4202,0.0
frame_241,241,14.962799999999998,63.873599999999996,0.0,21.1636,0.0
frame_242,242,16.1234,62.82920000000001,0.0,21.0474,0.0
frame_243,243,16.068199999999997,62.642999999999994,0.0,21.2888,0.0
frame_244,244,14.8676,43.501599999999996,0.0,41.6308,0.0
frame_245,245,9.8768,44.6538,0.0,38.1634,7.306
frame_246,246,9.5068,42.2304,0.0,41.198,7.0648
frame_247,247,9.6366,25.7044,0.0,57.274,7.385
frame_248,248,8.0498,55.9302,0.0,28.460399999999996,7.5596
frame_249,249,7.784000000000001,54.90980000000001,0.0,29.842000000000002,7.4642
frame_250,250,7.2394,25.7992,0.0,58.9356,8.0258
frame_251,251,5.9714,12.105,0.0,73.7924,8.1312
frame_252,252,5.2408,40.2018,0.0,45.485200000000006,9.0722
frame_253,253,5.9646,25.807600000000004,0.0,59.053200000000004,9.1746
frame_254,254,5.8248,25.668999999999997,0.0,59.22059999999999,9.285599999999999
frame_255,255,6.2918,40.4248,0.0,43.8872,9.3962
frame_256,256,6.254999999999999,27.6966,0.0,57.070600000000006,8.9778
frame_257,257,7.066400000000001,41.5434,0.0,42.83480000000001,8.5554
frame_258,258,5.567,28.383999999999997,0.0,57.9356,8.1134
frame_259,259,7.06,31.0616,0.0,54.348200000000006,7.5302
frame_260,260,14.347399999999999,15.7094,0.0,69.9432,0.0
frame_261,261,11.9938,79.2956,0.0,8.7106,0.0
frame_262,262,11.006599999999999,81.32639999999999,0.0,7.667,0.0
frame_263,263,11.551400000000001,55.4594,0.0,32.9892,0.0
frame_264,264,11.246,68.0086,0.0,20.745400000000004,0.0
frame_265,265,10.863,83.1522,0.0,5.9848,0.0
frame_266,266,6.400599999999999,44.445,0.0,39.771,9.3834
frame_267,267,6.472799999999999,42.102399999999996,0.0,41.9544,9.4704
frame_268,268,6.414599999999999,58.0704,0.0,26.064799999999998,9.4502
frame_269,269,5.9866,58.199,0.0,26.429199999999998,9.385200000000001
frame_270,270,5.974,40.714600000000004,0.0,43.8502,9.4612
frame_271,271,6.0636,39.683,0.0,44.8494,9.404
frame_272,272,6.1053999999999995,39.842,0.0,44.7448,9.3078
frame_273,273,6.4399999999999995,39.61019999999999,0.0,44.24,9.7098
frame_274,274,6.372,18.6088,0.0,65.2496,9.7696
frame_275,275,6.5382,40.493599999999994,0.0,43.959,9.0092
frame_276,276,14.4152,58.8958,0.0,26.688999999999997,0.0
frame_277,277,13.229,56.4748,0.0,30.296200000000002,0.0
frame_278,278,14.451599999999997,45.8868,0.0,39.6616,0.0
frame_279,279,13.683600000000002,61.81960000000001,0.0,24.4968,0.0
frame_280,280,12.4426,57.6562,0.0,29.9012,0.0
frame_281,281,13.1948,55.619600000000005,0.0,31.1856,0.0
frame_282,282,12.2588,77.0872,0.0,10.654,0.0
frame_283,283,12.7064,69.3924,0.0,17.9012,0.0
frame_284,284,14.5424,66.80319999999999,0.0,18.6544,0.0
frame_285,285,11.8038,70.4742,0.0,17.721999999999998,0.0
frame_286,286,12.699399999999999,60.8086,0.0,26.491999999999997,0.0
frame_287,287,12.9166,67.5266,0.0,19.5568,0.0
frame_288,288,14.5366,32.4076,0.0,53.0558,0.0
frame_289,289,15.544999999999998,65.2988,0.0,19.156200000000002,0.0
frame_290,290,15.6798,49.1668,0.0,35.153400000000005,0.0
frame_291,291,16.7244,65.7826,0.0,17.493,0.0
frame_292,292,17.6346,65.2058,0.0,17.1596,0.0
frame_293,293,18.1096,62.9318,0.0,18.9586,0.0
frame_294,294,18.0636,63.6788,0.0,18.2576,0.0
frame_295,295,17.186400000000003,50.9742,0.0,31.8394,0.0
frame_296,296,17.461,63.794200000000004,0.0,18.7448,0.0
frame_297,297,17.671400000000002,62.6324,0.0,19.6962,0.0
frame_298,298,16.465200000000003,83.5348,0.0,0.0,0.0
frame_299,299,8.487400000000001,41.787,0.0,39.454,10.2716
frame_300,300,7.4902,29.166400000000003,0.0,52.9366,10.406799999999999
frame_301,301,7.0043999999999995,29.966400000000004,0.0,52.6948,10.3344
frame_302,302,6.7246,30.7166,0.0,52.14920000000001,10.4096
frame_303,303,6.45,65.0818,0.0,17.7034,10.7648
frame_304,304,5.2702,37.8926,0.0,46.541399999999996,10.2958
frame_305,305,5.0894,39.853,0.0,44.9816,10.076
frame_306,306,5.059,39.739000000000004,0.0,45.1708,10.0312
frame_307,307,4.8142,40.6984,0.0,44.431599999999996,10.0558
frame_308,308,5.346,21.810000000000002,0.0,62.5716,10.2724
frame_309,309,4.9368,52.867,0.0,31.849800000000002,10.3464
frame_310,310,5.251399999999999,19.530399999999997,0.0,64.524,10.6942
frame_311,311,5.3366,18.037799999999997,0.0,65.73599999999999,10.889600000000002
frame_312,312,5.5198,28.945,0.0,54.1432,11.392
frame_313,313,6.1076,35.9912,0.0,45.7994,12.1018
frame_314,314,5.7972,35.928599999999996,0.0,45.8522,12.422
frame_315,315,6.2184,35.9874,0.0,44.5914,13.2028
frame_316,316,6.4288,34.0658,0.0,45.7044,13.801
frame_317,317,6.6742,34.3324,0.0,44.35960000000001,14.633799999999999
frame_318,318,6.288399999999999,33.4452,0.0,45.2938,14.9726
frame_319,319,7.0496,32.8704,0.0,44.218199999999996,15.8618
frame_320,320,6.4942,32.2148,0.0,45.089800000000004,16.2012
frame_321,321,6.6486,15.643199999999998,0.0,60.6842,17.024
frame_322,322,14.2914,44.734399999999994,0.0,29.2734,11.700800000000001
frame_323,323,13.842199999999998,30.024800000000003,0.0,44.2782,11.854800000000001
frame_324,324,13.824,30.6378,0.0,43.433,12.1052
frame_325,325,13.772,44.2878,0.0,29.5576,12.3826
frame_326,326,14.7318,27.593600000000002,0.0,44.7466,12.928
frame_327,327,15.3576,39.8068,0.0,44.8356,0.0
frame_328,328,16.9502,39.262,0.0,43.7878,0.0
frame_329,329,20.1052,9.853000000000002,0.0,70.0418,0.0
frame_330,330,20.365,10.1448,0.0,69.4902,0.0
frame_331,331,19.4902,10.3992,0.0,70.1106,0.0
frame_332,332,17.9532,12.0784,0.0,69.9684,0.0
frame_333,333,28.021800000000002,0.0,0.0,71.97819999999999,0.0
frame_334,334,16.8446,13.6008,0.0,69.55460000000001,0.0
frame_335,335,28.5532,9.5368,0.0,61.91,0.0
frame_336,336,29.033400000000004,9.2332,0.0,61.7334,0.0
frame_337,337,28.0104,9.6116,0.0,62.378,0.0
frame_338,338,18.545,16.269799999999996,0.0,65.18519999999998,0.0
frame_339,339,14.6178,24.587799999999998,0.0,60.7944,0.0
frame_340,340,28.2052,9.853000000000002,0.0,61.94179999999999,0.0
frame_341,341,13.625799999999998,24.026799999999998,0.0,62.3474,0.0
frame_342,342,16.7974,11.7926,0.0,62.9852,8.424800000000001
frame_343,343,27.822400000000002,10.7164,0.0,61.461200000000005,0.0
frame_344,344,13.042599999999998,24.6368,0.0,62.320600000000006,0.0
frame_345,345,5.0122,24.3868,0.0,62.003600000000006,8.5974
frame_346,346,16.789,11.8378,0.0,63.27339999999999,8.0998
frame_347,347,15.905800000000001,12.422600000000001,0.0,63.3776,8.294
frame_348,348,4.3106,23.212,0.0,64.55019999999999,7.927199999999999
frame_349,349,4.976,22.892200000000003,0.0,63.30000000000001,8.8318
frame_350,350,4.7976,23.2004,0.0,62.97919999999999,9.0228
frame_351,351,5.0616,23.473,0.0,62.189800000000005,9.2756
frame_352,352,5.3096,24.897,0.0,60.5348,9.2586
frame_353,353,4.492999999999999,24.2532,0.0,62.141000000000005,9.1128
frame_354,354,4.775,24.8148,0.0,61.272999999999996,9.1372
frame_355,355,5.5172,23.846,0.0,60.489599999999996,10.147200000000002
frame_356,356,5.0520000000000005,24.2772,0.0,60.0134,10.6574
frame_357,357,4.881,24.3626,0.0,61.321799999999996,9.4346
frame_358,358,4.933400000000001,24.120599999999996,0.0,61.730399999999996,9.2156
frame_359,359,4.3180000000000005,24.717200000000002,0.0,62.03959999999999,8.9252
frame_360,360,4.683,23.2732,0.0,63.3544,8.6894
frame_361,361,4.259799999999999,20.744400000000002,0.0,66.4396,8.5562
frame_362,362,4.244,20.338800000000003,0.0,66.8166,8.6006
frame_363,363,3.9794000000000005,18.8462,0.0,69.0196,8.1548
frame_364,364,4.6226,20.035,0.0,67.0256,8.3168
frame_365,365,4.5566,18.7882,0.0,68.18260000000001,8.4726
frame_366,366,5.452,11.111,0.0,74.9812,8.4558
frame_367,367,4.3796,19.176399999999997,0.0,67.78500000000001,8.659
frame_368,368,4.6297999999999995,19.2134,0.0,67.16640000000001,8.9904
frame_369,369,5.2170000000000005,10.7466,0.0,74.7832,9.2532
frame_370,370,4.6823999999999995,18.8914,0.0,67.11019999999999,9.316
frame_371,371,5.7306,9.8216,0.0,74.77000000000001,9.6778
frame_372,372,15.457,21.2726,0.0,63.2704,0.0
frame_373,373,15.127400000000002,18.6504,0.0,66.2222,0.0
frame_374,374,16.6582,19.9198,0.0,63.422,0.0
frame_375,375,16.303,9.4132,0.0,74.2838,0.0
frame_376,376,16.6386,9.5776,0.0,73.7838,0.0
frame_377,377,16.810799999999997,22.4972,0.0,60.692,0.0
frame_378,378,17.0064,21.9726,0.0,61.020999999999994,0.0
frame_379,379,16.863,22.283399999999997,0.0,60.8536,0.0
frame_380,380,17.4036,10.144400000000001,0.0,72.452,0.0
frame_381,381,17.9894,23.5794,0.0,58.4312,0.0
frame_382,382,17.4816,10.404399999999999,0.0,72.114,0.0
frame_383,383,17.216199999999997,23.5418,0.0,59.242,0.0
frame_384,384,17.8326,14.8932,0.0,67.27420000000001,0.0
frame_385,385,18.1236,26.1146,0.0,55.761799999999994,0.0
frame_386,386,17.867,26.5104,0.0,55.62260000000001,0.0
frame_387,387,18.1524,44.6024,0.0,37.2452,0.0
frame_388,388,16.793599999999998,45.579800000000006,0.0,37.626599999999996,0.0
frame_389,389,15.719,47.744600000000005,0.0,36.5364,0.0
frame_390,390,14.9654,58.9888,0.0,26.045799999999996,0.0
frame_391,391,13.291,80.56219999999999,0.0,6.1468,0.0
frame_392,392,15.434399999999998,45.872,0.0,32.9312,5.7624
frame_393,393,14.966000000000001,79.9004,0.0,0.0,5.1336
frame_394,394,5.8456,83.4424,0.0,0.0,10.712000000000002
frame_395,395,17.206599999999998,54.66839999999999,0.0,28.125,0.0
frame_396,396,18.6854,75.8344,0.0,5.4802,0.0
frame_397,397,22.4582,55.54420000000001,6.7648,15.2328,0.0
frame_398,398,16.0842,78.87799999999999,0.0,5.0378,0.0
frame_399,399,14.995999999999999,85.00399999999999,0.0,0.0,0.0
frame_400,400,18.052799999999998,76.572,0.0,5.3752,0.0
frame_401,401,18.1058,67.5438,0.0,14.350399999999999,0.0
frame_402,402,18.0808,81.91919999999999,0.0,0.0,0.0
frame_403,403,8.2324,84.1014,0.0,0.0,7.666199999999999
frame_404,404,18.6324,81.3676,0.0,0.0,0.0
frame_405,405,19.4174,80.5826,0.0,0.0,0.0
frame_406,406,21.069399999999998,63.7018,0.0,15.228800000000001,0.0
frame_407,407,20.0056,68.2188,0.0,11.7756,0.0
frame_408,408,20.0848,79.9152,0.0,0.0,0.0
frame_409,409,31.322400000000002,68.67760000000001,0.0,0.0,0.0
frame_410,410,24.859599999999997,66.5192,8.6212,0.0,0.0
frame_411,411,31.544399999999996,68.4556,0.0,0.0,0.0
frame_412,412,31.5792,68.42079999999999,0.0,0.0,0.0
frame_413,413,32.133599999999994,67.8664,0.0,0.0,0.0
frame_414,414,33.0194,66.9806,0.0,0.0,0.0
frame_415,415,30.5946,69.4054,0.0,0.0,0.0
frame_416,416,17.081599999999998,82.91840000000002,0.0,0.0,0.0
frame_417,417,30.246000000000002,69.754,0.0,0.0,0.0
frame_418,418,16.5072,83.49279999999999,0.0,0.0,0.0
frame_419,419,17.519000000000002,82.481,0.0,0.0,0.0
frame_420,420,17.7318,82.2682,0.0,0.0,0.0
frame_421,421,17.0826,77.93540000000002,4.982,0.0,0.0
frame_422,422,17.5954,76.9144,5.4902,0.0,0.0
frame_423,423,14.9756,85.0244,0.0,0.0,0.0
frame_424,424,14.391399999999999,68.80619999999999,0.0,16.802400000000002,0.0
frame_425,425,13.3956,70.10379999999999,0.0,16.500600000000002,0.0
frame_426,426,14.438200000000002,67.9452,0.0,17.6166,0.0
frame_427,427,7.1242,52.885400000000004,0.0,32.123599999999996,7.8668000000000005
frame_428,428,7.420999999999999,54.1962,0.0,30.2084,8.1744
frame_429,429,7.3728,84.17099999999998,0.0,0.0,8.456199999999999
frame_430,430,8.076,82.94,0.0,0.0,8.984
frame_431,431,8.5732,82.284,0.0,0.0,9.1428
frame_432,432,9.1922,81.09479999999999,0.0,0.0,9.713
frame_433,433,9.991999999999999,47.787800000000004,0.0,32.4044,9.8158
frame_434,434,11.0384,60.802200000000006,0.0,17.7614,10.398
frame_435,435,10.786999999999999,61.0494,0.0,17.074,11.089599999999999
frame_436,436,18.146600000000003,56.7984,0.0,18.1008,6.954200000000001
frame_437,437,18.1884,74.57399999999998,0.0,7.2376,0.0
frame_438,438,14.8308,77.1986,0.0,7.9706,0.0
frame_439,439,14.9504,77.25420000000001,0.0,7.7954,0.0
frame_440,440,16.4408,75.06819999999999,0.0,8.491,0.0
frame_441,441,16.3952,74.2164,0.0,9.388399999999999,0.0
frame_442,442,15.748599999999998,74.2324,0.0,10.019,0.0
frame_443,443,15.978200000000001,56.448,0.0,27.573800000000006,0.0
frame_444,444,16.435,55.66660000000001,0.0,27.898400000000002,0.0
frame_445,445,14.473799999999997,72.5676,0.0,12.9586,0.0
frame_446,446,14.2448,71.503,0.0,14.2522,0.0
frame_447,447,15.5424,57.6286,0.0,26.829000000000004,0.0
frame_448,448,15.360600000000002,56.2496,0.0,28.389799999999997,0.0
frame_449,449,15.6602,17.4218,0.0,66.918,0.0
frame_450,450,7.3580000000000005,54.716,0.0,30.8686,7.0573999999999995
frame_451,451,7.7302,53.962599999999995,0.0,31.289,7.018199999999999
frame_452,452,7.850600000000001,52.6154,0.0,32.196200000000005,7.3378
frame_453,453,6.9938,39.3214,0.0,45.8018,7.883
frame_454,454,7.3870000000000005,26.312199999999997,0.0,58.60039999999999,7.7004
frame_455,455,7.481599999999999,25.7642,0.0,58.9058,7.8484
frame_456,456,7.3032,39.5158,0.0,44.943,8.238
frame_457,457,7.0914,51.473800000000004,0.0,31.272,10.162799999999999
frame_458,458,5.9056,37.3958,0.0,45.983,10.7156
frame_459,459,6.5082,38.2214,0.0,45.743,9.5274
frame_460,460,6.1402,38.88399999999999,0.0,45.5818,9.394
frame_461,461,5.9956000000000005,25.281399999999998,0.0,59.033199999999994,9.6898
frame_462,462,5.9112,37.696799999999996,0.0,47.0048,9.3872
frame_463,463,5.2244,24.903400000000005,0.0,60.922,8.9502
frame_464,464,3.9408,24.273400000000002,0.0,62.867799999999995,8.918
frame_465,465,5.165,36.9256,0.0,48.4126,9.4968
frame_466,466,5.1122,37.086200000000005,0.0,48.553,9.2486
frame_467,467,5.1418,26.302800000000005,0.0,58.715399999999995,9.84
frame_468,468,5.8911999999999995,26.6424,0.0,58.3456,9.1208
frame_469,469,5.9294,26.284399999999998,0.0,57.8136,9.9726
frame_470,470,6.1642,25.606,0.0,58.892199999999995,9.3376
frame_471,471,5.4262,26.9436,0.0,57.613800000000005,10.0164
frame_472,472,6.0554,26.4922,0.0,58.013799999999996,9.4386
frame_473,473,6.1312,25.891600000000004,0.0,57.868199999999995,10.109
frame_474,474,5.049,26.506399999999996,0.0,58.8582,9.586400000000001
frame_475,475,6.345199999999999,25.5498,0.0,59.0886,9.016399999999999
frame_476,476,5.357399999999999,25.763400000000004,0.0,59.4464,9.4328
frame_477,477,5.8832,25.712599999999995,0.0,58.761799999999994,9.6424
frame_478,478,5.2176,25.347,0.0,59.6748,9.7606
frame_479,479,6.783799999999999,24.653,0.0,58.5182,10.045
frame_480,480,6.384399999999999,24.6348,0.0,57.471000000000004,11.5098
frame_481,481,6.310200000000001,13.2134,0.0,69.5504,10.926
frame_482,482,6.1488000000000005,24.516,0.0,59.114200000000004,10.221
frame_483,483,5.716799999999999,24.345999999999997,0.0,60.3756,9.5616
frame_484,484,5.502,11.789,0.0,73.4096,9.299399999999999
frame_485,485,5.819,24.301000000000002,0.0,60.6868,9.1932
frame_486,486,6.2548,37.8938,0.0,46.457,9.3944
frame_487,487,6.1084,38.443400000000004,0.0,45.696000000000005,9.7522
frame_488,488,7.2462,41.7934,0.0,41.2426,9.7178
frame_489,489,16.3428,44.4476,0.0,39.2096,0.0
frame_490,490,15.259800000000002,44.4002,0.0,40.339999999999996,0.0
frame_491,491,13.5746,64.2766,0.0,22.1488,0.0
frame_492,492,14.6674,63.46900000000001,0.0,21.863599999999998,0.0
frame_493,493,15.2836,62.3536,0.0,22.3628,0.0
frame_494,494,15.4946,36.977,0.0,47.5284,0.0
frame_495,495,14.9178,44.49380000000001,0.0,40.5884,0.0
frame_496,496,13.573599999999999,41.6548,0.0,44.77160000000001,0.0
frame_497,497,13.459399999999999,41.0312,0.0,45.5094,0.0
frame_498,498,14.538,59.3578,0.0,26.1042,0.0
frame_499,499,13.3192,47.3348,0.0,39.346,0.0
frame_500,500,7.842599999999999,48.8066,0.0,32.133,11.2178
frame_501,501,7.7168,49.163000000000004,0.0,31.946600000000004,11.1736
frame_502,502,6.7334000000000005,48.433800000000005,0.0,33.9454,10.8874
frame_503,503,8.523200000000001,26.466999999999995,0.0,54.1784,10.831399999999999
frame_504,504,7.958600000000001,26.241200000000003,0.0,55.43480000000001,10.3654
frame_505,505,8.6556,16.334799999999998,0.0,64.3746,10.635
frame_506,506,7.1132,42.7546,0.0,39.4782,10.654
frame_507,507,18.5598,69.20920000000001,0.0,12.231,0.0
frame_508,508,19.2678,45.3046,0.0,35.4276,0.0
frame_509,509,19.2726,45.1978,0.0,35.5296,0.0
frame_510,510,19.413000000000004,44.7284,0.0,35.858599999999996,0.0
frame_511,511,30.3554,33.67400000000001,0.0,35.9706,0.0
frame_512,512,18.7276,46.118,0.0,35.154399999999995,0.0
frame_513,513,18.3106,47.2088,0.0,34.4806,0.0
frame_514,514,18.4522,68.95219999999999,0.0,12.595600000000001,0.0
frame_515,515,33.8536,38.624,0.0,27.5224,0.0
frame_516,516,19.9528,66.6322,0.0,13.415,0.0
frame_517,517,35.9302,64.06979999999999,0.0,0.0,0.0
frame_518,518,34.8744,51.3742,0.0,13.7514,0.0
frame_519,519,34.943999999999996,44.1724,0.0,20.883599999999998,0.0
frame_520,520,34.182399999999994,44.572,0.0,21.2456,0.0
frame_521,521,30.835,60.1306,0.0,9.0344,0.0
frame_522,522,25.1114,63.82059999999999,0.0,0.0,11.068
frame_523,523,33.351600000000005,53.2576,0.0,13.3908,0.0
frame_524,524,21.7116,78.2884,0.0,0.0,0.0
frame_525,525,19.0182,67.6708,0.0,13.311,0.0
frame_526,526,18.6902,81.30980000000001,0.0,0.0,0.0
frame_527,527,18.8706,68.32600000000001,0.0,12.803400000000002,0.0
frame_528,528,29.580000000000002,35.1924,0.0,35.227599999999995,0.0
frame_529,529,18.9876,47.733599999999996,0.0,33.2788,0.0
frame_530,530,16.5128,47.208600000000004,0.0,36.2786,0.0
frame_531,531,15.584199999999997,70.6222,0.0,13.7936,0.0
frame_532,532,29.903000000000002,58.5124,0.0,11.5846,0.0
frame_533,533,24.863400000000002,37.241600000000005,0.0,37.895,0.0
frame_534,534,14.646199999999999,62.047200000000004,0.0,23.3066,0.0
frame_535,535,14.747399999999999,62.9486,0.0,22.304,0.0
frame_536,536,25.6792,74.32079999999999,0.0,0.0,0.0
frame_537,537,15.8798,62.617,0.0,21.5032,0.0
frame_538,538,16.1286,63.229600000000005,0.0,20.6418,0.0
frame_539,539,16.9776,70.3434,0.0,12.679000000000002,0.0
frame_540,540,17.3204,68.52579999999999,0.0,14.1538,0.0
frame_541,541,16.783199999999997,70.1376,0.0,13.079199999999998,0.0
frame_542,542,18.284,60.1008,0.0,21.6152,0.0
frame_543,543,17.7272,42.1488,0.0,40.124,0.0
frame_544,544,18.529999999999998,81.47,0.0,0.0,0.0
frame_545,545,21.910200000000003,78.0898,0.0,0.0,0.0
frame_546,546,22.267,39.8442,0.0,37.8888,0.0
frame_547,547,21.508399999999998,56.0128,0.0,22.4788,0.0
frame_548,548,20.4862,56.6232,0.0,22.8906,0.0
frame_549,549,19.3274,41.9128,0.0,38.7598,0.0
frame_550,550,19.4296,41.08,0.0,39.4904,0.0
frame_551,551,19.7912,56.3076,0.0,23.9012,0.0
frame_552,552,20.4218,56.739799999999995,0.0,22.8384,0.0
frame_553,553,20.6588,39.99100000000001,0.0,39.3502,0.0
frame_554,554,20.279999999999998,40.291999999999994,0.0,39.428000000000004,0.0
frame_555,555,20.5172,57.34440000000001,0.0,22.1384,0.0
frame_556,556,20.5538,40.330200000000005,0.0,39.116,0.0
frame_557,557,20.357400000000002,55.931799999999996,0.0,23.710800000000003,0.0
frame_558,558,20.999200000000002,40.3548,0.0,38.646,0.0
frame_559,559,20.937,56.4716,0.0,22.5914,0.0
frame_560,560,21.306399999999996,78.6936,0.0,0.0,0.0
frame_561,561,20.585,54.120400000000004,0.0,25.2946,0.0
frame_562,562,20.3764,55.0426,0.0,24.581,0.0
frame_563,563,20.469199999999997,53.22559999999999,0.0,26.3052,0.0
frame_564,564,20.5094,55.8374,0.0,23.6532,0.0
frame_565,565,21.2014,54.252199999999995,0.0,24.5464,0.0
frame_566,566,21.6064,53.4864,0.0,24.9072,0.0
frame_567,567,22.051,52.81580000000001,0.0,25.1332,0.0
frame_568,568,22.188999999999997,52.470000000000006,0.0,25.341,0.0
frame_569,569,18.9644,53.6578,0.0,27.3778,0.0
frame_570,570,22.040599999999998,41.5994,0.0,36.36000000000001,0.0
frame_571,571,18.074,81.926,0.0,0.0,0.0
frame_572,572,17.8576,82.14240000000001,0.0,0.0,0.0
frame_573,573,17.6096,82.3904,0.0,0.0,0.0
frame_574,574,17.9858,82.01419999999999,0.0,0.0,0.0
frame_575,575,18.4272,70.31280000000001,0.0,11.26,0.0
frame_576,576,18.0434,81.95660000000001,0.0,0.0,0.0
frame_577,577,20.5416,79.45840000000001,0.0,0.0,0.0
frame_578,578,20.073200000000003,79.9268,0.0,0.0,0.0
frame_579,579,20.7544,79.24560000000001,0.0,0.0,0.0
frame_580,580,20.1548,79.84519999999999,0.0,0.0,0.0
frame_581,581,19.7148,80.2852,0.0,0.0,0.0
frame_582,582,20.0942,79.9058,0.0,0.0,0.0
frame_583,583,18.9894,31.586600000000004,0.0,49.424,0.0
frame_584,584,18.7716,42.888,0.0,38.3404,0.0
frame_585,585,19.1714,41.67419999999999,0.0,39.1544,0.0
frame_586,586,20.189600000000002,40.157199999999996,0.0,39.6532,0.0
frame_587,587,19.1148,40.993,0.0,39.8922,0.0
frame_588,588,18.9654,40.6706,0.0,40.364,0.0
frame_589,589,19.1208,40.62,0.0,40.2592,0.0
frame_590,590,18.695800000000002,29.5964,0.0,51.70779999999999,0.0
frame_591,591,19.8494,27.828799999999998,0.0,52.32180000000001,0.0
frame_592,592,19.666800000000002,28.645799999999998,0.0,51.687400000000004,0.0
frame_593,593,20.0488,28.7336,0.0,51.2176,0.0
frame_594,594,20.392599999999998,48.82940000000001,0.0,30.778,0.0
frame_595,595,20.0424,48.934,0.0,31.023600000000002,0.0
frame_596,596,20.0878,47.46360000000001,0.0,32.4486,0.0
frame_597,597,21.2396,48.733799999999995,0.0,30.0266,0.0
frame_598,598,20.8562,28.960600000000003,0.0,50.18320000000001,0.0
frame_599,599,22.9142,35.9626,0.0,41.1232,0.0
frame_600,600,20.946199999999997,25.3922,0.0,53.6616,0.0
frame_601,601,22.7654,44.858,0.0,32.376599999999996,0.0
frame_602,602,23.0762,58.4114,0.0,18.5124,0.0
frame_603,603,22.996,44.7052,0.0,32.2988,0.0
frame_604,604,23.1734,45.0238,0.0,31.802799999999998,0.0
frame_605,605,23.3646,38.5124,0.0,38.123000000000005,0.0
frame_606,606,22.5526,14.447,0.0,63.0004,0.0
frame_607,607,21.9812,34.4704,0.0,43.5484,0.0
frame_608,608,22.8148,56.966800000000006,0.0,20.2184,0.0
frame_609,609,22.5396,45.106199999999994,0.0,32.3542,0.0
frame_610,610,21.582600000000003,58.87,0.0,19.5474,0.0
frame_611,611,22.0522,58.4762,0.0,19.4716,0.0
frame_612,612,19.953,80.047,0.0,0.0,0.0
frame_613,613,30.7666,53.012800000000006,0.0,16.220599999999997,0.0
frame_614,614,20.2004,79.7996,0.0,0.0,0.0
frame_615,615,27.2212,72.7788,0.0,0.0,0.0
frame_616,616,16.2532,83.74680000000001,0.0,0.0,0.0
frame_617,617,19.9808,64.71940000000001,0.0,15.2998,0.0
frame_618,618,29.0336,70.9664,0.0,0.0,0.0
frame_619,619,29.812,70.188,0.0,0.0,0.0
frame_620,620,31.3562,68.64379999999998,0.0,0.0,0.0
frame_621,621,31.108800000000002,68.89120000000001,0.0,0.0,0.0
frame_622,622,30.5854,54.513999999999996,0.0,14.9006,0.0
frame_623,623,31.309199999999997,55.4238,0.0,13.267000000000001,0.0
frame_624,624,31.158399999999997,68.84159999999999,0.0,0.0,0.0
frame_625,625,19.331,80.66900000000001,0.0,0.0,0.0
frame_626,626,29.680600000000002,70.3194,0.0,0.0,0.0
frame_627,627,29.092200000000002,70.90780000000001,0.0,0.0,0.0
frame_628,628,27.5628,72.43719999999999,0.0,0.0,0.0
frame_629,629,15.8348,84.1652,0.0,0.0,0.0
frame_630,630,14.8732,85.1268,0.0,0.0,0.0
frame_631,631,16.8222,44.233599999999996,0.0,38.9442,0.0
frame_632,632,14.193200000000001,59.834599999999995,0.0,25.9722,0.0
frame_633,633,14.3006,59.221000000000004,0.0,26.4784,0.0
frame_634,634,15.926200000000001,66.8482,0.0,17.2256,0.0
frame_635,635,15.483000000000002,67.2004,0.0,17.316599999999998,0.0
frame_636,636,16.1602,65.87540000000001,0.0,17.9644,0.0
frame_637,637,16.111,51.819399999999995,0.0,32.0696,0.0
frame_638,638,16.8852,50.20060000000001,0.0,32.9142,0.0
frame_639,639,17.619200000000003,47.7342,0.0,34.6466,0.0
frame_640,640,17.6056,46.632400000000004,0.0,35.76200000000001,0.0
frame_641,641,9.018600000000001,60.79560000000001,0.0,21.7682,8.4176
frame_642,642,25.196600000000004,74.80340000000001,0.0,0.0,0.0
frame_643,643,13.6988,86.3012,0.0,0.0,0.0
frame_644,644,14.4978,85.50219999999999,0.0,0.0,0.0
frame_645,645,28.8388,52.821799999999996,0.0,18.3394,0.0
frame_646,646,14.485000000000001,60.555400000000006,0.0,24.9596,0.0
frame_647,647,5.578,51.209,0.0,34.2338,8.9792
frame_648,648,5.202,58.904599999999995,0.0,26.523399999999995,9.370000000000001
frame_649,649,5.9826,48.669200000000004,0.0,35.129,10.2192
frame_650,650,5.4552000000000005,56.63,0.0,27.1698,10.745000000000001
frame_651,651,5.965,46.3876,0.0,36.1276,11.5198
frame_652,652,5.2836,56.4872,0.0,26.2872,11.942
frame_653,653,5.8498,53.771,0.0,27.566599999999998,12.8126
frame_654,654,5.1015999999999995,32.6074,0.0,48.7672,13.5238
frame_655,655,5.13,49.914199999999994,0.0,30.8112,14.144599999999999
frame_656,656,4.671,31.733,0.0,48.6098,14.9862
frame_657,657,4.796,22.2544,0.0,56.754000000000005,16.1956
frame_658,658,12.0304,46.199,0.0,41.7706,0.0
frame_659,659,12.488,45.4142,0.0,42.0978,0.0
frame_660,660,14.058200000000001,42.5198,0.0,43.422000000000004,0.0
frame_661,661,15.2046,40.3098,0.0,44.4856,0.0
frame_662,662,16.9134,8.7072,0.0,74.3794,0.0
frame_663,663,4.8672,8.426,0.0,74.8044,11.9024
frame_664,664,17.7292,8.9754,0.0,73.2954,0.0
frame_665,665,20.580399999999997,13.111600000000001,0.0,66.30799999999999,0.0
frame_666,666,21.3794,1.6694,0.0,76.9512,0.0
frame_667,667,20.593600000000002,24.6684,0.0,54.738,0.0
frame_668,668,20.5734,24.739800000000002,0.0,54.686800000000005,0.0
frame_669,669,18.351200000000002,25.16,0.0,56.488800000000005,0.0
frame_670,670,16.992,26.012800000000002,0.0,56.995200000000004,0.0
frame_671,671,17.0244,26.9384,0.0,56.0372,0.0
frame_672,672,17.410999999999998,25.8632,0.0,56.72580000000001,0.0
frame_673,673,15.4086,27.238400000000002,0.0,57.353,0.0
frame_674,674,15.134799999999998,26.6822,0.0,58.18300000000001,0.0
frame_675,675,15.340199999999998,16.6188,0.0,68.041,0.0
frame_676,676,15.0804,27.8808,0.0,57.0388,0.0
frame_677,677,14.9326,29.072599999999998,0.0,55.9948,0.0
frame_678,678,15.213,18.0008,0.0,66.7862,0.0
frame_679,679,14.8106,18.2434,0.0,66.946,0.0
frame_680,680,6.848999999999999,18.266199999999998,0.0,66.00619999999999,8.8786
frame_681,681,6.5722000000000005,18.090600000000002,0.0,66.4456,8.8916
frame_682,682,7.0966000000000005,17.436400000000003,0.0,66.4886,8.9784
frame_683,683,6.796399999999999,17.6396,0.0,66.2864,9.2776
frame_684,684,6.8870000000000005,17.2426,0.0,66.8126,9.0578
frame_685,685,6.123399999999999,16.5876,0.0,68.0132,9.275799999999998
frame_686,686,15.2356,17.2794,0.0,67.485,0.0
frame_687,687,15.078,16.714199999999998,0.0,68.20779999999999,0.0
frame_688,688,15.2968,16.816200000000002,0.0,67.887,0.0
frame_689,689,6.1582,15.394000000000002,0.0,69.91099999999999,8.5368
frame_690,690,6.2256,1.2138,0.0,84.1762,8.3844
frame_691,691,6.17,1.0752,0.0,83.72,9.0348
frame_692,692,15.536800000000001,14.592600000000001,0.0,69.87060000000001,0.0
frame_693,693,15.4526,0.8784000000000001,0.0,83.669,0.0
frame_694,694,16.6714,0.7946,0.0,82.534,0.0
frame_695,695,17.0256,14.761199999999999,0.0,68.2132,0.0
frame_696,696,17.6124,14.665000000000001,0.0,67.7226,0.0
frame_697,697,15.699399999999999,27.519000000000005,0.0,56.7816,0.0
frame_698,698,16.5588,26.4864,0.0,56.95479999999999,0.0
frame_699,699,17.130200000000002,26.593999999999994,0.0,56.2758,0.0
frame_700,700,18.0828,27.7024,0.0,54.21480000000001,0.0
frame_701,701,17.071,27.856,0.0,40.894200000000005,14.178799999999999
frame_702,702,17.5216,28.673800000000004,0.0,40.5222,13.282399999999999
frame_703,703,17.261599999999998,28.139000000000003,0.0,42.378,12.221400000000001
frame_704,704,17.0708,15.2514,0.0,56.49419999999999,11.1836
frame_705,705,18.7724,31.1246,0.0,41.18579999999999,8.9172
frame_706,706,19.3466,33.391999999999996,0.0,47.2614,0.0
frame_707,707,18.4416,15.7834,0.0,65.77499999999999,0.0
frame_708,708,17.3522,47.3184,0.0,28.0698,7.259599999999999
frame_709,709,18.229400000000002,47.99640000000001,0.0,33.7742,0.0
frame_710,710,18.803199999999997,49.0936,0.0,32.1032,0.0
frame_711,711,20.018,46.098800000000004,0.0,33.8832,0.0
frame_712,712,20.4622,45.389,0.0,34.148799999999994,0.0
frame_713,713,19.1026,47.2246,0.0,33.672799999999995,0.0
frame_714,714,20.1722,46.168200000000006,0.0,33.6596,0.0
frame_715,715,24.782600000000002,46.9702,0.0,28.2472,0.0
frame_716,716,17.427999999999997,56.05420000000001,0.0,26.5178,0.0
frame_717,717,24.0996,46.3232,0.0,29.577199999999998,0.0
frame_718,718,24.977,46.7296,0.0,28.293400000000002,0.0
frame_719,719,23.3504,29.954000000000004,0.0,46.6956,0.0
frame_720,720,22.509600000000002,31.257999999999996,0.0,46.2324,0.0
frame_721,721,21.648400000000002,31.819600000000005,0.0,46.532000000000004,0.0
frame_722,722,22.1234,48.684,0.0,29.192600000000002,0.0
frame_723,723,20.4098,34.7106,0.0,44.879599999999996,0.0
frame_724,724,19.1224,52.330600000000004,0.0,28.547,0.0
frame_725,725,19.6342,48.3722,0.0,31.9936,0.0
frame_726,726,20.252799999999997,72.9896,0.0,6.7576,0.0
frame_727,727,17.7438,51.76879999999999,0.0,30.487399999999997,0.0
frame_728,728,16.709000000000003,76.903,0.0,6.388000000000001,0.0
frame_729,729,15.0922,78.518,0.0,6.389799999999999,0.0
frame_730,730,9.8578,82.07459999999999,0.0,0.0,8.0676
frame_731,731,8.881,71.19819999999999,0.0,12.5048,7.416
frame_732,732,9.0824,58.3294,0.0,25.356,7.2322
frame_733,733,9.7638,63.67760000000001,0.0,18.3288,8.2298
frame_734,734,7.7752,85.52879999999999,0.0,0.0,6.696000000000001
frame_735,735,8.201,62.38159999999999,0.0,22.4114,7.005999999999999
frame_736,736,16.0736,61.1618,0.0,22.764599999999998,0.0
frame_737,737,16.4346,83.56540000000001,0.0,0.0,0.0
frame_738,738,14.2376,63.862399999999994,0.0,21.9,0.0
frame_739,739,13.049,54.787600000000005,0.0,32.163399999999996,0.0
frame_740,740,12.572,87.42800000000001,0.0,0.0,0.0
frame_741,741,8.744200000000001,71.5888,0.0,19.667,0.0
frame_742,742,15.5922,65.4672,0.0,18.9406,0.0
frame_743,743,16.3714,62.057399999999994,0.0,21.571199999999997,0.0
frame_744,744,16.8052,62.662600000000005,0.0,20.5322,0.0
frame_745,745,18.121399999999998,61.3336,0.0,20.544999999999998,0.0
frame_746,746,16.631,35.0886,0.0,48.2804,0.0
frame_747,747,16.3298,62.1204,0.0,21.5498,0.0
frame_748,748,16.093799999999998,49.895399999999995,0.0,34.0108,0.0
frame_749,749,17.7906,48.42719999999999,0.0,33.7822,0.0
frame_750,750,33.0314,46.519800000000004,0.0,20.4488,0.0
frame_751,751,17.9988,82.00119999999998,0.0,0.0,0.0
frame_752,752,27.7204,49.6288,0.0,22.6508,0.0
frame_753,753,28.892,71.108,0.0,0.0,0.0
frame_754,754,16.6286,83.37140000000001,0.0,0.0,0.0
frame_755,755,27.471600000000002,72.52839999999999,0.0,0.0,0.0
frame_756,756,26.245799999999996,73.7542,0.0,0.0,0.0
frame_757,757,9.2442,64.23440000000001,0.0,19.3154,7.2059999999999995
frame_758,758,7.7387999999999995,86.47279999999999,0.0,0.0,5.7884
frame_759,759,25.6442,74.3558,0.0,0.0,0.0
frame_760,760,23.233,76.767,0.0,0.0,0.0
frame_761,761,12.473799999999999,87.5262,0.0,0.0,0.0
frame_762,762,23.8734,76.1266,0.0,0.0,0.0
frame_763,763,25.9888,74.01120000000002,0.0,0.0,0.0
frame_764,764,15.9996,84.00040000000001,0.0,0.0,0.0
frame_765,765,14.917999999999997,85.08200000000001,0.0,0.0,0.0
frame_766,766,14.354,68.7624,0.0,16.8836,0.0
frame_767,767,14.754600000000002,68.663,0.0,16.5824,0.0
frame_768,768,14.1544,67.05499999999999,0.0,18.790599999999998,0.0
frame_769,769,16.206799999999998,83.7932,0.0,0.0,0.0
frame_770,770,9.0984,60.0892,0.0,30.8124,0.0
frame_771,771,14.963,54.260799999999996,0.0,30.7762,0.0
frame_772,772,15.0894,71.9642,0.0,12.946399999999999,0.0
frame_773,773,14.5114,39.7076,0.0,45.781,0.0
frame_774,774,7.68,86.5076,0.0,0.0,5.8124
frame_775,775,7.505599999999999,87.197,0.0,0.0,5.2974
frame_776,776,7.268199999999999,92.7318,0.0,0.0,0.0
frame_777,777,7.9902,92.00980000000001,0.0,0.0,0.0
frame_778,778,8.1984,91.8016,0.0,0.0,0.0
frame_779,779,8.6322,91.36780000000002,0.0,0.0,0.0
frame_780,780,8.6604,77.93980000000002,0.0,13.3998,0.0
frame_781,781,8.9226,86.07039999999999,0.0,0.0,5.007000000000001
frame_782,782,9.5994,90.40060000000001,0.0,0.0,0.0
frame_783,783,10.0994,89.90060000000001,0.0,0.0,0.0
frame_784,784,13.123999999999999,86.876,0.0,0.0,0.0
frame_785,785,9.9868,90.0132,0.0,0.0,0.0
frame_786,786,10.222000000000001,89.77799999999998,0.0,0.0,0.0
frame_787,787,10.2972,89.70280000000001,0.0,0.0,0.0
frame_788,788,11.047600000000001,71.04060000000001,0.0,17.9118,0.0
frame_789,789,16.354,70.6592,0.0,12.9868,0.0
frame_790,790,15.4924,66.9922,0.0,17.5154,0.0
frame_791,791,14.1798,66.36800000000001,0.0,19.4522,0.0
frame_792,792,10.3124,58.353199999999994,0.0,25.463200000000004,5.8712
frame_793,793,9.2186,48.8612,0.0,41.9202,0.0
frame_794,794,9.5572,47.493199999999995,0.0,42.9496,0.0
frame_795,795,11.0442,40.147800000000004,0.0,42.1702,6.6378
frame_796,796,10.717,39.757999999999996,0.0,42.2008,7.3242
frame_797,797,10.9158,47.1432,0.0,41.941,0.0
frame_798,798,12.509200000000002,47.611999999999995,0.0,39.878800000000005,0.0
frame_799,799,12.3216,48.923,0.0,38.7554,0.0
frame_800,800,11.899,40.01319999999999,0.0,38.2842,9.8036
frame_801,801,11.1176,39.3472,0.0,49.5352,0.0
frame_802,802,24.663,56.67300000000001,0.0,18.664,0.0
frame_803,803,24.286799999999996,56.3554,0.0,19.3578,0.0
frame_804,804,8.747399999999999,73.69399999999999,0.0,17.5586,0.0
frame_805,805,9.2568,55.86040000000001,0.0,34.8828,0.0
frame_806,806,9.209399999999999,58.669799999999995,0.0,32.1208,0.0
frame_807,807,8.281600000000001,60.509800000000006,0.0,31.208599999999997,0.0
frame_808,808,7.858999999999999,60.8558,0.0,31.285200000000003,0.0
frame_809,809,8.328000000000001,60.227999999999994,0.0,31.444,0.0
frame_810,810,32.380399999999995,21.149,0.0,46.4706,0.0
frame_811,811,9.2942,49.443799999999996,0.0,32.9976,8.2644
frame_812,812,26.784200000000002,16.257,0.0,47.101800000000004,9.857000000000001
frame_813,813,27.895800000000005,25.247000000000003,0.0,35.517199999999995,11.34
frame_814,814,28.314,13.573599999999999,0.0,45.3812,12.731200000000001
frame_815,815,33.8198,37.443599999999996,0.0,28.736600000000003,0.0
frame_816,816,27.305400000000002,42.78799999999999,0.0,29.906600000000005,0.0
frame_817,817,26.5372,42.1884,0.0,31.274400000000004,0.0
frame_818,818,32.06439999999999,35.0634,0.0,32.87219999999999,0.0
frame_819,819,31.113200000000003,34.4964,0.0,34.3904,0.0
frame_820,820,28.456799999999998,22.156799999999997,0.0,49.386399999999995,0.0
frame_821,821,15.1502,23.476,0.0,61.37379999999999,0.0
frame_822,822,14.377800000000002,23.544999999999998,0.0,62.07719999999999,0.0
frame_823,823,13.540000000000003,24.066599999999998,0.0,62.3934,0.0
frame_824,824,13.994200000000001,24.134800000000002,0.0,61.870999999999995,0.0
frame_825,825,13.3042,23.8094,0.0,62.886399999999995,0.0
frame_826,826,13.403200000000002,24.1208,0.0,62.476,0.0
frame_827,827,12.5884,22.6634,0.0,64.74819999999998,0.0
frame_828,828,4.5674,23.176,0.0,64.41,7.8466
frame_829,829,3.9581999999999997,23.119400000000002,0.0,65.0348,7.8876
frame_830,830,4.5974,24.0032,0.0,63.481,7.9184
frame_831,831,5.0768,23.8762,0.0,62.674800000000005,8.372200000000001
frame_832,832,4.6202,22.744999999999997,0.0,64.157,8.4778
frame_833,833,4.604,22.6348,0.0,63.75360000000001,9.0076
frame_834,834,4.816,23.0768,0.0,63.25619999999999,8.851
frame_835,835,5.3378000000000005,23.436400000000003,0.0,61.509600000000006,9.7162
frame_836,836,4.8132,22.3322,0.0,62.506400000000006,10.3482
frame_837,837,5.0812,22.2424,0.0,61.70540000000001,10.971
frame_838,838,5.6964,22.8412,0.0,60.8812,10.5812
frame_839,839,5.5584,21.919800000000002,0.0,62.10980000000001,10.412
frame_840,840,5.5832,22.4414,0.0,61.1372,10.8382
frame_841,841,5.1624,23.6964,0.0,60.324600000000004,10.8166
frame_842,842,5.4796,23.6128,0.0,60.70819999999999,10.1994
frame_843,843,5.6506,23.9692,0.0,59.730799999999995,10.6494
frame_844,844,5.404,23.941599999999998,0.0,60.03099999999999,10.6234
frame_845,845,5.0758,23.416999999999998,0.0,61.061,10.4462
frame_846,846,4.9646,22.5232,0.0,61.977799999999995,10.5344
frame_847,847,8.0466,18.4954,0.0,62.7182,10.739799999999999
frame_848,848,8.2498,18.0532,0.0,63.4476,10.2494
frame_849,849,7.2226,17.7182,0.0,64.633,10.4262
frame_850,850,6.7734000000000005,28.287799999999997,0.0,53.932399999999994,11.0064
frame_851,851,7.3792,29.942399999999996,0.0,52.87080000000001,9.807599999999999
frame_852,852,8.2042,28.6786,0.0,52.1754,10.9418
frame_853,853,7.323,30.181599999999996,0.0,51.8806,10.6148
frame_854,854,8.759400000000001,41.4574,0.0,39.5524,10.2308
frame_855,855,9.6748,40.1424,0.0,38.7574,11.4254
frame_856,856,8.9752,41.337199999999996,0.0,39.1664,10.5212
frame_857,857,10.419599999999999,39.7336,0.0,39.5284,10.3184
frame_858,858,10.489999999999998,40.665800000000004,0.0,37.581399999999995,11.2628
frame_859,859,10.5668,39.62,0.0,38.2926,11.5206
frame_860,860,10.629199999999999,40.7866,0.0,38.086600000000004,10.4976
frame_861,861,10.298,40.954800000000006,0.0,37.5174,11.2298
frame_862,862,9.297,40.598800000000004,0.0,39.907199999999996,10.197000000000001
frame_863,863,8.747,41.5222,0.0,39.4258,10.305
frame_864,864,7.1256,37.514199999999995,0.0,45.6304,9.7298
frame_865,865,8.455,37.0188,0.0,44.4362,10.09
frame_866,866,7.8278,47.1358,0.0,36.0822,8.9542
frame_867,867,6.5654,39.462,0.0,45.197599999999994,8.774999999999999
frame_868,868,5.9392,38.894400000000005,0.0,46.906,8.260399999999999
frame_869,869,5.8709999999999996,25.877,0.0,60.427200000000006,7.8248
frame_870,870,5.9566,38.8974,0.0,47.9674,7.1786
frame_871,871,7.4346,40.861399999999996,0.0,45.5194,6.1846
frame_872,872,7.6652,40.093199999999996,0.0,46.639399999999995,5.6022
frame_873,873,7.034,43.1648,0.0,44.263999999999996,5.5371999999999995
frame_874,874,8.3056,31.249399999999998,0.0,54.6462,5.7988
frame_875,875,7.958,30.207399999999996,0.0,43.4156,18.419
frame_876,876,8.201600000000001,59.8244,0.0,14.5762,17.3978
frame_877,877,15.1826,48.364,0.0,26.4424,10.011000000000001
frame_878,878,6.954000000000001,45.568799999999996,0.0,31.879,15.5982
frame_879,879,15.009400000000001,45.6934,0.0,31.0556,8.2416
frame_880,880,5.6872,82.3356,0.0,0.0,11.9772
frame_881,881,15.0738,39.37199999999999,0.0,45.5542,0.0
frame_882,882,14.8594,85.1406,0.0,0.0,0.0
frame_883,883,16.4844,72.9358,0.0,10.5798,0.0
frame_884,884,13.356600000000002,86.6434,0.0,0.0,0.0
frame_885,885,14.6008,85.3992,0.0,0.0,0.0
frame_886,886,16.3484,83.65159999999999,0.0,0.0,0.0
frame_887,887,16.5832,62.69819999999999,0.0,20.718600000000002,0.0
frame_888,888,29.0636,70.9364,0.0,0.0,0.0
frame_889,889,16.136,62.583200000000005,0.0,21.2808,0.0
frame_890,890,15.4086,62.705999999999996,0.0,21.8854,0.0
frame_891,891,15.2948,62.9838,0.0,21.7214,0.0
frame_892,892,25.6784,74.3216,0.0,0.0,0.0
frame_893,893,15.762799999999999,84.2372,0.0,0.0,0.0
frame_894,894,16.6584,83.3416,0.0,0.0,0.0
frame_895,895,31.0488,68.9512,0.0,0.0,0.0
frame_896,896,16.727199999999996,83.2728,0.0,0.0,0.0
frame_897,897,16.2772,69.7998,0.0,13.923,0.0
frame_898,898,15.7032,84.29679999999999,0.0,0.0,0.0
frame_899,899,15.6316,67.78120000000001,0.0,16.5872,0.0
frame_900,900,15.152199999999999,69.5412,0.0,15.306600000000001,0.0
frame_901,901,18.3198,81.6802,0.0,0.0,0.0
frame_902,902,16.0546,83.9454,0.0,0.0,0.0
frame_903,903,19.2998,80.7002,0.0,0.0,0.0
frame_904,904,30.125999999999998,69.874,0.0,0.0,0.0
frame_905,905,17.531000000000002,82.46900000000001,0.0,0.0,0.0
frame_906,906,18.162,55.9886,0.0,25.8494,0.0
frame_907,907,19.2302,80.76979999999999,0.0,0.0,0.0
frame_908,908,18.4558,54.613000000000014,0.0,26.9312,0.0
frame_909,909,21.137800000000002,78.86219999999999,0.0,0.0,0.0
frame_910,910,21.5504,78.4496,0.0,0.0,0.0
frame_911,911,18.8876,81.11240000000001,0.0,0.0,0.0
frame_912,912,21.4198,78.5802,0.0,0.0,0.0
frame_913,913,20.666999999999998,79.333,0.0,0.0,0.0
frame_914,914,21.258,78.742,0.0,0.0,0.0
frame_915,915,20.5142,79.48580000000001,0.0,0.0,0.0
frame_916,916,20.3002,79.69980000000001,0.0,0.0,0.0
frame_917,917,19.6672,80.3328,0.0,0.0,0.0
frame_918,918,17.7056,82.2944,0.0,0.0,0.0
frame_919,919,17.698800000000002,82.30120000000001,0.0,0.0,0.0
frame_920,920,17.2548,82.74520000000001,0.0,0.0,0.0
frame_921,921,16.5708,83.42920000000001,0.0,0.0,0.0
frame_922,922,16.1684,83.83160000000001,0.0,0.0,0.0
frame_923,923,16.3066,83.6934,0.0,0.0,0.0
frame_924,924,16.5106,83.4894,0.0,0.0,0.0
frame_925,925,11.32,88.68000000000002,0.0,0.0,0.0
frame_926,926,18.17,81.83,0.0,0.0,0.0
frame_927,927,10.7164,89.28359999999998,0.0,0.0,0.0
frame_928,928,12.2778,87.7222,0.0,0.0,0.0
frame_929,929,15.251800000000001,84.7482,0.0,0.0,0.0
frame_930,930,10.112400000000001,89.8876,0.0,0.0,0.0
frame_931,931,17.7504,82.2496,0.0,0.0,0.0
frame_932,932,11.8606,88.1394,0.0,0.0,0.0
frame_933,933,19.6656,80.3344,0.0,0.0,0.0
frame_934,934,21.8804,78.1196,0.0,0.0,0.0
frame_935,935,22.3644,66.41140000000001,0.0,11.2242,0.0
frame_936,936,22.2964,77.70360000000001,0.0,0.0,0.0
frame_937,937,23.415,65.6004,0.0,10.9846,0.0
frame_938,938,22.2962,77.7038,0.0,0.0,0.0
frame_939,939,10.245999999999999,89.754,0.0,0.0,0.0
frame_940,940,22.558,77.44200000000001,0.0,0.0,0.0
frame_941,941,22.403200000000002,66.928,0.0,10.668800000000001,0.0
frame_942,942,21.577600000000004,78.4224,0.0,0.0,0.0
frame_943,943,19.347399999999997,80.6526,0.0,0.0,0.0
frame_944,944,18.274600000000003,81.72540000000001,0.0,0.0,0.0
frame_945,945,17.8512,70.229,0.0,11.9198,0.0
frame_946,946,17.8008,82.1992,0.0,0.0,0.0
frame_947,947,17.1644,71.31060000000001,0.0,11.525,0.0
frame_948,948,17.1466,82.8534,0.0,0.0,0.0
frame_949,949,18.5668,81.4332,0.0,0.0,0.0
frame_950,950,20.2416,59.6142,0.0,20.1442,0.0
frame_951,951,19.942999999999998,80.05699999999999,0.0,0.0,0.0
frame_952,952,24.456999999999997,75.543,0.0,0.0,0.0
frame_953,953,20.5762,79.4238,0.0,0.0,0.0
frame_954,954,11.7892,88.2108,0.0,0.0,0.0
frame_955,955,12.217799999999999,63.6244,0.0,24.157799999999998,0.0
frame_956,956,18.5262,81.4738,0.0,0.0,0.0
frame_957,957,19.227800000000002,80.7722,0.0,0.0,0.0
frame_958,958,11.4594,70.2084,0.0,18.3322,0.0
frame_959,959,12.3886,87.61139999999999,0.0,0.0,0.0
frame_960,960,16.648000000000003,71.161,0.0,12.191,0.0
frame_961,961,9.0946,54.4408,0.0,29.7468,6.7178
frame_962,962,9.6188,60.388799999999996,0.0,29.992399999999996,0.0
frame_963,963,16.0428,53.8714,0.0,30.085800000000003,0.0
frame_964,964,17.758599999999998,50.865,0.0,31.3764,0.0
frame_965,965,16.4918,34.3088,0.0,49.1994,0.0
frame_966,966,16.716,48.97820000000001,0.0,34.3058,0.0
frame_967,967,29.043799999999997,35.9182,0.0,35.038000000000004,0.0
frame_968,968,28.249599999999997,37.4606,0.0,34.28980000000001,0.0
frame_969,969,18.9256,46.3634,0.0,34.711000000000006,0.0
frame_970,970,19.1946,45.413599999999995,0.0,35.391799999999996,0.0
frame_971,971,30.8018,34.2096,0.0,34.988600000000005,0.0
frame_972,972,8.517800000000001,41.9572,0.0,35.3622,14.1628
frame_973,973,7.9982,43.495,0.0,32.5704,15.9364
frame_974,974,9.5294,47.653,0.0,33.7088,9.1088
frame_975,975,21.7038,20.239600000000003,0.0,48.157799999999995,9.898800000000001
frame_976,976,23.9742,18.991999999999997,0.0,46.5544,10.4794
frame_977,977,11.0398,35.0604,0.0,42.879400000000004,11.0204
frame_978,978,26.497999999999998,21.7888,0.0,39.764799999999994,11.948400000000001
frame_979,979,36.7268,13.5512,0.0,36.6376,13.084399999999999
frame_980,980,35.4388,0.0,0.0,64.5612,0.0
frame_981,981,26.6658,9.4842,0.0,63.85000000000001,0.0
frame_982,982,32.0818,8.5076,0.0,59.4106,0.0
frame_983,983,25.159,28.4792,0.0,46.361799999999995,0.0
frame_984,984,30.676399999999997,0.0,0.0,69.3236,0.0
frame_985,985,20.2772,10.5084,0.0,69.21440000000001,0.0
frame_986,986,29.8568,0.0,0.0,70.1432,0.0
frame_987,987,27.8452,8.076,0.0,64.07879999999999,0.0
frame_988,988,17.942999999999998,24.049599999999998,0.0,58.0074,0.0
frame_989,989,27.705000000000002,8.6198,0.0,63.6752,0.0
frame_990,990,28.8078,8.447799999999999,0.0,62.7444,0.0
frame_991,991,26.819,8.8584,0.0,64.3226,0.0
frame_992,992,26.258399999999998,8.7966,0.0,64.94500000000001,0.0
frame_993,993,26.683999999999997,8.9052,0.0,64.4108,0.0
frame_994,994,25.484800000000003,9.074,0.0,65.4412,0.0
frame_995,995,25.2612,8.584,0.0,66.1548,0.0
frame_996,996,12.2842,22.8286,0.0,64.8872,0.0
frame_997,997,12.354800000000001,20.7164,0.0,66.9288,0.0
frame_998,998,12.3822,20.6624,0.0,66.9554,0.0
frame_999,999,13.738600000000002,31.3056,0.0,54.955799999999996,0.0
frame_1000,1000,9.6934,14.287600000000001,0.0,67.4096,8.6094
frame_1001,1001,5.0224,21.0312,0.0,65.24779999999998,8.698599999999999
frame_1002,1002,4.8982,22.5622,0.0,63.5678,8.9718
frame_1003,1003,9.7024,14.1262,0.0,67.27360000000002,8.8978
frame_1004,1004,9.2746,14.315799999999998,0.0,67.35180000000001,9.0578
frame_1005,1005,10.2862,14.375200000000001,0.0,66.3058,9.0328
frame_1006,1006,9.2386,15.190999999999999,0.0,66.2386,9.3318
frame_1007,1007,9.866999999999999,14.819199999999999,0.0,65.9908,9.322999999999999
frame_1008,1008,7.3556,16.3542,0.0,66.861,9.4292
frame_1009,1009,7.1854000000000005,16.642799999999998,0.0,66.4932,9.6786
frame_1010,1010,9.1546,15.510600000000002,0.0,65.7284,9.606399999999999
frame_1011,1011,9.472,15.517599999999998,0.0,65.4196,9.5908
frame_1012,1012,9.9938,16.3808,0.0,63.70819999999999,9.9172
frame_1013,1013,10.4834,16.373600000000003,0.0,62.99419999999999,10.1488
frame_1014,1014,7.5802,26.115199999999998,0.0,56.285399999999996,10.0192
frame_1015,1015,7.7784,17.2974,0.0,64.4476,10.4766
frame_1016,1016,8.2764,15.610400000000002,0.0,65.76319999999998,10.35
frame_1017,1017,7.4319999999999995,16.283,0.0,66.1924,10.092600000000001
frame_1018,1018,9.9914,15.981600000000002,0.0,63.2792,10.7478
frame_1019,1019,9.3612,16.5288,0.0,63.4838,10.626199999999999
frame_1020,1020,5.8454,23.4774,0.0,59.8858,10.7914
frame_1021,1021,5.2328,23.7038,0.0,59.704,11.3594
frame_1022,1022,5.9012,22.506400000000003,0.0,60.471999999999994,11.1204
frame_1023,1023,6.1114,23.5254,0.0,58.667,11.6962
frame_1024,1024,5.111000000000001,22.9258,0.0,60.75999999999999,11.2032
frame_1025,1025,6.0278,22.8092,0.0,59.7684,11.3946
frame_1026,1026,14.779,14.368400000000001,0.0,56.3018,14.5508
frame_1027,1027,6.5809999999999995,32.6618,0.0,49.357400000000005,11.3998
frame_1028,1028,5.1554,24.3146,0.0,58.57780000000001,11.9522
frame_1029,1029,5.75,23.2402,0.0,59.1456,11.8642
frame_1030,1030,5.5056,23.380000000000003,0.0,59.682199999999995,11.4322
frame_1031,1031,6.364,23.633399999999998,0.0,58.4,11.6026
frame_1032,1032,5.2266,34.0514,0.0,49.043400000000005,11.6786
frame_1033,1033,6.5262,32.5434,0.0,48.3982,12.5322
frame_1034,1034,5.6854000000000005,9.650400000000001,0.0,71.5612,13.103000000000002
frame_1035,1035,6.0004,33.010600000000004,0.0,47.369800000000005,13.619200000000001
frame_1036,1036,5.2234,34.688399999999994,0.0,46.6718,13.416400000000001
frame_1037,1037,4.704,34.7298,0.0,46.873,13.6932
frame_1038,1038,4.2794,35.538,0.0,46.3994,13.7832
frame_1039,1039,4.7172,35.175399999999996,0.0,46.3172,13.7902
frame_1040,1040,4.7787999999999995,34.8458,0.0,46.4278,13.9476
frame_1041,1041,5.4122,35.205400000000004,0.0,45.367599999999996,14.0148
frame_1042,1042,6.377199999999999,19.7464,0.0,59.77720000000001,14.0992
frame_1043,1043,5.609,34.487199999999994,0.0,45.933600000000006,13.970199999999998
frame_1044,1044,6.6862,33.968199999999996,0.0,44.5006,14.845
frame_1045,1045,6.204400000000001,24.8186,0.0,54.1534,14.8236
frame_1046,1046,10.0916,31.9028,0.0,42.4766,15.529000000000002
frame_1047,1047,8.4864,23.9,0.0,52.12819999999999,15.485399999999998
frame_1048,1048,8.2086,33.269999999999996,0.0,43.012,15.509400000000001
frame_1049,1049,8.097,24.599,0.0,51.453,15.851
frame_1050,1050,7.9746,33.648,0.0,42.3116,16.0658
frame_1051,1051,7.6014,25.360599999999998,0.0,51.001799999999996,16.0362
frame_1052,1052,7.2854,33.8016,0.0,43.0832,15.829799999999999
frame_1053,1053,7.1856,23.5384,0.0,53.4744,15.801599999999999
frame_1054,1054,7.2692000000000005,23.994,0.0,52.9924,15.7444
frame_1055,1055,6.216200000000001,23.8578,0.0,53.980000000000004,15.946
frame_1056,1056,5.7860000000000005,22.9052,0.0,55.946000000000005,15.362799999999998
frame_1057,1057,5.6244000000000005,22.114800000000002,0.0,56.8758,15.384999999999998
frame_1058,1058,5.316,20.7918,0.0,59.0298,14.862400000000001
frame_1059,1059,5.5646,19.966800000000003,0.0,60.46520000000001,14.0034
frame_1060,1060,6.3714,12.0192,0.0,68.22180000000002,13.387599999999999
frame_1061,1061,6.8062,12.3454,0.0,67.5402,13.308200000000001
frame_1062,1062,8.5914,12.778400000000001,0.4242,64.9918,13.214200000000002
frame_1063,1063,7.585400000000001,12.9874,0.5075999999999999,65.42179999999999,13.497799999999998
frame_1064,1064,7.048400000000001,12.581800000000001,0.5654,66.2018,13.6026
frame_1065,1065,7.184799999999999,12.527,0.651,66.00240000000001,13.6348
frame_1066,1066,7.234,13.2628,0.757,64.75040000000001,13.9958
frame_1067,1067,6.305199999999999,13.8382,0.8324,64.9114,14.1128
frame_1068,1068,6.3018,13.209399999999999,0.8668,65.80080000000001,13.821200000000001
frame_1069,1069,6.0994,12.0714,0.851,67.4302,13.547999999999998
frame_1070,1070,5.8706000000000005,11.1732,0.8388,68.7688,13.3486
frame_1071,1071,0.0,15.578,0.8344,70.3502,13.2374
frame_1072,1072,6.9182,11.7632,0.8271999999999999,67.0962,13.395199999999999
frame_1073,1073,5.8496,23.500799999999998,0.8002,57.156600000000005,12.692800000000002
frame_1074,1074,6.0644,11.089599999999999,0.7272,69.4832,12.6356
frame_1075,1075,5.5632,38.2506,0.6484,43.1202,12.4176
frame_1076,1076,0.0,34.1406,0.0,53.1682,12.6912
frame_1077,1077,6.9824,26.6998,0.0,53.5598,12.758
frame_1078,1078,4.9925999999999995,1.9162,0.0,80.79700000000001,12.2942
frame_1079,1079,5.3982,1.6760000000000002,0.0,80.63280000000002,12.293
frame_1080,1080,5.288,1.8022,0.0,80.14739999999999,12.7624
frame_1081,1081,6.1132,1.924,0.0,79.42519999999999,12.5376
frame_1082,1082,6.38,13.7384,0.0,66.7594,13.122200000000001
frame_1083,1083,6.815200000000001,10.4838,0.0,69.35100000000001,13.350000000000001
frame_1084,1084,6.5024,13.9012,0.0,66.3006,13.2958
frame_1085,1085,6.6126000000000005,14.4864,0.0,65.6206,13.2804
frame_1086,1086,6.1816,15.641200000000003,0.0,65.1092,13.068
frame_1087,1087,9.1286,15.582200000000002,0.0,61.84559999999999,13.4436
frame_1088,1088,6.994599999999999,17.07,0.0,62.1486,13.7868
frame_1089,1089,8.2736,2.3498,0.0,76.0764,13.3002
frame_1090,1090,7.707,16.331,0.0,62.187000000000005,13.775
frame_1091,1091,6.9204,17.0004,0.0,62.708600000000004,13.3706
frame_1092,1092,3.6297999999999995,22.3822,0.0,60.777,13.211
frame_1093,1093,3.4894000000000003,22.2938,0.0,61.62799999999999,12.588799999999999
frame_1094,1094,3.6597999999999997,9.796199999999999,0.0,74.3482,12.1958
frame_1095,1095,15.609800000000002,13.9226,0.0,55.95,14.5176
frame_1096,1096,15.435599999999999,13.372200000000001,0.0,57.099199999999996,14.093
frame_1097,1097,6.1104,20.8622,0.0,61.059200000000004,11.9682
frame_1098,1098,6.3229999999999995,12.0938,0.0,69.527,12.0562
frame_1099,1099,7.0872,11.3028,0.0,69.815,11.795
frame_1100,1100,8.5756,12.3538,0.0,67.4816,11.589
frame_1101,1101,8.0632,12.7524,2.806,64.66460000000001,11.7138
frame_1102,1102,8.877,12.6488,0.0,66.8154,11.6588
frame_1103,1103,7.941199999999999,15.606199999999998,0.0,64.8212,11.6314
frame_1104,1104,8.9392,15.508999999999999,0.0,63.901599999999995,11.6502
frame_1105,1105,8.537,15.4078,0.0,64.4508,11.6044
frame_1106,1106,7.281,15.899,0.0,65.4724,11.3476
frame_1107,1107,10.0426,12.1792,0.0,66.4548,11.3234
frame_1108,1108,8.341,21.099,0.0,59.0762,11.483799999999999
frame_1109,1109,8.8506,20.2682,0.0,59.623000000000005,11.2582
frame_1110,1110,9.2412,21.4946,0.0,57.86300000000001,11.4012
frame_1111,1111,7.693,20.3792,0.0,60.558800000000005,11.369
frame_1112,1112,7.305000000000001,20.596,0.0,60.9226,11.176400000000001
frame_1113,1113,6.7944,19.873,0.0,62.30420000000001,11.0284
frame_1114,1114,7.0562,20.283800000000003,0.0,61.6724,10.9876
frame_1115,1115,7.259599999999999,21.2498,0.0,60.0924,11.3982
frame_1116,1116,19.163,21.993000000000002,0.0,58.84400000000001,0.0
frame_1117,1117,20.296,23.5958,0.0,56.1082,0.0
frame_1118,1118,19.9664,25.308999999999997,0.0,54.7246,0.0
frame_1119,1119,18.504199999999997,25.004199999999997,0.0,56.4916,0.0
frame_1120,1120,17.543,76.6788,0.0,5.7782,0.0
frame_1121,1121,17.165599999999998,78.155,0.0,4.6794,0.0
frame_1122,1122,14.796999999999999,81.7006,0.0,0.0,3.5023999999999997
frame_1123,1123,14.041799999999999,85.95819999999999,0.0,0.0,0.0
frame_1124,1124,20.657799999999998,79.3422,0.0,0.0,0.0
frame_1125,1125,19.8628,70.1486,0.0,9.9886,0.0
frame_1126,1126,14.751800000000001,85.2482,0.0,0.0,0.0
frame_1127,1127,11.8918,88.1082,0.0,0.0,0.0
frame_1128,1128,13.3182,86.6818,0.0,0.0,0.0
frame_1129,1129,13.437199999999999,40.202000000000005,0.0,46.360800000000005,0.0
frame_1130,1130,12.032000000000002,87.968,0.0,0.0,0.0
frame_1131,1131,6.6966,62.227199999999996,0.0,24.944,6.1322
frame_1132,1132,13.869599999999998,86.13040000000001,0.0,0.0,0.0
frame_1133,1133,6.6366,86.18139999999998,0.0,0.0,7.1819999999999995
frame_1134,1134,13.9818,54.303200000000004,0.0,31.715,0.0
frame_1135,1135,14.8828,72.898,0.0,12.219199999999999,0.0
frame_1136,1136,14.8616,29.054000000000002,0.0,56.08439999999999,0.0
frame_1137,1137,7.1224,74.8884,0.0,17.9892,0.0
frame_1138,1138,14.265600000000001,85.7344,0.0,0.0,0.0
frame_1139,1139,16.2708,60.66740000000001,0.0,23.061799999999998,0.0
frame_1140,1140,14.910400000000001,71.94800000000001,0.0,13.1416,0.0
frame_1141,1141,15.9188,70.14039999999999,0.0,13.940800000000001,0.0
frame_1142,1142,18.8798,57.32820000000001,0.0,23.791999999999998,0.0
frame_1143,1143,18.879800000000003,81.1202,0.0,0.0,0.0
frame_1144,1144,16.2902,83.7098,0.0,0.0,0.0
frame_1145,1145,13.011800000000001,86.98819999999999,0.0,0.0,0.0
frame_1146,1146,21.3354,78.6646,0.0,0.0,0.0
frame_1147,1147,19.7488,80.25119999999998,0.0,0.0,0.0
frame_1148,1148,21.7548,78.2452,0.0,0.0,0.0
frame_1149,1149,21.922000000000004,78.07799999999999,0.0,0.0,0.0
frame_1150,1150,19.0564,80.9436,0.0,0.0,0.0
frame_1151,1151,18.31,59.768400000000014,0.0,21.921599999999998,0.0
frame_1152,1152,18.3184,59.4638,0.0,22.217799999999997,0.0
frame_1153,1153,20.3144,56.46979999999999,0.0,23.2158,0.0
frame_1154,1154,20.1046,57.852000000000004,0.0,22.0434,0.0
frame_1155,1155,15.146799999999999,63.5304,0.0,21.3228,0.0
frame_1156,1156,15.458,62.73740000000001,0.0,21.8046,0.0
frame_1157,1157,16.825400000000002,62.58519999999999,0.0,20.589399999999998,0.0
frame_1158,1158,18.3366,61.77239999999999,0.0,19.891000000000002,0.0
frame_1159,1159,22.374,57.908,0.0,19.718,0.0
frame_1160,1160,22.9378,35.9908,0.0,41.071400000000004,0.0
frame_1161,1161,23.5868,56.442400000000006,0.0,19.9708,0.0
frame_1162,1162,25.2068,55.93,0.0,18.8632,0.0
frame_1163,1163,22.649399999999996,77.3506,0.0,0.0,0.0
frame_1164,1164,21.5484,43.6386,0.0,34.813,0.0
frame_1165,1165,32.9126,67.0874,0.0,0.0,0.0
frame_1166,1166,31.739,68.26100000000001,0.0,0.0,0.0
frame_1167,1167,21.9204,54.6532,0.0,23.4264,0.0
frame_1168,1168,21.001199999999997,59.245799999999996,0.0,19.753,0.0
frame_1169,1169,21.363799999999998,60.15679999999999,0.0,18.479400000000002,0.0
frame_1170,1170,36.89540000000001,63.1046,0.0,0.0,0.0
frame_1171,1171,25.973200000000002,55.613600000000005,0.0,18.4132,0.0
frame_1172,1172,26.872200000000003,38.83879999999999,0.0,34.289,0.0
frame_1173,1173,23.871599999999997,31.582,0.0,44.546400000000006,0.0
frame_1174,1174,24.6066,46.068,0.0,29.325400000000002,0.0
frame_1175,1175,32.869800000000005,57.3952,0.0,9.735000000000001,0.0
frame_1176,1176,35.217999999999996,45.1228,7.582999999999999,12.0762,0.0
frame_1177,1177,21.1912,57.8268,0.0,11.6252,9.3568
frame_1178,1178,20.170199999999998,42.215599999999995,0.0,28.511200000000002,9.103
frame_1179,1179,19.9796,59.99719999999999,0.0,10.7314,9.2918
frame_1180,1180,23.9732,34.3078,0.0,32.0008,9.718200000000001
frame_1181,1181,23.757,33.7628,0.0,32.767599999999995,9.7126
frame_1182,1182,20.0572,42.557,0.0,27.8558,9.53
frame_1183,1183,19.423199999999998,44.5822,0.0,26.954599999999996,9.04
frame_1184,1184,18.409200000000002,44.9416,0.0,28.2038,8.4454
frame_1185,1185,18.1078,44.005,0.0,30.051,7.8362
frame_1186,1186,18.304,46.494600000000005,0.0,27.5986,7.6028
frame_1187,1187,19.1484,46.1132,0.0,27.1208,7.6175999999999995
frame_1188,1188,18.126399999999997,57.150400000000005,0.0,17.9092,6.814000000000001
frame_1189,1189,16.8174,44.9206,0.0,31.9776,6.2844
frame_1190,1190,19.1246,44.31499999999999,0.0,29.736799999999995,6.823600000000001
frame_1191,1191,21.165,44.029599999999995,0.0,25.9448,8.8606
frame_1192,1192,34.3938,36.6008,0.0,29.005399999999998,0.0
frame_1193,1193,19.5612,68.90639999999999,0.0,11.532399999999999,0.0
frame_1194,1194,18.548599999999997,81.45139999999999,0.0,0.0,0.0
frame_1195,1195,17.5174,82.4826,0.0,0.0,0.0
frame_1196,1196,14.325399999999998,85.67460000000001,0.0,0.0,0.0
frame_1197,1197,13.2976,86.7024,0.0,0.0,0.0
frame_1198,1198,12.562400000000002,72.4512,0.0,14.9864,0.0
frame_1199,1199,11.6608,73.8778,0.0,14.4614,0.0
frame_1200,1200,11.313,59.724599999999995,0.0,28.9624,0.0
frame_1201,1201,11.793999999999999,78.56139999999999,0.0,9.6446,0.0
frame_1202,1202,11.3146,76.38139999999999,0.0,12.304,0.0
frame_1203,1203,10.154,60.1666,0.0,29.6794,0.0
frame_1204,1204,11.536200000000001,88.46379999999999,0.0,0.0,0.0
frame_1205,1205,12.5002,54.73280000000001,0.0,32.767,0.0
frame_1206,1206,13.320799999999998,68.0706,0.0,18.6086,0.0
frame_1207,1207,14.496399999999998,53.20700000000001,0.0,32.2966,0.0
frame_1208,1208,16.0518,64.5698,0.0,19.378400000000003,0.0
frame_1209,1209,15.572999999999999,63.1892,0.0,21.2378,0.0
frame_1210,1210,5.6926,71.8162,0.0,22.4912,0.0
frame_1211,1211,15.509799999999998,62.047399999999996,0.0,22.4428,0.0
frame_1212,1212,14.1084,72.16140000000001,0.0,13.7302,0.0
frame_1213,1213,16.5488,63.183,0.0,20.2682,0.0
frame_1214,1214,15.928400000000002,64.81580000000001,0.0,19.2558,0.0
frame_1215,1215,14.8016,85.19839999999999,0.0,0.0,0.0
frame_1216,1216,16.961399999999998,50.12839999999999,0.0,32.9102,0.0
frame_1217,1217,15.3004,69.493,0.0,15.2066,0.0
frame_1218,1218,16.2078,51.99739999999999,0.0,31.794800000000002,0.0
frame_1219,1219,17.3012,52.1754,0.0,30.523400000000002,0.0
frame_1220,1220,19.5118,51.07000000000001,0.0,29.4182,0.0
frame_1221,1221,21.2898,64.77799999999999,0.0,13.9322,0.0
frame_1222,1222,33.066,53.605599999999995,0.0,13.328400000000002,0.0
frame_1223,1223,11.161999999999999,63.512800000000006,0.0,12.998000000000001,12.327200000000001
frame_1224,1224,10.2416,31.402,0.0,45.8942,12.4622
frame_1225,1225,10.9414,31.618799999999997,0.0,44.5916,12.848200000000002
frame_1226,1226,11.2294,46.5002,0.0,28.900400000000005,13.370000000000001
frame_1227,1227,20.332,52.673,0.0,17.758399999999998,9.236600000000001
frame_1228,1228,20.7542,52.9684,0.0,16.0772,10.200199999999999
frame_1229,1229,17.946399999999997,71.845,0.0,10.208599999999999,0.0
frame_1230,1230,15.326600000000001,74.2706,0.0,10.4028,0.0
frame_1231,1231,15.851,72.5338,0.0,11.6152,0.0
frame_1232,1232,16.383799999999997,60.325,0.0,23.2912,0.0
frame_1233,1233,16.521,58.88440000000001,0.0,24.5946,0.0
frame_1234,1234,16.743000000000002,44.4398,0.0,38.8172,0.0
frame_1235,1235,16.264400000000002,30.756800000000002,0.0,52.97880000000001,0.0
frame_1236,1236,16.947000000000003,55.26540000000001,0.0,27.7876,0.0
frame_1237,1237,17.799599999999998,38.2532,0.0,43.947199999999995,0.0
frame_1238,1238,17.5704,38.998000000000005,0.0,43.4316,0.0
frame_1239,1239,10.133000000000001,61.960800000000006,0.0,21.057000000000002,6.8492
frame_1240,1240,10.6998,26.089799999999997,0.0,56.6198,6.5906
frame_1241,1241,9.836,25.569200000000002,0.0,58.2938,6.300999999999999
frame_1242,1242,9.699399999999999,37.370799999999996,0.0,45.885,7.0447999999999995
frame_1243,1243,9.4028,25.729000000000003,0.0,57.9854,6.8828
frame_1244,1244,9.0364,25.046199999999995,0.0,58.697,7.220400000000001
frame_1245,1245,9.3032,37.3404,0.0,45.74,7.6164
frame_1246,1246,9.225200000000001,25.512800000000002,0.0,56.3902,8.8718
frame_1247,1247,8.730400000000001,27.1242,0.0,55.1346,9.0108
frame_1248,1248,8.5518,26.230200000000004,0.0,56.700399999999995,8.5176
frame_1249,1249,8.2522,26.5296,0.0,55.913599999999995,9.3046
frame_1250,1250,8.540799999999999,26.1598,0.0,55.9446,9.354800000000001
frame_1251,1251,8.314,26.211799999999997,0.0,56.008,9.466199999999999
frame_1252,1252,9.0658,26.316200000000002,0.0,54.71339999999999,9.9046
frame_1253,1253,9.1882,25.685599999999997,0.0,55.0328,10.093399999999999
frame_1254,1254,9.4828,26.066599999999994,0.0,54.278999999999996,10.1716
frame_1255,1255,8.883199999999999,25.103199999999998,0.0,55.753600000000006,10.26
frame_1256,1256,7.1892,35.4418,0.0,46.953,10.416
frame_1257,1257,7.1588,36.619800000000005,0.0,45.218199999999996,11.0032
frame_1258,1258,7.1138,35.654799999999994,0.0,46.258599999999994,10.972800000000001
frame_1259,1259,6.3442,35.788599999999995,0.0,47.050799999999995,10.8164
frame_1260,1260,7.2382,35.9352,0.0,45.3306,11.496
frame_1261,1261,6.7608,35.327600000000004,0.0,46.6926,11.219
frame_1262,1262,5.9954,34.4904,0.0,48.846599999999995,10.6676
frame_1263,1263,5.9395999999999995,33.762,0.0,50.14179999999999,10.156600000000001
frame_1264,1264,5.7745999999999995,32.6304,0.0,51.144400000000005,10.4506
frame_1265,1265,5.8326,32.3852,0.0,53.61,8.1722
frame_1266,1266,5.5232,30.020000000000003,0.0,57.9156,6.5412
frame_1267,1267,5.585,22.9342,0.0,64.8576,6.6232
frame_1268,1268,7.822,11.392199999999999,0.0,73.8814,6.904399999999999
frame_1269,1269,13.5472,0.0,0.0,86.4528,0.0
frame_1270,1270,13.125599999999999,0.0,0.0,86.87439999999998,0.0
frame_1271,1271,13.630799999999999,0.0,0.0,86.3692,0.0
frame_1272,1272,13.6468,0.0,0.0,86.3532,0.0
frame_1273,1273,13.994600000000002,0.0,0.0,86.0054,0.0
frame_1274,1274,13.8354,11.174199999999999,0.0,74.99040000000001,0.0
frame_1275,1275,13.7552,10.4924,0.0,75.7524,0.0
frame_1276,1276,14.0512,10.001,0.0,75.9478,0.0
frame_1277,1277,13.594800000000001,10.4372,0.0,75.96800000000002,0.0
frame_1278,1278,6.4942,10.7224,0.0,75.25319999999999,7.5302
frame_1279,1279,14.044800000000002,10.7066,0.0,75.24860000000001,0.0
frame_1280,1280,5.7696,9.859,0.0,76.4264,7.945
frame_1281,1281,14.9158,10.837,0.0,74.2472,0.0
frame_1282,1282,14.585999999999999,11.146799999999999,0.0,74.2672,0.0
frame_1283,1283,17.9426,14.575199999999999,0.0,67.4822,0.0
frame_1284,1284,19.145400000000002,23.018399999999996,0.0,57.836200000000005,0.0
frame_1285,1285,18.302400000000002,22.049400000000002,0.0,59.648199999999996,0.0
frame_1286,1286,18.254199999999997,22.162,0.0,59.58380000000001,0.0
frame_1287,1287,20.069599999999998,15.366399999999999,0.0,64.564,0.0
frame_1288,1288,20.379,15.724599999999999,0.0,63.8964,0.0
frame_1289,1289,19.8552,1.4368,0.0,78.708,0.0
frame_1290,1290,20.500200000000003,1.4916,0.0,78.00819999999999,0.0
frame_1291,1291,19.5464,16.9974,0.0,63.45620000000001,0.0
frame_1292,1292,20.0318,1.5168,0.0,78.45139999999999,0.0
frame_1293,1293,20.011200000000002,1.4656,0.0,78.52319999999999,0.0
frame_1294,1294,20.201,18.205199999999998,0.0,61.59380000000001,0.0
frame_1295,1295,19.7424,17.784,0.0,62.473600000000005,0.0
frame_1296,1296,10.453999999999999,17.4508,0.0,62.7922,9.303
frame_1297,1297,10.044400000000001,17.4408,0.0,63.2488,9.266
frame_1298,1298,9.8696,18.069200000000002,0.0,63.0618,8.9994
frame_1299,1299,9.0222,18.7908,0.0,62.78360000000001,9.403400000000001
frame_1300,1300,8.962,1.8252000000000002,0.0,79.2666,9.9462
frame_1301,1301,9.2794,1.797,0.0,78.68740000000001,10.2362
frame_1302,1302,8.7524,18.1794,0.0,63.215199999999996,9.853000000000002
frame_1303,1303,8.103,19.159200000000002,0.0,62.531000000000006,10.206800000000001
frame_1304,1304,8.6932,18.9122,0.0,61.7622,10.6324
frame_1305,1305,8.4276,18.532,0.0,62.5042,10.5362
frame_1306,1306,7.9814,19.0932,0.0,62.559599999999996,10.3658
frame_1307,1307,7.6316,17.522399999999998,0.0,64.2748,10.5712
frame_1308,1308,9.248199999999999,16.667199999999998,0.0,63.788599999999995,10.296
frame_1309,1309,8.3528,15.9114,0.0,65.07159999999999,10.6642
frame_1310,1310,8.751000000000001,16.2356,0.0,64.40159999999999,10.6118
frame_1311,1311,7.9752,15.407399999999999,0.0,66.4994,10.118
frame_1312,1312,7.8532,15.752999999999998,0.0,66.122,10.2718
frame_1313,1313,7.316599999999999,13.9566,0.0,67.9276,10.7992
frame_1314,1314,10.7682,1.4806,0.0,77.1682,10.583
frame_1315,1315,10.2394,9.0058,0.0,71.452,9.3028
frame_1316,1316,9.116,22.8566,0.0,58.52660000000001,9.5008
frame_1317,1317,8.8972,22.081799999999998,0.0,58.8422,10.1788
frame_1318,1318,9.4122,22.7788,0.0,58.285,9.524000000000001
frame_1319,1319,9.4598,21.7474,0.0,57.886799999999994,10.906
frame_1320,1320,9.4456,22.2274,0.0,58.708000000000006,9.619
frame_1321,1321,10.107199999999999,22.980200000000004,0.0,56.65260000000001,10.26
frame_1322,1322,9.9802,22.592399999999998,0.0,57.5862,9.8412
frame_1323,1323,9.1276,22.240199999999998,0.0,58.2482,10.384
frame_1324,1324,9.634,22.810200000000002,0.0,57.720400000000005,9.8354
frame_1325,1325,10.032399999999999,23.580399999999997,0.0,56.3504,10.0368
frame_1326,1326,10.502400000000002,23.4718,0.0,56.102,9.9238
frame_1327,1327,10.7288,15.4756,0.0,63.22120000000001,10.5744
frame_1328,1328,10.245600000000001,14.5984,0.0,65.3772,9.7788
frame_1329,1329,9.7454,14.024199999999997,0.0,65.7454,10.485
frame_1330,1330,9.560599999999999,13.6398,0.0,66.4068,10.392800000000001
frame_1331,1331,9.461400000000001,1.4524000000000001,0.0,79.3398,9.7464
frame_1332,1332,9.841,1.4906000000000001,0.0,78.2524,10.416
frame_1333,1333,8.791599999999999,1.484,0.0,79.79419999999999,9.9302
frame_1334,1334,9.171,1.4016000000000002,0.0,78.583,10.8444
frame_1335,1335,8.5452,14.528599999999999,0.0,65.85379999999999,11.0724
frame_1336,1336,8.9476,15.9008,0.0,63.979600000000005,11.172
frame_1337,1337,9.8026,16.1844,0.0,63.2926,10.7204
frame_1338,1338,9.2968,16.0082,0.0,63.7704,10.9246
frame_1339,1339,7.9626,14.7254,0.0,66.4478,10.8642
frame_1340,1340,8.5494,15.3368,0.0,64.6866,11.4272
frame_1341,1341,9.5426,15.943000000000001,0.0,62.742799999999995,11.7716
frame_1342,1342,6.4746,10.668999999999999,0.0,71.49660000000002,11.3598
frame_1343,1343,5.7306,10.706,0.0,71.8494,11.713999999999999
frame_1344,1344,5.6444,9.9022,0.0,72.7452,11.7082
frame_1345,1345,6.4685999999999995,9.8496,0.0,71.91439999999999,11.7674
frame_1346,1346,6.2943999999999996,10.36,0.0,72.07939999999999,11.2662
frame_1347,1347,5.944599999999999,10.4072,0.0,72.3664,11.2818
frame_1348,1348,5.9436,10.0052,0.0,72.82719999999999,11.224
frame_1349,1349,6.5926,10.878,0.0,70.76360000000001,11.7658
frame_1350,1350,5.4902,9.66,0.0,73.0452,11.8046
frame_1351,1351,5.713,10.6534,0.0,72.1174,11.5162
frame_1352,1352,6.473,11.5176,0.0,70.157,11.852400000000001
frame_1353,1353,5.8426,10.800600000000001,0.0,71.2062,12.1506
frame_1354,1354,6.027,10.8994,0.0,71.1336,11.940000000000001
frame_1355,1355,5.872999999999999,10.603,0.0,71.5566,11.9674
frame_1356,1356,5.5764000000000005,10.288400000000001,0.0,71.7196,12.4156
frame_1357,1357,6.2948,10.94,0.0,71.32919999999999,11.436
frame_1358,1358,6.2234,11.0276,0.0,70.24480000000001,12.504199999999999
frame_1359,1359,4.178599999999999,22.116600000000002,0.0,61.4298,12.275
frame_1360,1360,5.5767999999999995,10.245600000000001,0.0,72.1476,12.030000000000001
frame_1361,1361,5.311599999999999,10.3058,0.0,72.7874,11.5952
frame_1362,1362,5.6078,10.846,0.0,71.9944,11.5518
frame_1363,1363,6.1962,24.506,0.0,57.42560000000001,11.8722
frame_1364,1364,5.6494,23.809599999999996,0.0,58.750800000000005,11.7902
frame_1365,1365,5.5282,24.0076,0.0,58.9944,11.4698
frame_1366,1366,5.5306,10.1406,0.0,72.81060000000001,11.5182
frame_1367,1367,4.92,9.6482,0.0,74.40060000000001,11.0312
frame_1368,1368,4.9738,9.167200000000001,0.0,74.8916,10.9674
frame_1369,1369,5.8984000000000005,10.4564,0.0,72.6148,11.0304
frame_1370,1370,5.7812,10.7514,0.0,72.4426,11.024799999999999
frame_1371,1371,5.7916,10.5802,0.0,72.62299999999999,11.0052
frame_1372,1372,6.0716,10.981399999999999,0.0,72.0048,10.9422
frame_1373,1373,6.379,20.9232,0.0,61.9966,10.7012
frame_1374,1374,5.876,9.9384,0.0,73.74980000000001,10.4358
frame_1375,1375,6.0729999999999995,9.4162,0.0,74.193,10.3178
frame_1376,1376,6.0972,9.7408,0.0,73.6886,10.4734
frame_1377,1377,6.5888,21.3612,0.0,61.61300000000001,10.437000000000001
frame_1378,1378,6.181,9.9778,0.0,73.55900000000001,10.2822
frame_1379,1379,5.965,9.9452,0.0,73.85740000000001,10.2324
frame_1380,1380,6.6046,11.2298,0.0,71.6512,10.5144
frame_1381,1381,6.3628,11.0426,0.0,72.0538,10.5408
frame_1382,1382,6.983599999999999,11.309800000000001,0.0,71.3888,10.3178
frame_1383,1383,6.5858,11.1532,0.0,72.1274,10.1336
frame_1384,1384,8.8734,13.497399999999999,0.0,67.3528,10.276399999999999
frame_1385,1385,9.4724,13.7252,0.0,66.2064,10.596
frame_1386,1386,8.9966,13.9652,0.0,66.3112,10.727
frame_1387,1387,9.1242,13.717200000000002,0.0,66.2874,10.8712
frame_1388,1388,9.6552,13.5218,0.0,65.99499999999999,10.828
frame_1389,1389,10.4004,13.797199999999998,0.0,64.5072,11.2952
frame_1390,1390,10.5172,13.909200000000002,0.0,64.7312,10.842400000000001
frame_1391,1391,7.842200000000001,22.1516,0.0,58.89719999999999,11.109
frame_1392,1392,9.6564,15.273599999999998,0.0,63.890800000000006,11.1792
frame_1393,1393,7.6546,23.4692,0.0,58.072599999999994,10.8036
frame_1394,1394,10.1728,16.4738,0.0,62.3988,10.954600000000001
frame_1395,1395,7.982,23.703200000000002,0.0,57.674400000000006,10.6404
frame_1396,1396,9.3726,16.459400000000002,0.0,63.5356,10.6324
frame_1397,1397,7.6092,33.177,0.0,48.898799999999994,10.315000000000001
frame_1398,1398,8.6312,16.521,0.0,64.0868,10.761
frame_1399,1399,6.7746,23.6538,0.0,59.09140000000001,10.4802
frame_1400,1400,7.9594,11.3026,0.0,69.9748,10.763200000000001
frame_1401,1401,7.259,23.156,0.0,58.572599999999994,11.0124
frame_1402,1402,7.7776,33.3304,0.0,48.360200000000006,10.531799999999999
frame_1403,1403,7.6196,33.7896,0.0,48.3242,10.266599999999999
frame_1404,1404,8.0612,44.120599999999996,0.0,37.7888,10.029399999999999
frame_1405,1405,6.75,34.3398,0.0,49.1682,9.742
frame_1406,1406,7.840999999999999,21.4504,0.0,60.68039999999999,10.0282
frame_1407,1407,8.8772,33.0554,0.0,47.8476,10.2198
frame_1408,1408,9.1236,33.479600000000005,0.0,47.4918,9.905
frame_1409,1409,11.7576,40.6366,0.0,37.247,10.3588
frame_1410,1410,11.6704,40.8574,0.0,37.07,10.4022
frame_1411,1411,11.703800000000001,27.9588,0.0,50.0316,10.3058
frame_1412,1412,11.9294,38.7536,0.0,39.3664,9.9506
frame_1413,1413,10.5366,41.1852,0.0,38.1956,10.0826
frame_1414,1414,9.7868,42.3048,0.0,38.010200000000005,9.8982
frame_1415,1415,10.910400000000001,40.6412,0.0,38.586600000000004,9.8618
frame_1416,1416,11.5944,38.9052,0.0,39.5264,9.974
frame_1417,1417,12.1678,37.788199999999996,0.0,39.9632,10.0808
frame_1418,1418,11.1278,39.1364,0.0,39.8574,9.8784
frame_1419,1419,11.8978,38.5164,0.0,39.6124,9.9734
frame_1420,1420,10.054599999999999,39.692800000000005,0.0,40.3508,9.9018
frame_1421,1421,10.1858,40.267,0.0,39.6258,9.9214
frame_1422,1422,10.4372,29.056199999999997,0.0,50.65339999999999,9.8532
frame_1423,1423,11.5822,39.4118,0.0,38.9526,10.0534
frame_1424,1424,11.5028,28.4764,0.0,50.010999999999996,10.0098
frame_1425,1425,11.512799999999999,39.4412,0.0,38.7558,10.290199999999999
frame_1426,1426,11.2172,39.849799999999995,0.0,38.398199999999996,10.5348
frame_1427,1427,8.8682,39.087,0.0,41.9568,10.088
frame_1428,1428,8.3688,28.3284,0.0,52.1362,11.1666
frame_1429,1429,7.929600000000001,44.4676,0.0,35.39020000000001,12.2126
frame_1430,1430,8.2736,46.408,0.0,31.376199999999997,13.9422
frame_1431,1431,8.3376,35.677,0.0,41.9244,14.061000000000002
frame_1432,1432,8.602799999999998,46.70620000000001,0.0,31.1162,13.574800000000002
frame_1433,1433,8.9984,36.8882,0.0,40.2008,13.9126
frame_1434,1434,8.4316,47.46940000000001,0.0,30.151600000000002,13.947399999999998
frame_1435,1435,9.049999999999999,47.5062,0.0,29.477200000000003,13.966600000000001
frame_1436,1436,8.0534,58.57,0.0,19.792199999999998,13.584399999999999
frame_1437,1437,8.2388,58.550000000000004,0.0,19.7686,13.442599999999999
frame_1438,1438,8.1532,38.795199999999994,0.0,40.2922,12.759400000000001
frame_1439,1439,8.5976,47.751599999999996,0.0,30.887999999999998,12.762799999999999
frame_1440,1440,8.2728,40.382000000000005,0.0,38.678200000000004,12.667
frame_1441,1441,8.5994,50.91480000000001,0.0,28.017400000000002,12.4684
frame_1442,1442,8.161,52.400800000000004,0.0,27.282400000000003,12.1558
frame_1443,1443,8.2834,52.578599999999994,0.0,27.0642,12.0738
frame_1444,1444,8.0816,53.708999999999996,0.0,26.4136,11.7958
frame_1445,1445,8.485800000000001,64.4342,0.0,15.7602,11.319799999999999
frame_1446,1446,8.1816,56.1256,0.0,24.6526,11.0402
frame_1447,1447,8.218,56.949799999999996,0.0,23.5552,11.277
frame_1448,1448,8.325000000000001,39.4688,0.0,42.0914,10.1148
frame_1449,1449,8.140600000000001,51.501999999999995,0.0,30.745800000000003,9.6116
frame_1450,1450,8.806799999999999,48.254599999999996,0.0,33.772999999999996,9.1656
frame_1451,1451,8.488,74.27999999999999,0.0,9.053799999999999,8.178199999999999
frame_1452,1452,7.6621999999999995,48.71339999999999,0.0,28.395000000000003,15.229400000000002
frame_1453,1453,7.5878,65.3052,0.0,20.293400000000002,6.8136
frame_1454,1454,7.2282,58.7144,0.0,20.519,13.538400000000001
frame_1455,1455,7.885599999999999,38.8516,0.0,40.205400000000004,13.0574
frame_1456,1456,7.959,78.9696,0.0,6.773,6.2984
frame_1457,1457,6.801200000000001,60.57699999999999,0.0,21.3568,11.265
frame_1458,1458,6.3948,40.79659999999999,0.0,42.2022,10.6064
frame_1459,1459,6.654599999999999,47.60960000000001,0.0,35.303200000000004,10.4326
frame_1460,1460,6.292599999999999,28.0852,0.0,55.67959999999999,9.9426
frame_1461,1461,6.8584000000000005,83.59900000000002,0.0,0.0,9.5426
frame_1462,1462,6.440600000000001,47.51519999999999,0.0,37.06080000000001,8.9834
frame_1463,1463,6.0038,48.092800000000004,0.0,37.336999999999996,8.5664
frame_1464,1464,8.7922,58.068999999999996,0.0,23.9322,9.2066
frame_1465,1465,6.456199999999999,48.4348,0.0,36.8082,8.3008
frame_1466,1466,6.558999999999999,49.4302,0.0,35.9786,8.0322
frame_1467,1467,8.1396,62.2376,0.0,20.777,8.845799999999999
frame_1468,1468,7.9030000000000005,62.4078,0.0,21.0166,8.6726
frame_1469,1469,16.642200000000003,59.69620000000001,0.0,23.6616,0.0
frame_1470,1470,16.8296,60.488400000000006,0.0,22.682,0.0
frame_1471,1471,16.850199999999997,61.67900000000001,0.0,21.4708,0.0
frame_1472,1472,17.8262,44.293,0.0,37.8808,0.0
frame_1473,1473,15.343000000000002,84.65700000000001,0.0,0.0,0.0
frame_1474,1474,18.9286,81.07140000000001,0.0,0.0,0.0
frame_1475,1475,20.061,79.93900000000001,0.0,0.0,0.0
frame_1476,1476,16.2256,61.78060000000001,0.0,21.9938,0.0
frame_1477,1477,18.259800000000002,81.7402,0.0,0.0,0.0
frame_1478,1478,15.885,84.115,0.0,0.0,0.0
frame_1479,1479,14.9202,85.0798,0.0,0.0,0.0
frame_1480,1480,15.350800000000001,84.6492,0.0,0.0,0.0
frame_1481,1481,16.5024,83.49759999999999,0.0,0.0,0.0
frame_1482,1482,14.382200000000001,70.0434,0.0,15.574399999999999,0.0
frame_1483,1483,15.692400000000001,65.64020000000001,0.0,18.6674,0.0
frame_1484,1484,13.947799999999999,69.04599999999999,0.0,17.0062,0.0
frame_1485,1485,14.927600000000002,64.1874,0.0,20.885,0.0
frame_1486,1486,14.2292,69.80199999999999,0.0,15.9688,0.0
frame_1487,1487,14.935399999999998,49.1624,0.0,35.90219999999999,0.0
frame_1488,1488,15.9382,65.0878,0.0,18.974,0.0
frame_1489,1489,15.629999999999999,49.9384,0.0,34.4316,0.0
frame_1490,1490,16.3634,65.35,0.0,18.2866,0.0
frame_1491,1491,18.564,81.43599999999999,0.0,0.0,0.0
frame_1492,1492,17.4466,76.17999999999999,6.3734,0.0,0.0
frame_1493,1493,19.0528,74.85700000000001,6.090199999999999,0.0,0.0
frame_1494,1494,19.716,57.36979999999999,0.0,22.9142,0.0
frame_1495,1495,19.8202,74.59400000000001,0.0,0.0,5.5858
frame_1496,1496,19.1054,75.5146,0.0,0.0,5.38
frame_1497,1497,20.8524,57.0162,6.058,16.0734,0.0
frame_1498,1498,20.789399999999997,57.162800000000004,0.0,16.2822,5.7656
frame_1499,1499,20.429,56.5318,0.0,17.5914,5.4478
frame_1500,1500,22.3446,55.21040000000001,5.393400000000001,17.0516,0.0
frame_1501,1501,22.8746,54.78340000000001,0.0,22.342,0.0
frame_1502,1502,21.218799999999998,56.1084,0.0,22.6728,0.0
frame_1503,1503,20.611400000000003,56.387600000000006,0.0,23.000999999999998,0.0
frame_1504,1504,19.758200000000002,55.88340000000001,0.0,24.358400000000003,0.0
frame_1505,1505,20.639200000000002,41.2938,0.0,38.06699999999999,0.0
frame_1506,1506,20.3802,40.4704,0.0,39.1494,0.0
frame_1507,1507,21.3202,40.5234,0.0,38.156400000000005,0.0
frame_1508,1508,21.808,41.6816,0.0,36.5104,0.0
frame_1509,1509,21.040599999999998,43.85980000000001,0.0,35.099599999999995,0.0
frame_1510,1510,21.6858,48.1386,0.0,30.175599999999996,0.0
frame_1511,1511,20.484599999999997,48.187599999999996,4.1906,27.1372,0.0
frame_1512,1512,20.2328,48.87440000000001,3.8898,27.003,0.0
frame_1513,1513,16.437400000000004,57.223800000000004,0.0,26.338800000000003,0.0
frame_1514,1514,28.326199999999996,43.4454,0.0,28.228399999999997,0.0
frame_1515,1515,25.1324,43.86220000000001,0.0,31.005399999999998,0.0
frame_1516,1516,18.386,67.4466,0.0,14.167399999999999,0.0
frame_1517,1517,18.3028,45.998799999999996,0.0,35.6984,0.0
frame_1518,1518,27.096799999999998,44.380399999999995,0.0,28.522799999999997,0.0
frame_1519,1519,26.002200000000002,43.599599999999995,0.0,30.398200000000003,0.0
frame_1520,1520,21.675800000000002,47.9,0.0,30.424200000000003,0.0
frame_1521,1521,30.414600000000004,34.3084,0.0,35.277,0.0
frame_1522,1522,19.2332,47.8332,0.0,32.9336,0.0
frame_1523,1523,20.8816,67.879,0.0,11.2394,0.0
frame_1524,1524,29.6794,35.2352,0.0,35.0854,0.0
frame_1525,1525,25.918799999999997,38.018,0.0,36.063199999999995,0.0
frame_1526,1526,20.7594,47.9552,0.0,31.285400000000003,0.0
frame_1527,1527,25.9424,24.7002,0.0,49.3574,0.0
frame_1528,1528,22.7318,48.6814,0.0,28.5868,0.0
frame_1529,1529,23.643800000000002,33.4844,0.0,42.8718,0.0
frame_1530,1530,33.168200000000006,45.025800000000004,0.0,21.806,0.0
frame_1531,1531,25.875999999999998,45.327,0.0,28.797,0.0
frame_1532,1532,24.926399999999997,46.420399999999994,0.0,28.653200000000002,0.0
frame_1533,1533,22.923199999999998,52.5434,0.0,24.5334,0.0
frame_1534,1534,24.437199999999997,52.455200000000005,0.0,23.1076,0.0
frame_1535,1535,22.0916,59.396800000000006,0.0,18.5116,0.0
frame_1536,1536,20.6442,61.2074,0.0,18.148400000000002,0.0
frame_1537,1537,24.4796,59.67800000000001,0.0,15.842400000000001,0.0
frame_1538,1538,36.8586,43.519400000000005,0.0,19.622,0.0
frame_1539,1539,36.7338,44.252199999999995,0.0,19.014,0.0
frame_1540,1540,37.2028,46.459,0.0,16.3382,0.0
frame_1541,1541,38.098,26.1946,0.0,35.7074,0.0
frame_1542,1542,38.9652,25.6986,0.0,35.3362,0.0
frame_1543,1543,28.398600000000002,35.7518,0.0,35.849599999999995,0.0
frame_1544,1544,41.0684,36.5612,0.0,22.3704,0.0
frame_1545,1545,31.4602,45.3174,0.0,23.2224,0.0
frame_1546,1546,30.616799999999998,45.378800000000005,0.0,24.004399999999997,0.0
frame_1547,1547,39.1054,42.8774,0.0,18.0172,0.0
frame_1548,1548,30.723,42.8378,0.0,26.439200000000003,0.0
frame_1549,1549,29.378,45.2144,0.0,25.407600000000002,0.0
frame_1550,1550,38.068799999999996,52.437200000000004,0.0,9.494,0.0
frame_1551,1551,28.7674,22.5302,0.0,48.702400000000004,0.0
frame_1552,1552,25.740999999999996,66.0796,0.0,8.179400000000001,0.0
frame_1553,1553,24.5392,56.4492,0.0,19.0116,0.0
frame_1554,1554,16.8934,70.3198,0.0,12.786800000000001,0.0
frame_1555,1555,17.3674,48.925200000000004,0.0,33.7074,0.0
frame_1556,1556,17.7958,56.0872,0.0,26.117,0.0
frame_1557,1557,17.619400000000002,36.0584,0.0,46.322199999999995,0.0
frame_1558,1558,18.909200000000002,58.8172,0.0,22.273600000000002,0.0
frame_1559,1559,17.541,70.5076,0.0,11.9514,0.0
frame_1560,1560,25.141400000000004,41.0438,0.0,33.8148,0.0
frame_1561,1561,17.104400000000002,70.624,0.0,12.271600000000001,0.0
frame_1562,1562,22.4824,45.9964,0.0,31.5212,0.0
frame_1563,1563,21.080199999999998,42.870799999999996,0.0,36.049,0.0
frame_1564,1564,21.541,22.9682,0.0,55.49079999999999,0.0
frame_1565,1565,30.685200000000002,69.3148,0.0,0.0,0.0
frame_1566,1566,34.340199999999996,65.6598,0.0,0.0,0.0
frame_1567,1567,33.989000000000004,66.011,0.0,0.0,0.0
frame_1568,1568,33.1978,48.109199999999994,0.0,18.693,0.0
frame_1569,1569,34.5492,65.4508,0.0,0.0,0.0
frame_1570,1570,36.291000000000004,46.7156,0.0,16.9934,0.0
frame_1571,1571,36.150999999999996,63.849000000000004,0.0,0.0,0.0
frame_1572,1572,35.833200000000005,64.1668,0.0,0.0,0.0
frame_1573,1573,36.173,63.827,0.0,0.0,0.0
frame_1574,1574,36.248,63.751999999999995,0.0,0.0,0.0
frame_1575,1575,36.623400000000004,63.376599999999996,0.0,0.0,0.0
frame_1576,1576,36.247800000000005,63.7522,0.0,0.0,0.0
frame_1577,1577,36.0822,63.9178,0.0,0.0,0.0
frame_1578,1578,36.6506,63.3494,0.0,0.0,0.0
frame_1579,1579,36.775999999999996,63.22399999999999,0.0,0.0,0.0
frame_1580,1580,37.495999999999995,62.50399999999999,0.0,0.0,0.0
frame_1581,1581,37.3652,62.6348,0.0,0.0,0.0
frame_1582,1582,35.3252,64.6748,0.0,0.0,0.0
frame_1583,1583,34.629400000000004,65.37060000000001,0.0,0.0,0.0
frame_1584,1584,21.0288,78.97119999999998,0.0,0.0,0.0
frame_1585,1585,21.262999999999998,78.737,0.0,0.0,0.0
frame_1586,1586,18.520999999999997,59.949600000000004,0.0,21.529400000000003,0.0
frame_1587,1587,18.0758,56.123400000000004,0.0,25.800800000000002,0.0
frame_1588,1588,15.474599999999999,43.392199999999995,0.0,41.133199999999995,0.0
frame_1589,1589,14.6286,85.3714,0.0,0.0,0.0
frame_1590,1590,14.083800000000002,59.833999999999996,0.0,26.0822,0.0
frame_1591,1591,14.056799999999999,60.75679999999999,0.0,25.1864,0.0
frame_1592,1592,14.8308,85.1692,0.0,0.0,0.0
frame_1593,1593,14.9894,60.139599999999994,0.0,24.871,0.0
frame_1594,1594,9.3862,83.3144,0.0,0.0,7.2994
frame_1595,1595,17.3396,68.3968,0.0,14.263600000000002,0.0
frame_1596,1596,11.3222,87.9426,0.7352,0.0,0.0
frame_1597,1597,20.7098,78.493,0.7972,0.0,0.0
frame_1598,1598,21.448800000000002,60.416399999999996,0.7941999999999999,17.340600000000002,0.0
frame_1599,1599,22.8584,58.24700000000001,0.7434,18.1512,0.0
frame_1600,1600,19.572,63.257799999999996,0.0,17.170199999999998,0.0
frame_1601,1601,22.211,77.789,0.0,0.0,0.0
frame_1602,1602,21.473799999999997,60.544,0.0,17.982200000000002,0.0
frame_1603,1603,23.2426,76.75739999999999,0.0,0.0,0.0
frame_1604,1604,19.6568,80.3432,0.0,0.0,0.0
frame_1605,1605,18.651799999999998,81.34819999999999,0.0,0.0,0.0
frame_1606,1606,17.7456,62.4736,0.0,19.780800000000003,0.0
frame_1607,1607,16.733,83.267,0.0,0.0,0.0
frame_1608,1608,17.4608,82.53920000000001,0.0,0.0,0.0
frame_1609,1609,17.7346,82.2654,0.0,0.0,0.0
frame_1610,1610,19.3632,61.004000000000005,0.0,19.6328,0.0
frame_1611,1611,11.0684,70.1102,0.0,18.8214,0.0
frame_1612,1612,10.852599999999999,69.3972,0.0,19.7502,0.0
frame_1613,1613,18.5348,61.1166,0.0,20.3486,0.0
frame_1614,1614,19.6062,56.3848,0.0,24.009,0.0
frame_1615,1615,10.6184,68.4004,0.0,20.9812,0.0
frame_1616,1616,10.1562,67.2234,0.0,22.6204,0.0
frame_1617,1617,10.915999999999999,56.7924,0.0,32.291599999999995,0.0
frame_1618,1618,0.0,79.8986,0.0,20.101399999999998,0.0
frame_1619,1619,10.5348,68.5722,0.0,20.893,0.0
frame_1620,1620,10.7884,89.21159999999999,0.0,0.0,0.0
frame_1621,1621,0.0,100.0,0.0,0.0,0.0
frame_1622,1622,11.035599999999999,88.9644,0.0,0.0,0.0
frame_1623,1623,10.5128,89.4872,0.0,0.0,0.0
frame_1624,1624,10.891,89.10900000000001,0.0,0.0,0.0
frame_1625,1625,10.3092,89.69080000000001,0.0,0.0,0.0
frame_1626,1626,9.9068,90.0932,0.0,0.0,0.0
frame_1627,1627,10.416,89.584,0.0,0.0,0.0
frame_1628,1628,10.625,89.375,0.0,0.0,0.0
frame_1629,1629,10.4312,89.56880000000001,0.0,0.0,0.0
frame_1630,1630,10.783199999999999,89.21679999999999,0.0,0.0,0.0
frame_1631,1631,10.820599999999999,89.17940000000002,0.0,0.0,0.0
frame_1632,1632,10.6568,89.3432,0.0,0.0,0.0
frame_1633,1633,11.419,88.581,0.0,0.0,0.0
frame_1634,1634,11.7736,76.492,0.0,11.7344,0.0
frame_1635,1635,12.853,87.14699999999999,0.0,0.0,0.0
frame_1636,1636,21.3574,67.0686,0.0,11.574,0.0
frame_1637,1637,21.1228,66.917,0.0,11.9602,0.0
frame_1638,1638,21.715,78.28500000000001,0.0,0.0,0.0
frame_1639,1639,20.700400000000002,79.2996,0.0,0.0,0.0
frame_1640,1640,21.779,64.36579999999998,0.0,13.8552,0.0
frame_1641,1641,19.9748,80.0252,0.0,0.0,0.0
frame_1642,1642,19.3296,80.67040000000001,0.0,0.0,0.0
frame_1643,1643,18.9028,81.0972,0.0,0.0,0.0
frame_1644,1644,19.171599999999998,80.8284,0.0,0.0,0.0
frame_1645,1645,18.426399999999997,81.57359999999998,0.0,0.0,0.0
frame_1646,1646,17.8918,82.10820000000001,0.0,0.0,0.0
frame_1647,1647,21.8626,78.13739999999999,0.0,0.0,0.0
frame_1648,1648,20.9076,79.0924,0.0,0.0,0.0
frame_1649,1649,11.3764,65.9598,0.0,14.5816,8.0822
frame_1650,1650,17.9966,67.932,0.0,14.0714,0.0
frame_1651,1651,17.1842,51.8934,0.0,30.9224,0.0
frame_1652,1652,11.855599999999999,47.2376,0.0,33.7044,7.202400000000001
frame_1653,1653,12.2364,80.01820000000001,0.0,0.0,7.745399999999999
frame_1654,1654,21.7654,78.2346,0.0,0.0,0.0
frame_1655,1655,21.3776,78.6224,0.0,0.0,0.0
frame_1656,1656,22.3364,77.6636,0.0,0.0,0.0
frame_1657,1657,22.9396,77.0604,0.0,0.0,0.0
frame_1658,1658,21.0018,78.99820000000001,0.0,0.0,0.0
frame_1659,1659,18.9912,81.00880000000001,0.0,0.0,0.0
frame_1660,1660,19.0888,80.9112,0.0,0.0,0.0
frame_1661,1661,16.997400000000003,83.00259999999999,0.0,0.0,0.0
frame_1662,1662,16.4386,83.5614,0.0,0.0,0.0
frame_1663,1663,15.4448,69.6656,0.0,14.8896,0.0
frame_1664,1664,16.055999999999997,67.64280000000001,0.0,16.301199999999998,0.0
frame_1665,1665,16.6426,67.14499999999998,0.0,16.2124,0.0
frame_1666,1666,17.822,64.838,0.0,17.34,0.0
frame_1667,1667,17.3364,65.5986,0.0,17.065,0.0
frame_1668,1668,16.089399999999998,68.52539999999999,0.0,15.3852,0.0
frame_1669,1669,17.4778,65.501,0.0,17.0212,0.0
frame_1670,1670,14.763000000000002,50.4444,0.0,34.7926,0.0
frame_1671,1671,17.2952,66.5184,0.0,16.1864,0.0
frame_1672,1672,16.8916,45.995999999999995,0.0,37.1124,0.0
frame_1673,1673,18.39,44.8788,0.0,36.731199999999994,0.0
frame_1674,1674,16.3108,66.6424,0.0,17.0468,0.0
frame_1675,1675,17.678,47.93580000000001,0.0,34.3862,0.0
frame_1676,1676,19.854,48.0252,0.0,32.1208,0.0
frame_1677,1677,6.2856,43.661,0.0,33.768,16.2854
frame_1678,1678,6.983599999999999,66.85240000000002,0.0,17.7582,8.4058
frame_1679,1679,6.947399999999999,65.46819999999998,0.0,17.825,9.7594
frame_1680,1680,19.8778,52.7878,0.0,16.6372,10.6972
frame_1681,1681,20.5612,39.47619999999999,0.0,28.8198,11.1428
frame_1682,1682,21.9188,29.8072,0.0,35.898799999999994,12.3752
frame_1683,1683,20.657600000000002,50.4596,0.0,16.408,12.4748
frame_1684,1684,20.183600000000002,39.742799999999995,0.0,27.381800000000002,12.6918
frame_1685,1685,19.886599999999998,41.050399999999996,0.0,26.2028,12.860199999999999
frame_1686,1686,20.506999999999998,57.406400000000005,0.0,22.0866,0.0
frame_1687,1687,21.4478,48.043600000000005,0.0,30.508599999999998,0.0
frame_1688,1688,22.5732,47.01,0.0,30.4168,0.0
frame_1689,1689,22.644199999999998,64.9284,0.0,12.427399999999999,0.0
frame_1690,1690,22.5294,65.689,0.0,11.781600000000001,0.0
frame_1691,1691,19.8886,69.5092,0.0,10.6022,0.0
frame_1692,1692,18.235599999999998,73.1044,0.0,8.66,0.0
frame_1693,1693,17.130000000000003,75.13159999999999,0.0,7.7383999999999995,0.0
frame_1694,1694,16.4282,66.0908,0.0,17.480999999999998,0.0
frame_1695,1695,9.2796,81.00460000000001,0.0,0.0,9.7158
frame_1696,1696,10.442,53.0318,0.0,27.515600000000003,9.0106
frame_1697,1697,10.0998,47.557,0.0,34.195,8.1482
frame_1698,1698,9.6992,69.0928,0.0,13.4546,7.753400000000001
frame_1699,1699,9.171999999999999,62.8008,0.0,20.5708,7.4564
frame_1700,1700,9.1714,83.712,0.0,0.0,7.116599999999999
frame_1701,1701,8.6258,51.0482,0.0,33.8398,6.4862
frame_1702,1702,8.8352,70.5658,0.0,14.5444,6.054600000000001
frame_1703,1703,7.4562,87.1672,0.0,0.0,5.3766
frame_1704,1704,12.548799999999998,87.4512,0.0,0.0,0.0
frame_1705,1705,15.9302,70.40060000000001,0.0,13.6692,0.0
frame_1706,1706,17.0386,82.9614,0.0,0.0,0.0
frame_1707,1707,8.472399999999999,63.13999999999999,0.0,21.9486,6.439
frame_1708,1708,9.553,82.80440000000002,0.0,0.0,7.6426
frame_1709,1709,10.3064,60.7672,0.0,19.929,8.997399999999999
frame_1710,1710,10.5176,58.3504,0.0,21.002599999999997,10.1294
frame_1711,1711,10.142800000000001,43.620799999999996,0.0,35.184000000000005,11.0524
frame_1712,1712,7.7276,81.573,0.0,0.0,10.6994
frame_1713,1713,19.9212,80.0788,0.0,0.0,0.0
frame_1714,1714,20.6254,58.413399999999996,0.0,20.961199999999998,0.0
frame_1715,1715,21.6528,58.099599999999995,0.0,20.2476,0.0
frame_1716,1716,23.015400000000003,76.9846,0.0,0.0,0.0
frame_1717,1717,21.790799999999997,78.2092,0.0,0.0,0.0
frame_1718,1718,20.496199999999998,79.5038,0.0,0.0,0.0
frame_1719,1719,17.2776,82.7224,0.0,0.0,0.0
frame_1720,1720,15.172799999999997,72.27159999999999,0.0,12.5556,0.0
frame_1721,1721,13.420599999999999,86.57939999999999,0.0,0.0,0.0
frame_1722,1722,12.162400000000002,87.83760000000001,0.0,0.0,0.0
frame_1723,1723,12.459999999999999,87.53999999999998,0.0,0.0,0.0
frame_1724,1724,14.933200000000003,85.06680000000001,0.0,0.0,0.0
frame_1725,1725,16.1068,83.8932,0.0,0.0,0.0
frame_1726,1726,15.5664,84.4336,0.0,0.0,0.0
frame_1727,1727,14.8872,85.1128,0.0,0.0,0.0
frame_1728,1728,8.1594,91.8406,0.0,0.0,0.0
frame_1729,1729,14.782800000000002,85.2172,0.0,0.0,0.0
frame_1730,1730,15.2754,72.81519999999999,0.0,11.9094,0.0
frame_1731,1731,16.9648,83.0352,0.0,0.0,0.0
frame_1732,1732,14.149600000000001,56.3678,0.0,29.482599999999998,0.0
frame_1733,1733,13.8156,86.18440000000001,0.0,0.0,0.0
frame_1734,1734,14.862400000000001,85.1376,0.0,0.0,0.0
frame_1735,1735,14.672800000000002,72.6838,0.0,12.6434,0.0
frame_1736,1736,15.825,84.175,0.0,0.0,0.0
frame_1737,1737,15.729199999999999,72.2592,0.0,12.0116,0.0
frame_1738,1738,15.693600000000002,84.3064,0.0,0.0,0.0
frame_1739,1739,15.116399999999999,58.3916,0.0,26.491999999999997,0.0
frame_1740,1740,9.118,53.23100000000001,0.0,37.651,0.0
frame_1741,1741,9.4876,66.00339999999998,0.0,24.509,0.0
frame_1742,1742,15.2002,51.08579999999999,0.0,33.714,0.0
frame_1743,1743,9.007800000000001,77.3502,0.0,13.642000000000001,0.0
frame_1744,1744,14.8046,61.584,0.0,23.6114,0.0
frame_1745,1745,9.456000000000001,68.92699999999999,0.0,21.617,0.0
frame_1746,1746,9.7606,68.2602,0.0,21.9792,0.0
frame_1747,1747,17.732999999999997,82.267,0.0,0.0,0.0
frame_1748,1748,19.134,57.5982,0.0,23.2678,0.0
frame_1749,1749,10.6838,89.3162,0.0,0.0,0.0
frame_1750,1750,19.2042,48.919200000000004,0.0,31.8766,0.0
frame_1751,1751,18.2786,59.89239999999999,0.0,21.829,0.0
frame_1752,1752,17.2262,82.7738,0.0,0.0,0.0
frame_1753,1753,17.202,82.79799999999999,0.0,0.0,0.0
frame_1754,1754,16.8578,83.1422,0.0,0.0,0.0
frame_1755,1755,18.0442,70.45320000000001,0.0,11.502600000000001,0.0
frame_1756,1756,19.9426,80.0574,0.0,0.0,0.0
frame_1757,1757,17.4262,69.0956,0.0,13.478200000000001,0.0
frame_1758,1758,21.4984,78.5016,0.0,0.0,0.0
frame_1759,1759,17.808400000000002,82.1916,0.0,0.0,0.0
frame_1760,1760,20.413999999999998,79.586,0.0,0.0,0.0
frame_1761,1761,18.397799999999997,81.6022,0.0,0.0,0.0
frame_1762,1762,17.7462,82.2538,0.0,0.0,0.0
frame_1763,1763,12.347,80.8386,0.0,0.0,6.8144
frame_1764,1764,13.8142,86.1858,0.0,0.0,0.0
frame_1765,1765,17.1938,82.80619999999999,0.0,0.0,0.0
frame_1766,1766,5.2504,94.74960000000002,0.0,0.0,0.0
frame_1767,1767,14.810400000000001,85.18960000000001,0.0,0.0,0.0
frame_1768,1768,4.798,60.91760000000001,0.0,34.284400000000005,0.0
frame_1769,1769,5.0194,72.1128,0.0,22.8678,0.0
frame_1770,1770,17.2978,82.70219999999999,0.0,0.0,0.0
frame_1771,1771,6.361400000000001,70.19940000000001,0.0,23.4392,0.0
frame_1772,1772,30.914600000000004,69.08539999999999,0.0,0.0,0.0
frame_1773,1773,17.8924,26.0164,0.0,56.09119999999999,0.0
frame_1774,1774,16.5652,67.8358,0.0,15.598999999999998,0.0
frame_1775,1775,16.015,39.577,0.0,44.408,0.0
frame_1776,1776,15.935599999999999,24.647199999999998,0.0,59.417199999999994,0.0
frame_1777,1777,10.0002,67.56920000000001,0.0,15.698200000000002,6.732399999999999
frame_1778,1778,9.719,82.80080000000001,0.0,0.0,7.480199999999999
frame_1779,1779,10.2384,89.7616,0.0,0.0,0.0
frame_1780,1780,20.705000000000002,79.295,0.0,0.0,0.0
frame_1781,1781,19.302,80.69800000000001,0.0,0.0,0.0
frame_1782,1782,19.619999999999997,80.38,0.0,0.0,0.0
frame_1783,1783,19.1406,80.85940000000001,0.0,0.0,0.0
frame_1784,1784,20.3248,67.41560000000001,0.0,12.259599999999999,0.0
frame_1785,1785,22.416000000000004,66.317,0.0,11.267000000000001,0.0
frame_1786,1786,21.8858,78.1142,0.0,0.0,0.0
frame_1787,1787,20.568199999999997,79.43180000000001,0.0,0.0,0.0
frame_1788,1788,22.234399999999997,66.6282,0.0,11.1374,0.0
frame_1789,1789,22.9368,65.9776,0.0,11.0856,0.0
frame_1790,1790,22.6518,64.12239999999998,0.0,13.2258,0.0
frame_1791,1791,23.438599999999997,55.221,0.0,21.340400000000002,0.0
frame_1792,1792,22.2676,63.6384,0.0,14.094000000000001,0.0
frame_1793,1793,22.6772,54.838,0.0,22.4848,0.0
frame_1794,1794,22.7696,41.8434,0.0,35.387,0.0
frame_1795,1795,22.803600000000003,56.172599999999996,0.0,21.0238,0.0
frame_1796,1796,24.849,75.151,0.0,0.0,0.0
frame_1797,1797,24.9716,52.096,0.0,22.9324,0.0
frame_1798,1798,22.9694,40.1888,0.0,36.8418,0.0
frame_1799,1799,22.5252,63.95700000000001,0.0,13.5178,0.0
frame_1800,1800,23.267,39.8982,0.0,36.8348,0.0
frame_1801,1801,22.431800000000003,55.702799999999996,0.0,21.865399999999998,0.0
frame_1802,1802,22.522,77.47800000000001,0.0,0.0,0.0
frame_1803,1803,22.33,55.001599999999996,0.0,22.6684,0.0
frame_1804,1804,22.177999999999997,77.822,0.0,0.0,0.0
frame_1805,1805,23.0124,76.98759999999999,0.0,0.0,0.0
frame_1806,1806,19.1444,80.85560000000001,0.0,0.0,0.0
frame_1807,1807,24.9904,75.0096,0.0,0.0,0.0
frame_1808,1808,23.210199999999997,76.7898,0.0,0.0,0.0
frame_1809,1809,23.0468,76.95320000000001,0.0,0.0,0.0
frame_1810,1810,22.2056,77.7944,0.0,0.0,0.0
frame_1811,1811,21.6242,78.37580000000001,0.0,0.0,0.0
frame_1812,1812,20.4432,79.5568,0.0,0.0,0.0
frame_1813,1813,19.994,80.006,0.0,0.0,0.0
frame_1814,1814,21.1086,78.8914,0.0,0.0,0.0
frame_1815,1815,18.615000000000002,81.385,0.0,0.0,0.0
frame_1816,1816,18.2942,81.70579999999998,0.0,0.0,0.0
frame_1817,1817,18.2576,81.7424,0.0,0.0,0.0
frame_1818,1818,17.4718,82.5282,0.0,0.0,0.0
frame_1819,1819,18.9476,81.05239999999998,0.0,0.0,0.0
frame_1820,1820,19.919199999999996,80.08080000000001,0.0,0.0,0.0
frame_1821,1821,21.032,78.96799999999999,0.0,0.0,0.0
frame_1822,1822,21.1692,78.8308,0.0,0.0,0.0
frame_1823,1823,20.8944,79.10560000000001,0.0,0.0,0.0
frame_1824,1824,20.009,79.99099999999999,0.0,0.0,0.0
frame_1825,1825,22.188000000000002,77.812,0.0,0.0,0.0
frame_1826,1826,22.6096,77.3904,0.0,0.0,0.0
frame_1827,1827,19.4408,80.5592,0.0,0.0,0.0
frame_1828,1828,19.1678,80.8322,0.0,0.0,0.0
frame_1829,1829,18.220200000000002,81.77980000000001,0.0,0.0,0.0
frame_1830,1830,19.613599999999998,80.3864,0.0,0.0,0.0
frame_1831,1831,20.3872,79.6128,0.0,0.0,0.0
frame_1832,1832,21.927,56.83239999999999,0.0,21.2406,0.0
frame_1833,1833,20.916999999999998,79.08300000000001,0.0,0.0,0.0
frame_1834,1834,19.845200000000002,67.4434,0.0,12.711400000000001,0.0
frame_1835,1835,20.678200000000004,46.0148,0.0,33.306999999999995,0.0
frame_1836,1836,20.444000000000003,79.55600000000001,0.0,0.0,0.0
frame_1837,1837,21.431,78.569,0.0,0.0,0.0
frame_1838,1838,20.132,67.2854,0.0,12.5826,0.0
frame_1839,1839,21.1754,78.8246,0.0,0.0,0.0
frame_1840,1840,21.489,78.51099999999998,0.0,0.0,0.0
frame_1841,1841,20.62,62.068200000000004,0.0,17.311799999999998,0.0
frame_1842,1842,20.983,60.10960000000001,0.0,18.9074,0.0
frame_1843,1843,22.5262,77.4738,0.0,0.0,0.0
frame_1844,1844,39.0158,60.9842,0.0,0.0,0.0
frame_1845,1845,24.1186,57.757400000000004,0.0,18.124000000000002,0.0
frame_1846,1846,24.165799999999997,75.8342,0.0,0.0,0.0
frame_1847,1847,24.264999999999997,75.735,0.0,0.0,0.0
frame_1848,1848,22.714000000000002,77.286,0.0,0.0,0.0
frame_1849,1849,21.1708,66.005,0.0,12.8242,0.0
frame_1850,1850,23.183999999999997,76.816,0.0,0.0,0.0
frame_1851,1851,23.213800000000003,46.156400000000005,0.0,30.629799999999996,0.0
frame_1852,1852,21.8672,78.13279999999999,0.0,0.0,0.0
frame_1853,1853,22.1412,77.8588,0.0,0.0,0.0
frame_1854,1854,19.914199999999997,61.14240000000001,0.0,18.9434,0.0
frame_1855,1855,19.7452,63.068999999999996,0.0,17.1858,0.0
frame_1856,1856,18.761400000000002,61.813399999999994,0.0,19.4252,0.0
frame_1857,1857,19.328200000000002,60.05719999999999,0.0,20.6146,0.0
frame_1858,1858,18.9696,81.0304,0.0,0.0,0.0
frame_1859,1859,21.4572,43.8872,0.0,34.6556,0.0
frame_1860,1860,20.700000000000003,79.3,0.0,0.0,0.0
frame_1861,1861,20.635399999999997,79.3646,0.0,0.0,0.0
frame_1862,1862,21.3718,59.2798,0.0,19.348399999999998,0.0
frame_1863,1863,21.6512,58.01540000000001,0.0,20.333399999999997,0.0
frame_1864,1864,22.5298,55.127399999999994,0.0,22.3428,0.0
frame_1865,1865,23.1038,54.876999999999995,0.0,22.0192,0.0
frame_1866,1866,23.2048,76.79520000000001,0.0,0.0,0.0
frame_1867,1867,22.9162,77.0838,0.0,0.0,0.0
frame_1868,1868,23.799599999999998,76.2004,0.0,0.0,0.0
frame_1869,1869,22.9598,77.0402,0.0,0.0,0.0
frame_1870,1870,22.7134,77.28659999999999,0.0,0.0,0.0
frame_1871,1871,23.1798,76.8202,0.0,0.0,0.0
frame_1872,1872,23.3302,76.66979999999998,0.0,0.0,0.0
frame_1873,1873,22.7354,77.2646,0.0,0.0,0.0
frame_1874,1874,22.7798,77.22019999999999,0.0,0.0,0.0
frame_1875,1875,23.284,45.483599999999996,0.0,31.232400000000005,0.0
frame_1876,1876,22.3944,77.60559999999998,0.0,0.0,0.0
frame_1877,1877,39.6478,60.3522,0.0,0.0,0.0
frame_1878,1878,22.999200000000002,61.33139999999999,0.0,15.6694,0.0
frame_1879,1879,22.7198,61.399800000000006,0.0,15.8804,0.0
frame_1880,1880,24.383399999999998,59.781600000000005,0.0,15.834999999999999,0.0
