Frame,Flat,Construction,Object,Nature,Sky,Human,Vehicle
frame_0000,0.2182,0.2329,0.0108,0.1926,0.1369,0.2074,0.0012
frame_0001,0.2148,0.2380,0.0095,0.1992,0.1393,0.1957,0.0034
frame_0002,0.2218,0.2544,0.0097,0.2206,0.1413,0.1343,0.0179
frame_0003,0.2545,0.2502,0.0086,0.2416,0.1389,0.0910,0.0152
frame_0004,0.2605,0.2532,0.0105,0.2574,0.1352,0.0796,0.0036
frame_0005,0.2603,0.2524,0.0097,0.2639,0.1323,0.0692,0.0122
frame_0006,0.2497,0.2579,0.0088,0.2636,0.1284,0.0788,0.0128
frame_0007,0.1846,0.3208,0.0103,0.2637,0.1257,0.0860,0.0089
frame_0008,0.2492,0.2546,0.0099,0.2734,0.1203,0.0821,0.0105
frame_0009,0.2489,0.2481,0.0107,0.2773,0.1163,0.0858,0.0128
frame_0010,0.2417,0.2486,0.0116,0.2851,0.1127,0.0946,0.0058
frame_0011,0.1646,0.3277,0.0066,0.2841,0.1109,0.1021,0.0040
frame_0012,0.2438,0.2536,0.0058,0.2824,0.1074,0.0975,0.0096
frame_0013,0.2501,0.2457,0.0086,0.2843,0.1054,0.1006,0.0053
frame_0014,0.2582,0.2440,0.0089,0.2899,0.1043,0.0939,0.0008
frame_0015,0.2468,0.2403,0.0060,0.2894,0.1033,0.1124,0.0019
frame_0016,0.2268,0.2503,0.0037,0.2966,0.1023,0.1137,0.0067
frame_0017,0.2304,0.2422,0.0059,0.3026,0.1022,0.1099,0.0067
frame_0018,0.2282,0.2428,0.0074,0.3050,0.1012,0.1111,0.0044
frame_0019,0.2418,0.2387,0.0052,0.2963,0.1009,0.1093,0.0078
frame_0020,0.2503,0.2372,0.0052,0.2978,0.1003,0.1010,0.0083
frame_0021,0.2392,0.2375,0.0036,0.3111,0.1001,0.1031,0.0053
frame_0022,0.2491,0.2407,0.0069,0.3069,0.1002,0.0927,0.0037
frame_0023,0.2449,0.2496,0.0032,0.3084,0.1002,0.0927,0.0010
frame_0024,0.2570,0.2415,0.0030,0.3074,0.1009,0.0888,0.0015
frame_0025,0.2582,0.2441,0.0042,0.3077,0.1010,0.0842,0.0006
frame_0026,0.2499,0.2521,0.0047,0.3131,0.0997,0.0795,0.0008
frame_0027,0.2625,0.2405,0.0040,0.3129,0.0997,0.0798,0.0007
frame_0028,0.2714,0.2372,0.0048,0.3100,0.0991,0.0769,0.0006
frame_0029,0.2630,0.2440,0.0037,0.3137,0.0990,0.0743,0.0023
frame_0030,0.2757,0.2297,0.0042,0.3182,0.0988,0.0684,0.0050
frame_0031,0.2794,0.2351,0.0044,0.3146,0.0989,0.0657,0.0020
frame_0032,0.2783,0.2382,0.0036,0.3119,0.0987,0.0672,0.0020
frame_0033,0.2774,0.2348,0.0014,0.3162,0.0981,0.0703,0.0019
frame_0034,0.2804,0.2369,0.0032,0.3102,0.0972,0.0689,0.0032
frame_0035,0.2772,0.2363,0.0034,0.3157,0.0966,0.0681,0.0028
frame_0036,0.2774,0.2410,0.0032,0.3111,0.0974,0.0663,0.0037
frame_0037,0.2734,0.2402,0.0025,0.3145,0.0960,0.0679,0.0055
frame_0038,0.2731,0.2432,0.0031,0.3065,0.0964,0.0710,0.0067
frame_0039,0.2801,0.2366,0.0028,0.3072,0.0968,0.0685,0.0080
frame_0040,0.2799,0.2374,0.0042,0.3040,0.0961,0.0714,0.0070
frame_0041,0.2661,0.2463,0.0042,0.3027,0.0971,0.0744,0.0091
frame_0042,0.2708,0.2423,0.0042,0.3004,0.0978,0.0727,0.0118
frame_0043,0.2754,0.2371,0.0032,0.3019,0.0958,0.0730,0.0135
frame_0044,0.2592,0.2463,0.0040,0.3026,0.0975,0.0836,0.0068
frame_0045,0.2714,0.2345,0.0039,0.2994,0.0993,0.0835,0.0079
frame_0046,0.2778,0.2336,0.0062,0.2968,0.1002,0.0793,0.0061
frame_0047,0.2745,0.2495,0.0028,0.2937,0.0998,0.0748,0.0050
frame_0048,0.2799,0.2470,0.0074,0.2933,0.1000,0.0675,0.0051
frame_0049,0.2755,0.2519,0.0038,0.2944,0.0979,0.0718,0.0047
frame_0050,0.2728,0.2578,0.0094,0.2947,0.0977,0.0594,0.0080
frame_0051,0.2743,0.2529,0.0097,0.2943,0.0995,0.0614,0.0080
frame_0052,0.2746,0.2424,0.0114,0.2921,0.1013,0.0726,0.0056
frame_0053,0.2699,0.2504,0.0082,0.2930,0.1012,0.0692,0.0081
frame_0054,0.2737,0.2535,0.0125,0.2906,0.1026,0.0647,0.0023
frame_0055,0.2703,0.2544,0.0102,0.2885,0.1023,0.0662,0.0081
frame_0056,0.2673,0.2601,0.0080,0.2873,0.1019,0.0675,0.0079
frame_0057,0.2674,0.2615,0.0123,0.2769,0.1004,0.0795,0.0020
frame_0058,0.2758,0.2592,0.0130,0.2789,0.1007,0.0671,0.0055
frame_0059,0.2810,0.2584,0.0105,0.2766,0.1006,0.0717,0.0012
frame_0060,0.2725,0.2772,0.0077,0.2671,0.1015,0.0701,0.0040
frame_0061,0.2712,0.2780,0.0101,0.2607,0.1028,0.0763,0.0009
frame_0062,0.2773,0.2736,0.0048,0.2594,0.1033,0.0743,0.0074
frame_0063,0.2815,0.2749,0.0074,0.2590,0.1038,0.0691,0.0043
frame_0064,0.2741,0.2815,0.0099,0.2548,0.1037,0.0662,0.0098
frame_0065,0.2866,0.2723,0.0068,0.2509,0.1048,0.0608,0.0177
frame_0066,0.2934,0.2763,0.0046,0.2484,0.1061,0.0625,0.0086
frame_0067,0.2918,0.2842,0.0041,0.2477,0.1078,0.0423,0.0221
frame_0068,0.2895,0.2860,0.0043,0.2454,0.1085,0.0587,0.0076
frame_0069,0.2910,0.2860,0.0058,0.2427,0.1109,0.0626,0.0010
frame_0070,0.2912,0.2859,0.0110,0.2383,0.1110,0.0604,0.0022
frame_0071,0.2900,0.2867,0.0050,0.2373,0.1125,0.0631,0.0053
frame_0072,0.2881,0.2856,0.0083,0.2343,0.1104,0.0686,0.0048
frame_0073,0.2879,0.2840,0.0025,0.2355,0.1120,0.0656,0.0125
frame_0074,0.2853,0.2935,0.0025,0.2368,0.1137,0.0593,0.0089
frame_0075,0.2803,0.3020,0.0031,0.2334,0.1146,0.0662,0.0004
frame_0076,0.2728,0.3004,0.0032,0.2328,0.1161,0.0690,0.0056
frame_0077,0.2702,0.3102,0.0025,0.2365,0.1157,0.0632,0.0016
frame_0078,0.2741,0.2967,0.0054,0.2392,0.1141,0.0650,0.0056
frame_0079,0.2599,0.3184,0.0015,0.2342,0.1123,0.0719,0.0018
frame_0080,0.2657,0.3192,0.0011,0.2333,0.1147,0.0650,0.0010
frame_0081,0.2603,0.3299,0.0027,0.2304,0.1135,0.0572,0.0061
frame_0082,0.2623,0.3241,0.0009,0.2322,0.1125,0.0651,0.0029
frame_0083,0.2673,0.3203,0.0043,0.2269,0.1119,0.0668,0.0026
frame_0084,0.2641,0.3213,0.0032,0.2321,0.1118,0.0592,0.0083
frame_0085,0.2676,0.3140,0.0047,0.2323,0.1112,0.0658,0.0044
frame_0086,0.2537,0.3225,0.0009,0.2319,0.1126,0.0729,0.0055
frame_0087,0.2631,0.3230,0.0103,0.2215,0.1126,0.0644,0.0051
frame_0088,0.2636,0.3153,0.0115,0.2265,0.1121,0.0688,0.0023
frame_0089,0.2586,0.3161,0.0009,0.2387,0.1118,0.0706,0.0033
frame_0090,0.2657,0.3142,0.0011,0.2363,0.1128,0.0689,0.0010
frame_0091,0.2627,0.3134,0.0014,0.2319,0.1141,0.0697,0.0069
frame_0092,0.2716,0.3149,0.0048,0.2235,0.1135,0.0641,0.0076
frame_0093,0.2637,0.3171,0.0006,0.2292,0.1147,0.0656,0.0091
frame_0094,0.2750,0.3064,0.0009,0.2256,0.1160,0.0677,0.0084
frame_0095,0.2759,0.3155,0.0012,0.2224,0.1174,0.0561,0.0115
frame_0096,0.2897,0.2991,0.0004,0.2211,0.1187,0.0613,0.0098
frame_0097,0.2818,0.3099,0.0003,0.2129,0.1196,0.0625,0.0130
frame_0098,0.2728,0.3166,0.0007,0.2185,0.1218,0.0647,0.0049
frame_0099,0.2726,0.3207,0.0009,0.2151,0.1206,0.0633,0.0067
frame_0100,0.2704,0.3244,0.0011,0.2149,0.1199,0.0650,0.0043
frame_0101,0.2578,0.3406,0.0018,0.2061,0.1203,0.0702,0.0032
frame_0102,0.2552,0.3388,0.0012,0.2116,0.1222,0.0678,0.0032
frame_0103,0.2546,0.3365,0.0018,0.2097,0.1235,0.0636,0.0103
frame_0104,0.2451,0.3382,0.0012,0.2104,0.1254,0.0736,0.0061
frame_0105,0.2391,0.3299,0.0035,0.2112,0.1286,0.0822,0.0055
frame_0106,0.2335,0.3466,0.0021,0.1995,0.1328,0.0584,0.0271
frame_0107,0.2345,0.3402,0.0053,0.1911,0.1337,0.0705,0.0247
frame_0108,0.2212,0.3473,0.0037,0.2051,0.1366,0.0759,0.0103
frame_0109,0.2355,0.3392,0.0029,0.2016,0.1388,0.0700,0.0120
frame_0110,0.2367,0.3554,0.0013,0.1913,0.1411,0.0694,0.0048
frame_0111,0.2391,0.3554,0.0019,0.1874,0.1442,0.0679,0.0040
frame_0112,0.2455,0.3562,0.0021,0.1770,0.1466,0.0682,0.0045
frame_0113,0.2525,0.3188,0.0008,0.1825,0.1502,0.0610,0.0343
frame_0114,0.2486,0.3281,0.0054,0.1820,0.1531,0.0792,0.0036
frame_0115,0.2484,0.3090,0.0071,0.1808,0.1555,0.0580,0.0413
frame_0116,0.2467,0.3069,0.0021,0.1855,0.1578,0.0871,0.0139
frame_0117,0.2473,0.3283,0.0022,0.1794,0.1542,0.0854,0.0032
frame_0118,0.2316,0.3305,0.0031,0.1821,0.1579,0.0900,0.0048
frame_0119,0.2396,0.3245,0.0029,0.1803,0.1592,0.0889,0.0046
frame_0120,0.2192,0.3304,0.0020,0.1804,0.1627,0.0865,0.0188
frame_0121,0.2447,0.3162,0.0033,0.1733,0.1621,0.0871,0.0133
frame_0122,0.2459,0.3109,0.0028,0.1758,0.1628,0.0883,0.0135
frame_0123,0.2372,0.3134,0.0038,0.1804,0.1626,0.0790,0.0237
frame_0124,0.2395,0.3034,0.0041,0.1843,0.1620,0.0792,0.0274
frame_0125,0.2400,0.3005,0.0044,0.1840,0.1618,0.0966,0.0127
frame_0126,0.2391,0.2993,0.0031,0.1841,0.1615,0.0982,0.0145
frame_0127,0.2329,0.2949,0.0029,0.1909,0.1635,0.0983,0.0167
frame_0128,0.2313,0.2956,0.0027,0.1932,0.1601,0.0995,0.0177
frame_0129,0.2358,0.2997,0.0035,0.1946,0.1597,0.0976,0.0090
frame_0130,0.2342,0.3014,0.0037,0.2023,0.1561,0.0870,0.0152
frame_0131,0.2314,0.2993,0.0030,0.2052,0.1530,0.0970,0.0110
frame_0132,0.2259,0.2955,0.0026,0.2110,0.1467,0.1092,0.0092
frame_0133,0.2170,0.2949,0.0009,0.2141,0.1423,0.1123,0.0185
frame_0134,0.2220,0.2867,0.0013,0.2251,0.1367,0.1051,0.0232
frame_0135,0.2159,0.2892,0.0026,0.2241,0.1299,0.1212,0.0172
frame_0136,0.2063,0.3007,0.0016,0.2297,0.1230,0.1168,0.0221
frame_0137,0.2180,0.2898,0.0013,0.2400,0.1157,0.1015,0.0337
frame_0138,0.2267,0.2785,0.0034,0.2456,0.1091,0.1065,0.0303
frame_0139,0.2355,0.2740,0.0024,0.2529,0.1039,0.1078,0.0235
frame_0140,0.2384,0.2756,0.0012,0.2590,0.0997,0.0943,0.0318
frame_0141,0.2289,0.2763,0.0018,0.2682,0.0934,0.1055,0.0258
frame_0142,0.2274,0.2894,0.0011,0.2682,0.0859,0.0999,0.0280
frame_0143,0.2182,0.2916,0.0018,0.2719,0.0816,0.1106,0.0243
frame_0144,0.2192,0.2929,0.0020,0.2752,0.0801,0.1057,0.0248
frame_0145,0.2221,0.2911,0.0015,0.2725,0.0765,0.1153,0.0210
frame_0146,0.2152,0.2936,0.0041,0.2746,0.0738,0.1160,0.0228
frame_0147,0.2214,0.2930,0.0053,0.2762,0.0708,0.1117,0.0216
frame_0148,0.2157,0.3029,0.0041,0.2772,0.0678,0.0990,0.0333
frame_0149,0.2259,0.3064,0.0035,0.2730,0.0651,0.1186,0.0074
frame_0150,0.2352,0.2777,0.0149,0.2707,0.0719,0.1203,0.0092
frame_0151,0.2393,0.2793,0.0066,0.2806,0.0728,0.1123,0.0091
frame_0152,0.2413,0.2798,0.0119,0.2706,0.0722,0.1135,0.0106
frame_0153,0.2273,0.2731,0.0128,0.2740,0.0762,0.1276,0.0090
frame_0154,0.2256,0.2829,0.0104,0.2735,0.0749,0.1276,0.0052
frame_0155,0.2228,0.2717,0.0113,0.2751,0.0779,0.1330,0.0083
frame_0156,0.1783,0.3093,0.0110,0.2722,0.0826,0.1390,0.0076
frame_0157,0.1954,0.2922,0.0091,0.2744,0.0792,0.1446,0.0052
frame_0158,0.1155,0.3874,0.0117,0.2759,0.0805,0.1177,0.0113
frame_0159,0.2196,0.2903,0.0059,0.2751,0.0787,0.1200,0.0104
frame_0160,0.2251,0.2893,0.0042,0.2778,0.0802,0.1134,0.0101
frame_0161,0.2352,0.2820,0.0081,0.2826,0.0768,0.0984,0.0168
frame_0162,0.2286,0.2869,0.0054,0.2791,0.0762,0.1092,0.0146
frame_0163,0.1402,0.3640,0.0068,0.2787,0.0801,0.1105,0.0198
frame_0164,0.2120,0.2909,0.0069,0.2760,0.0836,0.1114,0.0192
frame_0165,0.1929,0.3158,0.0058,0.2742,0.0848,0.0991,0.0274
frame_0166,0.2022,0.3013,0.0076,0.2758,0.0858,0.1050,0.0224
frame_0167,0.1938,0.3133,0.0056,0.2746,0.0791,0.1150,0.0185
frame_0168,0.2078,0.2910,0.0041,0.2784,0.0939,0.1116,0.0131
frame_0169,0.2140,0.2932,0.0062,0.2744,0.0935,0.1074,0.0114
frame_0170,0.2124,0.3012,0.0036,0.2735,0.0954,0.1011,0.0128
frame_0171,0.2157,0.2866,0.0048,0.2750,0.1033,0.1055,0.0091
frame_0172,0.2117,0.2844,0.0046,0.2748,0.1080,0.0994,0.0171
frame_0173,0.2075,0.2761,0.0042,0.2777,0.1105,0.0949,0.0291
frame_0174,0.2117,0.2805,0.0025,0.2765,0.1125,0.0992,0.0170
frame_0175,0.2063,0.2748,0.0037,0.2774,0.1180,0.1096,0.0102
frame_0176,0.1941,0.2744,0.0042,0.2737,0.1232,0.1108,0.0196
frame_0177,0.1936,0.2682,0.0025,0.2767,0.1279,0.1174,0.0138
frame_0178,0.1986,0.2615,0.0026,0.2738,0.1320,0.1229,0.0086
frame_0179,0.2012,0.2595,0.0028,0.2729,0.1358,0.1132,0.0146
frame_0180,0.2020,0.2517,0.0038,0.2750,0.1381,0.1157,0.0137
frame_0181,0.2058,0.2490,0.0035,0.2745,0.1404,0.1148,0.0119
frame_0182,0.2171,0.2373,0.0049,0.2776,0.1425,0.1007,0.0200
frame_0183,0.2166,0.2371,0.0030,0.2800,0.1419,0.1021,0.0193
frame_0184,0.2135,0.2330,0.0015,0.2846,0.1419,0.1146,0.0109
frame_0185,0.2167,0.2285,0.0024,0.2913,0.1399,0.1032,0.0179
frame_0186,0.2128,0.2386,0.0026,0.2881,0.1398,0.0994,0.0186
frame_0187,0.2273,0.2345,0.0024,0.2932,0.1396,0.0856,0.0174
frame_0188,0.2300,0.2342,0.0010,0.2944,0.1349,0.0911,0.0144
frame_0189,0.2427,0.2384,0.0023,0.2934,0.1330,0.0830,0.0072
frame_0190,0.2414,0.2413,0.0024,0.2960,0.1279,0.0657,0.0252
frame_0191,0.2426,0.2361,0.0042,0.2994,0.1227,0.0842,0.0108
frame_0192,0.2444,0.2408,0.0047,0.2996,0.1203,0.0822,0.0081
frame_0193,0.2403,0.2481,0.0060,0.2989,0.1172,0.0840,0.0056
frame_0194,0.2340,0.2564,0.0080,0.3011,0.1167,0.0727,0.0112
frame_0195,0.2391,0.2583,0.0091,0.2981,0.1145,0.0761,0.0048
frame_0196,0.2443,0.2526,0.0127,0.2989,0.1152,0.0707,0.0056
frame_0197,0.2409,0.2525,0.0151,0.2934,0.1144,0.0693,0.0145
frame_0198,0.2412,0.2535,0.0179,0.2925,0.1137,0.0772,0.0039
frame_0199,0.2384,0.2563,0.0142,0.2939,0.1147,0.0779,0.0047
frame_0200,0.2387,0.2600,0.0141,0.2921,0.1144,0.0763,0.0044
frame_0201,0.2317,0.2645,0.0122,0.2927,0.1105,0.0801,0.0084
frame_0202,0.2340,0.2655,0.0112,0.2890,0.1133,0.0846,0.0024
frame_0203,0.2228,0.2698,0.0149,0.2921,0.1155,0.0829,0.0021
frame_0204,0.2160,0.2678,0.0141,0.2977,0.1139,0.0853,0.0053
frame_0205,0.2157,0.2644,0.0148,0.2992,0.1118,0.0895,0.0046
frame_0206,0.2060,0.2636,0.0135,0.3033,0.1134,0.0899,0.0103
frame_0207,0.2134,0.2628,0.0111,0.3035,0.1069,0.0893,0.0130
frame_0208,0.2074,0.2679,0.0130,0.3039,0.1060,0.0963,0.0055
frame_0209,0.1972,0.2784,0.0091,0.3028,0.1039,0.1033,0.0053
frame_0210,0.1968,0.2859,0.0099,0.2994,0.1031,0.0996,0.0054
frame_0211,0.2081,0.2843,0.0054,0.2932,0.1032,0.0982,0.0076
frame_0212,0.1949,0.2987,0.0052,0.2868,0.1034,0.1019,0.0090
frame_0213,0.1963,0.3063,0.0040,0.2854,0.1059,0.0944,0.0077
frame_0214,0.1922,0.3031,0.0031,0.2786,0.1035,0.1004,0.0191
frame_0215,0.1880,0.3044,0.0037,0.2773,0.1069,0.1036,0.0161
frame_0216,0.2032,0.2954,0.0010,0.2781,0.1070,0.0926,0.0227
frame_0217,0.2035,0.2966,0.0013,0.2755,0.1128,0.0958,0.0143
frame_0218,0.2076,0.2863,0.0015,0.2781,0.1076,0.0984,0.0205
frame_0219,0.2142,0.2850,0.0019,0.2787,0.1054,0.0927,0.0222
frame_0220,0.2189,0.2830,0.0025,0.2773,0.1131,0.0943,0.0108
frame_0221,0.2135,0.2817,0.0017,0.2792,0.1116,0.0972,0.0150
frame_0222,0.2201,0.2603,0.0020,0.2768,0.1123,0.0963,0.0321
frame_0223,0.2224,0.2828,0.0016,0.2728,0.1132,0.0909,0.0163
frame_0224,0.2306,0.2839,0.0017,0.2717,0.1121,0.0854,0.0145
frame_0225,0.2299,0.2835,0.0019,0.2714,0.1143,0.0895,0.0094
frame_0226,0.2338,0.2849,0.0012,0.2662,0.1153,0.0827,0.0158
frame_0227,0.2318,0.2760,0.0030,0.2650,0.1172,0.0917,0.0152
frame_0228,0.2279,0.2741,0.0065,0.2592,0.1185,0.1057,0.0081
frame_0229,0.2377,0.2593,0.0069,0.2642,0.1185,0.1072,0.0063
frame_0230,0.2266,0.2824,0.0025,0.2635,0.1219,0.0983,0.0048
frame_0231,0.2284,0.2788,0.0035,0.2616,0.1236,0.0944,0.0096
frame_0232,0.2252,0.2568,0.0043,0.2662,0.1284,0.0894,0.0296
frame_0233,0.2298,0.2440,0.0044,0.2712,0.1338,0.0922,0.0246
frame_0234,0.2369,0.2380,0.0031,0.2749,0.1450,0.0874,0.0147
frame_0235,0.2315,0.2310,0.0052,0.2721,0.1551,0.0892,0.0159
frame_0236,0.2480,0.2187,0.0034,0.2697,0.1657,0.0866,0.0078
frame_0237,0.2484,0.2087,0.0033,0.2739,0.1741,0.0739,0.0176
frame_0238,0.2488,0.2033,0.0028,0.2549,0.1815,0.0882,0.0204
frame_0239,0.2506,0.1970,0.0057,0.2370,0.1880,0.1010,0.0207
frame_0240,0.2666,0.2045,0.0027,0.2263,0.1940,0.0850,0.0209
frame_0241,0.2754,0.2007,0.0036,0.2154,0.2012,0.0894,0.0143
frame_0242,0.2726,0.1879,0.0046,0.2170,0.2066,0.0932,0.0181
frame_0243,0.2788,0.1889,0.0072,0.2143,0.2092,0.0918,0.0097
frame_0244,0.2783,0.1896,0.0063,0.2124,0.2119,0.0832,0.0184
frame_0245,0.2690,0.1894,0.0068,0.2100,0.2147,0.0925,0.0174
frame_0246,0.2654,0.1850,0.0080,0.2105,0.2131,0.0852,0.0328
frame_0247,0.2620,0.1888,0.0056,0.2155,0.2130,0.0861,0.0290
frame_0248,0.2607,0.1883,0.0055,0.2200,0.2112,0.0849,0.0293
frame_0249,0.2537,0.1853,0.0097,0.2262,0.2115,0.0884,0.0251
frame_0250,0.2399,0.1805,0.0118,0.2368,0.2129,0.0826,0.0354
frame_0251,0.2436,0.1758,0.0060,0.2554,0.2108,0.0782,0.0301
frame_0252,0.2400,0.1836,0.0052,0.2498,0.2113,0.0824,0.0277
frame_0253,0.2359,0.1983,0.0066,0.2452,0.2090,0.0761,0.0290
frame_0254,0.2364,0.1975,0.0067,0.2491,0.2058,0.0800,0.0246
frame_0255,0.2407,0.1991,0.0056,0.2558,0.2015,0.0773,0.0199
frame_0256,0.2464,0.1968,0.0068,0.2548,0.1969,0.0831,0.0152
frame_0257,0.2597,0.1979,0.0071,0.2454,0.1906,0.0801,0.0192
frame_0258,0.2726,0.1995,0.0085,0.2457,0.1816,0.0812,0.0110
frame_0259,0.2707,0.2028,0.0042,0.2518,0.1749,0.0779,0.0177
frame_0260,0.2698,0.2039,0.0078,0.2551,0.1673,0.0850,0.0110
frame_0261,0.2195,0.2602,0.0089,0.2602,0.1589,0.0841,0.0081
frame_0262,0.2407,0.2373,0.0073,0.2741,0.1455,0.0823,0.0129
frame_0263,0.2105,0.2708,0.0057,0.2879,0.1312,0.0846,0.0093
frame_0264,0.2816,0.2074,0.0030,0.3038,0.1163,0.0817,0.0063
frame_0265,0.2770,0.2107,0.0050,0.3129,0.1104,0.0739,0.0101
frame_0266,0.2693,0.2154,0.0028,0.3202,0.1020,0.0864,0.0039
frame_0267,0.2718,0.2115,0.0033,0.3247,0.1032,0.0827,0.0028
frame_0268,0.2717,0.2205,0.0022,0.3270,0.0965,0.0768,0.0053
frame_0269,0.2625,0.2223,0.0019,0.3327,0.0920,0.0823,0.0062
frame_0270,0.2624,0.2242,0.0024,0.3351,0.0872,0.0837,0.0049
frame_0271,0.2600,0.2248,0.0023,0.3367,0.0870,0.0881,0.0011
frame_0272,0.2625,0.2263,0.0025,0.3388,0.0844,0.0821,0.0034
frame_0273,0.2403,0.2439,0.0028,0.3383,0.0825,0.0894,0.0029
frame_0274,0.2505,0.2256,0.0025,0.3453,0.0794,0.0932,0.0033
frame_0275,0.2211,0.2550,0.0036,0.3545,0.0743,0.0819,0.0096
frame_0276,0.2637,0.2055,0.0025,0.3626,0.0716,0.0838,0.0103
frame_0277,0.2387,0.2262,0.0041,0.3748,0.0650,0.0875,0.0036
frame_0278,0.2007,0.2661,0.0027,0.3712,0.0646,0.0906,0.0042
frame_0279,0.2425,0.2261,0.0019,0.3733,0.0582,0.0963,0.0017
frame_0280,0.2495,0.2260,0.0023,0.3700,0.0567,0.0926,0.0027
frame_0281,0.2323,0.2469,0.0043,0.3709,0.0539,0.0845,0.0073
frame_0282,0.2361,0.2409,0.0011,0.3728,0.0520,0.0899,0.0071
frame_0283,0.2374,0.2459,0.0017,0.3621,0.0507,0.0949,0.0073
frame_0284,0.2389,0.2402,0.0032,0.3584,0.0503,0.0866,0.0224
frame_0285,0.2435,0.2439,0.0022,0.3613,0.0491,0.0858,0.0142
frame_0286,0.2295,0.2419,0.0022,0.3649,0.0478,0.1006,0.0130
frame_0287,0.2329,0.2426,0.0015,0.3682,0.0482,0.0847,0.0218
frame_0288,0.2290,0.2486,0.0007,0.3645,0.0508,0.0829,0.0235
frame_0289,0.2230,0.2492,0.0060,0.3625,0.0529,0.0938,0.0126
frame_0290,0.2145,0.2558,0.0005,0.3534,0.0542,0.1086,0.0131
frame_0291,0.2287,0.2535,0.0011,0.3415,0.0572,0.0998,0.0181
frame_0292,0.2389,0.2509,0.0022,0.3363,0.0600,0.1032,0.0084
frame_0293,0.2385,0.2445,0.0028,0.3307,0.0648,0.1055,0.0131
frame_0294,0.2335,0.2521,0.0007,0.3256,0.0690,0.1059,0.0131
frame_0295,0.1542,0.3411,0.0013,0.3176,0.0720,0.1009,0.0128
frame_0296,0.2383,0.2540,0.0030,0.3086,0.0781,0.1056,0.0124
frame_0297,0.2491,0.2481,0.0027,0.3091,0.0831,0.0996,0.0084
frame_0298,0.2398,0.2536,0.0029,0.3006,0.0876,0.1043,0.0113
frame_0299,0.2368,0.2591,0.0053,0.2928,0.0938,0.1040,0.0083
frame_0300,0.2496,0.2405,0.0037,0.2931,0.1001,0.0940,0.0190
frame_0301,0.1261,0.3777,0.0032,0.2746,0.1057,0.0944,0.0184
frame_0302,0.2406,0.2626,0.0029,0.2718,0.1112,0.1026,0.0083
frame_0303,0.2561,0.2521,0.0031,0.2681,0.1153,0.0891,0.0163
frame_0304,0.2654,0.2558,0.0010,0.2641,0.1193,0.0814,0.0130
frame_0305,0.2563,0.2559,0.0005,0.2640,0.1215,0.0828,0.0191
frame_0306,0.2614,0.2514,0.0010,0.2682,0.1225,0.0808,0.0146
frame_0307,0.2554,0.2572,0.0012,0.2673,0.1250,0.0803,0.0138
frame_0308,0.2567,0.2677,0.0025,0.2574,0.1254,0.0821,0.0082
frame_0309,0.2674,0.2527,0.0078,0.2571,0.1255,0.0806,0.0089
frame_0310,0.2630,0.2639,0.0022,0.2532,0.1266,0.0810,0.0101
frame_0311,0.2852,0.2527,0.0016,0.2524,0.1266,0.0673,0.0141
frame_0312,0.2841,0.2516,0.0026,0.2477,0.1284,0.0674,0.0183
frame_0313,0.2841,0.2571,0.0017,0.2430,0.1294,0.0691,0.0157
frame_0314,0.2811,0.2640,0.0040,0.2385,0.1305,0.0674,0.0144
frame_0315,0.2808,0.2723,0.0028,0.2329,0.1319,0.0697,0.0096
frame_0316,0.2831,0.2726,0.0026,0.2284,0.1341,0.0660,0.0133
frame_0317,0.2807,0.2670,0.0023,0.2296,0.1381,0.0657,0.0166
frame_0318,0.2919,0.2671,0.0065,0.2215,0.1404,0.0570,0.0156
frame_0319,0.2811,0.2828,0.0016,0.2175,0.1431,0.0630,0.0110
frame_0320,0.2835,0.2811,0.0029,0.2133,0.1481,0.0610,0.0099
frame_0321,0.2853,0.2906,0.0016,0.1958,0.1547,0.0625,0.0094
frame_0322,0.2927,0.2795,0.0025,0.1953,0.1616,0.0643,0.0040
frame_0323,0.2937,0.2841,0.0026,0.1869,0.1674,0.0606,0.0047
frame_0324,0.2910,0.2886,0.0022,0.1787,0.1740,0.0632,0.0023
frame_0325,0.2819,0.3013,0.0029,0.1705,0.1788,0.0607,0.0039
frame_0326,0.2802,0.3026,0.0026,0.1662,0.1841,0.0610,0.0033
frame_0327,0.2870,0.2967,0.0016,0.1625,0.1899,0.0600,0.0022
frame_0328,0.2847,0.3029,0.0015,0.1528,0.1937,0.0620,0.0023
frame_0329,0.2710,0.3148,0.0020,0.1458,0.1979,0.0659,0.0026
frame_0330,0.2737,0.3180,0.0019,0.1392,0.2009,0.0647,0.0017
frame_0331,0.2713,0.3115,0.0049,0.1335,0.2038,0.0710,0.0039
frame_0332,0.2714,0.3070,0.0029,0.1273,0.2052,0.0575,0.0286
frame_0333,0.2667,0.3263,0.0018,0.1151,0.2133,0.0750,0.0017
frame_0334,0.2695,0.3195,0.0029,0.1135,0.2185,0.0723,0.0037
frame_0335,0.2727,0.3233,0.0028,0.1098,0.2200,0.0657,0.0057
frame_0336,0.2725,0.3272,0.0024,0.1056,0.2238,0.0673,0.0012
frame_0337,0.2783,0.3299,0.0026,0.1013,0.2270,0.0583,0.0027
frame_0338,0.2843,0.3255,0.0031,0.0971,0.2284,0.0593,0.0023
frame_0339,0.2789,0.3313,0.0030,0.0936,0.2338,0.0572,0.0023
frame_0340,0.2833,0.3264,0.0034,0.0906,0.2343,0.0600,0.0019
frame_0341,0.2826,0.3295,0.0035,0.0866,0.2370,0.0594,0.0013
frame_0342,0.2883,0.3250,0.0044,0.0802,0.2404,0.0592,0.0025
frame_0343,0.2822,0.3259,0.0060,0.0761,0.2444,0.0641,0.0013
frame_0344,0.2785,0.3256,0.0077,0.0704,0.2515,0.0561,0.0103
frame_0345,0.2803,0.3233,0.0074,0.0652,0.2544,0.0666,0.0026
frame_0346,0.2809,0.3297,0.0066,0.0610,0.2570,0.0638,0.0009
frame_0347,0.2797,0.3289,0.0057,0.0574,0.2584,0.0675,0.0024
frame_0348,0.2800,0.3283,0.0056,0.0549,0.2588,0.0714,0.0010
frame_0349,0.2783,0.3293,0.0074,0.0513,0.2614,0.0712,0.0010
frame_0350,0.2802,0.3282,0.0063,0.0510,0.2613,0.0717,0.0014
frame_0351,0.2757,0.3310,0.0056,0.0503,0.2634,0.0692,0.0048
frame_0352,0.2718,0.3349,0.0057,0.0483,0.2614,0.0738,0.0040
frame_0353,0.2668,0.3384,0.0062,0.0473,0.2598,0.0803,0.0011
frame_0354,0.2697,0.3451,0.0064,0.0453,0.2593,0.0678,0.0065
frame_0355,0.2588,0.3494,0.0065,0.0438,0.2564,0.0798,0.0053
frame_0356,0.2542,0.3525,0.0092,0.0423,0.2566,0.0801,0.0051
frame_0357,0.2611,0.3526,0.0075,0.0437,0.2545,0.0771,0.0035
frame_0358,0.2491,0.3656,0.0063,0.0442,0.2539,0.0621,0.0189
frame_0359,0.2505,0.3701,0.0055,0.0444,0.2511,0.0687,0.0098
frame_0360,0.2561,0.3597,0.0062,0.0444,0.2450,0.0842,0.0043
frame_0361,0.2506,0.3637,0.0055,0.0441,0.2461,0.0861,0.0039
frame_0362,0.2487,0.3637,0.0046,0.0452,0.2416,0.0899,0.0064
frame_0363,0.2485,0.3597,0.0080,0.0468,0.2413,0.0940,0.0016
frame_0364,0.2491,0.3623,0.0076,0.0472,0.2421,0.0849,0.0069
frame_0365,0.2466,0.3690,0.0057,0.0486,0.2410,0.0819,0.0073
frame_0366,0.2439,0.3660,0.0061,0.0512,0.2414,0.0882,0.0032
frame_0367,0.2498,0.3586,0.0065,0.0539,0.2396,0.0853,0.0063
frame_0368,0.2526,0.3558,0.0065,0.0558,0.2410,0.0811,0.0073
frame_0369,0.2541,0.3598,0.0067,0.0569,0.2385,0.0687,0.0153
frame_0370,0.2488,0.3616,0.0038,0.0592,0.2369,0.0853,0.0045
frame_0371,0.2457,0.3678,0.0041,0.0618,0.2355,0.0777,0.0074
frame_0372,0.2458,0.3674,0.0044,0.0644,0.2309,0.0812,0.0059
frame_0373,0.2459,0.3647,0.0045,0.0694,0.2310,0.0779,0.0066
frame_0374,0.2416,0.3443,0.0057,0.0725,0.2291,0.0800,0.0268
frame_0375,0.2506,0.3549,0.0077,0.0769,0.2240,0.0783,0.0076
frame_0376,0.2491,0.3542,0.0072,0.0828,0.2199,0.0753,0.0115
frame_0377,0.2572,0.3467,0.0058,0.0866,0.2181,0.0837,0.0021
frame_0378,0.2537,0.3496,0.0048,0.0934,0.2173,0.0773,0.0039
frame_0379,0.2614,0.3359,0.0049,0.0986,0.2126,0.0804,0.0063
frame_0380,0.2580,0.3276,0.0074,0.1076,0.2110,0.0800,0.0083
frame_0381,0.2636,0.3137,0.0041,0.1164,0.2123,0.0857,0.0042
frame_0382,0.2587,0.3054,0.0035,0.1225,0.2108,0.0947,0.0045
frame_0383,0.2685,0.2841,0.0048,0.1317,0.2126,0.0779,0.0204
frame_0384,0.2734,0.2779,0.0062,0.1381,0.2111,0.0779,0.0154
frame_0385,0.2786,0.2671,0.0047,0.1492,0.2079,0.0830,0.0095
frame_0386,0.2776,0.2649,0.0056,0.1592,0.2029,0.0835,0.0064
frame_0387,0.2778,0.2625,0.0043,0.1670,0.1982,0.0860,0.0042
frame_0388,0.2831,0.2560,0.0041,0.1777,0.1918,0.0835,0.0036
frame_0389,0.2803,0.2481,0.0067,0.1881,0.1851,0.0898,0.0020
frame_0390,0.2817,0.2418,0.0100,0.1972,0.1778,0.0850,0.0065
frame_0391,0.2891,0.2343,0.0107,0.2081,0.1699,0.0798,0.0081
frame_0392,0.2948,0.2285,0.0121,0.2150,0.1611,0.0726,0.0160
frame_0393,0.2946,0.2265,0.0134,0.2319,0.1476,0.0779,0.0082
frame_0394,0.2939,0.2203,0.0179,0.2469,0.1338,0.0814,0.0058
frame_0395,0.2995,0.2166,0.0163,0.2624,0.1186,0.0788,0.0079
frame_0396,0.2892,0.1961,0.0147,0.2770,0.1048,0.0798,0.0384
frame_0397,0.2884,0.1806,0.0161,0.2876,0.0941,0.0889,0.0443
frame_0398,0.2936,0.1928,0.0116,0.2981,0.0883,0.0823,0.0333
frame_0399,0.2851,0.1986,0.0166,0.3066,0.0845,0.0882,0.0204
frame_0400,0.2880,0.1994,0.0085,0.3122,0.0798,0.0856,0.0266
frame_0401,0.2902,0.2103,0.0071,0.3195,0.0757,0.0824,0.0149
frame_0402,0.2906,0.1915,0.0050,0.3195,0.0759,0.0826,0.0348
frame_0403,0.2938,0.1970,0.0055,0.3253,0.0747,0.0814,0.0222
frame_0404,0.2897,0.1954,0.0055,0.3258,0.0765,0.0985,0.0086
frame_0405,0.2868,0.1961,0.0053,0.3235,0.0773,0.0917,0.0193
frame_0406,0.2850,0.2012,0.0067,0.3239,0.0785,0.1011,0.0036
frame_0407,0.2864,0.1946,0.0056,0.3216,0.0787,0.0988,0.0143
frame_0408,0.2812,0.1964,0.0058,0.3286,0.0779,0.1001,0.0100
frame_0409,0.2804,0.2040,0.0047,0.3244,0.0792,0.1007,0.0066
frame_0410,0.2913,0.2013,0.0040,0.3255,0.0778,0.0915,0.0085
frame_0411,0.2768,0.2007,0.0038,0.3307,0.0765,0.1104,0.0010
frame_0412,0.2842,0.1987,0.0032,0.3296,0.0773,0.1061,0.0010
frame_0413,0.2900,0.1929,0.0030,0.3317,0.0783,0.0965,0.0075
frame_0414,0.2964,0.1942,0.0029,0.3317,0.0768,0.0874,0.0107
frame_0415,0.2946,0.1895,0.0025,0.3364,0.0774,0.0897,0.0099
frame_0416,0.2949,0.1764,0.0028,0.3406,0.0774,0.0768,0.0309
frame_0417,0.3013,0.1864,0.0029,0.3420,0.0780,0.0863,0.0030
frame_0418,0.2974,0.1871,0.0027,0.3406,0.0773,0.0903,0.0045
frame_0419,0.2962,0.1849,0.0027,0.3424,0.0771,0.0921,0.0046
frame_0420,0.2944,0.1802,0.0035,0.3439,0.0768,0.0927,0.0084
frame_0421,0.2850,0.1880,0.0024,0.3419,0.0762,0.1026,0.0039
frame_0422,0.2883,0.1889,0.0028,0.3370,0.0783,0.0989,0.0056
frame_0423,0.2804,0.1900,0.0022,0.3381,0.0780,0.0945,0.0168
frame_0424,0.2744,0.1820,0.0025,0.3382,0.0791,0.1127,0.0110
frame_0425,0.1671,0.2852,0.0027,0.3347,0.0815,0.1157,0.0131
frame_0426,0.2634,0.1871,0.0023,0.3367,0.0824,0.1236,0.0046
frame_0427,0.2601,0.1830,0.0016,0.3320,0.0850,0.1300,0.0083
frame_0428,0.2547,0.1905,0.0021,0.3345,0.0859,0.1232,0.0091
frame_0429,0.2492,0.1974,0.0025,0.3304,0.0878,0.1309,0.0018
frame_0430,0.2578,0.1861,0.0028,0.3290,0.0913,0.1210,0.0120
frame_0431,0.2293,0.1824,0.0034,0.3346,0.0936,0.1398,0.0169
frame_0432,0.2296,0.1675,0.0057,0.3290,0.0981,0.1461,0.0240
frame_0433,0.2241,0.1614,0.0041,0.3345,0.1010,0.1511,0.0237
frame_0434,0.2051,0.1706,0.0038,0.3401,0.1038,0.1491,0.0273
frame_0435,0.1705,0.1680,0.0047,0.3477,0.1073,0.1695,0.0324
frame_0436,0.1869,0.1622,0.0046,0.3608,0.1132,0.1555,0.0168
frame_0437,0.2052,0.1519,0.0050,0.3446,0.1220,0.1349,0.0364
frame_0438,0.2206,0.1518,0.0040,0.3385,0.1268,0.1309,0.0274
frame_0439,0.2211,0.1532,0.0069,0.3246,0.1369,0.1352,0.0220
frame_0440,0.2150,0.1443,0.0051,0.3207,0.1480,0.1355,0.0314
frame_0441,0.2232,0.1478,0.0062,0.3030,0.1596,0.1346,0.0257
frame_0442,0.2338,0.1464,0.0066,0.2810,0.1724,0.1332,0.0265
frame_0443,0.2462,0.1484,0.0057,0.2611,0.1816,0.1397,0.0173
frame_0444,0.2452,0.1519,0.0065,0.2462,0.1890,0.1437,0.0174
frame_0445,0.2488,0.1444,0.0058,0.2357,0.1971,0.1416,0.0266
frame_0446,0.2581,0.1437,0.0062,0.2314,0.2029,0.1330,0.0247
frame_0447,0.2625,0.1506,0.0057,0.2251,0.2092,0.1369,0.0101
frame_0448,0.2728,0.1548,0.0082,0.2124,0.2148,0.1235,0.0136
frame_0449,0.2746,0.1589,0.0094,0.2041,0.2221,0.1191,0.0119
frame_0450,0.2761,0.1666,0.0091,0.2011,0.2277,0.1150,0.0044
frame_0451,0.2801,0.1642,0.0090,0.1938,0.2331,0.1108,0.0090
frame_0452,0.2814,0.1679,0.0116,0.1893,0.2372,0.1044,0.0082
frame_0453,0.2683,0.1651,0.0142,0.1853,0.2411,0.1058,0.0201
frame_0454,0.2569,0.1774,0.0123,0.1852,0.2440,0.1092,0.0151
frame_0455,0.2505,0.1737,0.0149,0.1829,0.2463,0.1073,0.0244
frame_0456,0.2600,0.1688,0.0198,0.1799,0.2511,0.1008,0.0195
frame_0457,0.2457,0.1650,0.0151,0.1846,0.2520,0.1023,0.0354
frame_0458,0.2441,0.1746,0.0127,0.1825,0.2538,0.0964,0.0360
frame_0459,0.2370,0.1838,0.0163,0.1785,0.2550,0.0948,0.0347
frame_0460,0.2396,0.2007,0.0180,0.1623,0.2567,0.1009,0.0218
frame_0461,0.2264,0.1954,0.0166,0.1588,0.2583,0.1055,0.0389
frame_0462,0.2208,0.2027,0.0152,0.1528,0.2692,0.1161,0.0232
frame_0463,0.2340,0.2027,0.0193,0.1484,0.2691,0.1009,0.0256
frame_0464,0.2170,0.1984,0.0198,0.1407,0.2763,0.1145,0.0333
frame_0465,0.2079,0.2256,0.0217,0.1269,0.2754,0.1258,0.0167
frame_0466,0.2255,0.2225,0.0232,0.1156,0.2791,0.1161,0.0180
frame_0467,0.2310,0.2203,0.0212,0.1100,0.2792,0.1149,0.0235
frame_0468,0.2416,0.2237,0.0201,0.1026,0.2825,0.1222,0.0073
frame_0469,0.2528,0.2215,0.0176,0.1044,0.2810,0.1183,0.0044
frame_0470,0.2509,0.2287,0.0159,0.1021,0.2817,0.1129,0.0078
frame_0471,0.2595,0.2210,0.0136,0.1029,0.2778,0.1200,0.0052
frame_0472,0.2506,0.2179,0.0144,0.1025,0.2814,0.1262,0.0069
frame_0473,0.2479,0.2256,0.0122,0.1071,0.2782,0.1037,0.0253
frame_0474,0.2464,0.2380,0.0131,0.1060,0.2730,0.1090,0.0145
frame_0475,0.2389,0.2377,0.0118,0.1079,0.2721,0.1164,0.0153
frame_0476,0.2037,0.2462,0.0157,0.1113,0.2690,0.1422,0.0118
frame_0477,0.2152,0.2219,0.0122,0.1176,0.2653,0.1347,0.0331
frame_0478,0.1959,0.2360,0.0095,0.1224,0.2608,0.1390,0.0363
frame_0479,0.2264,0.2235,0.0081,0.1278,0.2557,0.1226,0.0359
frame_0480,0.1123,0.3057,0.0082,0.1315,0.2514,0.1348,0.0560
frame_0481,0.2154,0.1830,0.0073,0.1381,0.2449,0.1340,0.0772
frame_0482,0.2074,0.2281,0.0066,0.1451,0.2393,0.1322,0.0414
frame_0483,0.1860,0.2553,0.0057,0.1512,0.2328,0.1502,0.0188
frame_0484,0.1784,0.2697,0.0051,0.1560,0.2255,0.1403,0.0250
frame_0485,0.0992,0.3320,0.0032,0.1652,0.2186,0.1435,0.0383
frame_0486,0.1987,0.2622,0.0043,0.1687,0.2132,0.1500,0.0029
frame_0487,0.1819,0.2760,0.0038,0.1777,0.2065,0.1348,0.0193
frame_0488,0.1258,0.3291,0.0046,0.1845,0.1988,0.1438,0.0134
frame_0489,0.1464,0.2835,0.0078,0.1958,0.1903,0.1504,0.0259
frame_0490,0.0987,0.3299,0.0053,0.2071,0.1815,0.1506,0.0268
frame_0491,0.1336,0.3123,0.0068,0.2190,0.1715,0.1369,0.0201
frame_0492,0.1995,0.2263,0.0113,0.2344,0.1598,0.1414,0.0272
frame_0493,0.1018,0.3443,0.0032,0.2468,0.1501,0.1328,0.0210
frame_0494,0.1184,0.3299,0.0060,0.2641,0.1362,0.1203,0.0250
frame_0495,0.1106,0.3253,0.0094,0.2887,0.1206,0.1199,0.0254
frame_0496,0.1182,0.3160,0.0095,0.2929,0.1114,0.1183,0.0337
frame_0497,0.1301,0.2919,0.0036,0.3031,0.1027,0.1348,0.0337
frame_0498,0.1371,0.3260,0.0069,0.3089,0.0956,0.1162,0.0093
frame_0499,0.2252,0.2230,0.0035,0.3120,0.0912,0.1147,0.0302
frame_0500,0.2301,0.2340,0.0082,0.3168,0.0867,0.1057,0.0185
frame_0501,0.2389,0.2415,0.0024,0.3178,0.0816,0.0930,0.0248
frame_0502,0.2315,0.2496,0.0115,0.3210,0.0798,0.0967,0.0097
frame_0503,0.2363,0.2610,0.0037,0.3249,0.0765,0.0854,0.0122
frame_0504,0.2420,0.2566,0.0023,0.3342,0.0737,0.0836,0.0074
frame_0505,0.2399,0.2443,0.0022,0.3383,0.0763,0.0886,0.0104
frame_0506,0.2446,0.2345,0.0025,0.3387,0.0737,0.0900,0.0160
frame_0507,0.2510,0.2360,0.0017,0.3445,0.0710,0.0884,0.0074
frame_0508,0.2491,0.2339,0.0018,0.3462,0.0700,0.0886,0.0103
frame_0509,0.2546,0.2271,0.0019,0.3487,0.0700,0.0915,0.0062
frame_0510,0.2522,0.2320,0.0019,0.3521,0.0671,0.0828,0.0120
frame_0511,0.1714,0.3022,0.0022,0.3535,0.0652,0.0895,0.0161
frame_0512,0.1691,0.2960,0.0014,0.3594,0.0622,0.0933,0.0186
frame_0513,0.1636,0.3089,0.0019,0.3609,0.0604,0.0922,0.0121
frame_0514,0.1617,0.3121,0.0024,0.3649,0.0572,0.0912,0.0105
frame_0515,0.1610,0.3124,0.0018,0.3637,0.0551,0.0920,0.0141
frame_0516,0.1750,0.3027,0.0011,0.3697,0.0509,0.0883,0.0124
frame_0517,0.1475,0.3308,0.0019,0.3725,0.0497,0.0862,0.0115
frame_0518,0.2414,0.2240,0.0055,0.3660,0.0465,0.1055,0.0110
frame_0519,0.2386,0.2207,0.0035,0.3646,0.0450,0.1084,0.0192
frame_0520,0.2405,0.2101,0.0032,0.3722,0.0405,0.1111,0.0226
frame_0521,0.2271,0.2253,0.0012,0.3737,0.0381,0.1142,0.0204
frame_0522,0.2213,0.2335,0.0043,0.3673,0.0414,0.1168,0.0155
frame_0523,0.2032,0.2390,0.0044,0.3706,0.0407,0.1179,0.0243
frame_0524,0.1854,0.2625,0.0014,0.3745,0.0398,0.1088,0.0276
frame_0525,0.2074,0.2336,0.0042,0.3735,0.0383,0.1327,0.0102
frame_0526,0.2077,0.2321,0.0016,0.3801,0.0361,0.1220,0.0203
frame_0527,0.2042,0.2274,0.0009,0.3837,0.0330,0.1248,0.0260
frame_0528,0.1987,0.2247,0.0027,0.3905,0.0313,0.1239,0.0281
frame_0529,0.1170,0.2911,0.0016,0.3944,0.0296,0.1460,0.0202
frame_0530,0.1316,0.2896,0.0019,0.4011,0.0256,0.1239,0.0262
frame_0531,0.2052,0.2160,0.0029,0.4046,0.0208,0.1374,0.0132
frame_0532,0.1244,0.3023,0.0030,0.4124,0.0177,0.1247,0.0155
frame_0533,0.1458,0.2834,0.0013,0.4150,0.0147,0.1294,0.0105
frame_0534,0.1984,0.2040,0.0014,0.4208,0.0134,0.1305,0.0315
frame_0535,0.1564,0.2728,0.0020,0.4177,0.0125,0.1158,0.0229
frame_0536,0.2100,0.2092,0.0020,0.4209,0.0110,0.1331,0.0139
frame_0537,0.2061,0.1899,0.0012,0.4257,0.0105,0.1288,0.0379
frame_0538,0.1638,0.2759,0.0018,0.4283,0.0098,0.1119,0.0086
frame_0539,0.1858,0.2311,0.0021,0.4264,0.0110,0.1129,0.0307
frame_0540,0.1964,0.2098,0.0018,0.4270,0.0102,0.1251,0.0297
frame_0541,0.2008,0.2017,0.0072,0.4261,0.0101,0.1219,0.0322
frame_0542,0.1549,0.2575,0.0023,0.4288,0.0092,0.0888,0.0585
frame_0543,0.1445,0.2803,0.0082,0.4281,0.0089,0.1011,0.0289
frame_0544,0.1468,0.2714,0.0079,0.4278,0.0066,0.1149,0.0246
frame_0545,0.1419,0.2576,0.0040,0.4426,0.0061,0.1173,0.0305
frame_0546,0.2394,0.1696,0.0087,0.4468,0.0061,0.1171,0.0122
frame_0547,0.1690,0.2340,0.0083,0.4484,0.0099,0.1085,0.0218
frame_0548,0.1472,0.2456,0.0107,0.4487,0.0093,0.1108,0.0278
frame_0549,0.2216,0.1651,0.0086,0.4483,0.0145,0.1274,0.0146
frame_0550,0.1761,0.2324,0.0038,0.4470,0.0146,0.1031,0.0231
frame_0551,0.1809,0.2289,0.0052,0.4413,0.0117,0.0947,0.0373
frame_0552,0.1869,0.2328,0.0069,0.4428,0.0121,0.0863,0.0322
frame_0553,0.1764,0.2669,0.0066,0.4368,0.0113,0.0809,0.0211
frame_0554,0.1977,0.2525,0.0069,0.4341,0.0114,0.0790,0.0184
frame_0555,0.2837,0.1605,0.0092,0.4340,0.0130,0.0779,0.0217
frame_0556,0.2054,0.2349,0.0056,0.4327,0.0130,0.0758,0.0326
frame_0557,0.2008,0.2446,0.0048,0.4325,0.0132,0.0833,0.0208
frame_0558,0.2871,0.1639,0.0036,0.4402,0.0131,0.0789,0.0132
frame_0559,0.2872,0.1513,0.0098,0.4444,0.0124,0.0767,0.0183
frame_0560,0.2894,0.1678,0.0054,0.4425,0.0116,0.0761,0.0072
frame_0561,0.2907,0.1673,0.0058,0.4470,0.0113,0.0728,0.0051
frame_0562,0.2868,0.1740,0.0035,0.4443,0.0115,0.0748,0.0051
frame_0563,0.2896,0.1437,0.0071,0.4444,0.0105,0.0671,0.0377
frame_0564,0.2692,0.1899,0.0065,0.4435,0.0111,0.0752,0.0047
frame_0565,0.2731,0.1837,0.0042,0.4379,0.0099,0.0727,0.0185
frame_0566,0.2682,0.1990,0.0097,0.4330,0.0097,0.0726,0.0078
frame_0567,0.2585,0.1938,0.0060,0.4221,0.0086,0.0795,0.0316
frame_0568,0.2530,0.2215,0.0055,0.4127,0.0065,0.0809,0.0200
frame_0569,0.2535,0.2295,0.0082,0.4059,0.0062,0.0841,0.0126
frame_0570,0.1948,0.2907,0.0094,0.4104,0.0062,0.0813,0.0072
frame_0571,0.1605,0.3175,0.0084,0.4229,0.0061,0.0814,0.0031
frame_0572,0.2607,0.2159,0.0128,0.4218,0.0065,0.0788,0.0034
frame_0573,0.2448,0.2242,0.0058,0.4357,0.0061,0.0826,0.0009
frame_0574,0.1330,0.3428,0.0083,0.4278,0.0055,0.0713,0.0114
frame_0575,0.1435,0.2638,0.0015,0.4368,0.0060,0.0673,0.0811
frame_0576,0.2671,0.2140,0.0027,0.4412,0.0065,0.0638,0.0047
frame_0577,0.2658,0.1332,0.0034,0.4441,0.0049,0.0601,0.0885
frame_0578,0.2692,0.1524,0.0020,0.4447,0.0031,0.0570,0.0717
frame_0579,0.2600,0.1412,0.0008,0.4268,0.0021,0.0647,0.1044
frame_0580,0.1209,0.2635,0.0052,0.4209,0.0014,0.0628,0.1253
frame_0581,0.2480,0.2171,0.0054,0.4193,0.0019,0.0886,0.0197
frame_0582,0.2524,0.2362,0.0069,0.4177,0.0038,0.0585,0.0244
frame_0583,0.2589,0.1587,0.0057,0.4193,0.0051,0.0575,0.0949
frame_0584,0.2625,0.2071,0.0038,0.4154,0.0072,0.0642,0.0398
frame_0585,0.2632,0.1603,0.0053,0.4164,0.0078,0.0629,0.0841
frame_0586,0.1748,0.3103,0.0015,0.4131,0.0091,0.0652,0.0261
frame_0587,0.1508,0.3321,0.0033,0.4056,0.0140,0.0601,0.0340
frame_0588,0.1822,0.3034,0.0022,0.3985,0.0128,0.0689,0.0321
frame_0589,0.2653,0.2420,0.0039,0.3951,0.0119,0.0707,0.0112
frame_0590,0.1336,0.3990,0.0011,0.3898,0.0057,0.0633,0.0075
frame_0591,0.1953,0.2878,0.0009,0.3927,0.0100,0.0755,0.0379
frame_0592,0.2480,0.2613,0.0015,0.3874,0.0097,0.0714,0.0208
frame_0593,0.2516,0.2652,0.0038,0.3805,0.0120,0.0663,0.0205
frame_0594,0.2465,0.2674,0.0052,0.3760,0.0104,0.0654,0.0291
frame_0595,0.2427,0.2996,0.0014,0.3733,0.0096,0.0662,0.0072
frame_0596,0.2460,0.2815,0.0002,0.3819,0.0093,0.0666,0.0146
frame_0597,0.2453,0.2753,0.0004,0.3807,0.0110,0.0629,0.0244
frame_0598,0.1820,0.3258,0.0005,0.3856,0.0109,0.0656,0.0296
frame_0599,0.2172,0.2472,0.0022,0.3884,0.0105,0.0730,0.0615
frame_0600,0.2338,0.2856,0.0007,0.3882,0.0102,0.0661,0.0154
frame_0601,0.1916,0.3053,0.0003,0.3959,0.0118,0.0601,0.0350
frame_0602,0.2447,0.2550,0.0009,0.3950,0.0129,0.0700,0.0216
frame_0603,0.2261,0.2613,0.0007,0.3964,0.0135,0.0700,0.0321
frame_0604,0.1252,0.3758,0.0056,0.3919,0.0144,0.0667,0.0204
frame_0605,0.2403,0.2590,0.0066,0.3918,0.0162,0.0820,0.0042
frame_0606,0.2323,0.2447,0.0068,0.3974,0.0178,0.1003,0.0008
frame_0607,0.2457,0.2339,0.0045,0.4037,0.0191,0.0922,0.0009
frame_0608,0.2613,0.2239,0.0036,0.4005,0.0211,0.0849,0.0048
frame_0609,0.2585,0.2258,0.0038,0.4036,0.0214,0.0853,0.0016
frame_0610,0.2482,0.2244,0.0024,0.4006,0.0215,0.0956,0.0073
frame_0611,0.2489,0.2094,0.0014,0.4018,0.0228,0.0991,0.0167
frame_0612,0.2628,0.2129,0.0032,0.3995,0.0225,0.0773,0.0217
frame_0613,0.2627,0.2162,0.0017,0.4021,0.0252,0.0885,0.0037
frame_0614,0.2653,0.2105,0.0018,0.4035,0.0259,0.0810,0.0120
frame_0615,0.2574,0.2182,0.0016,0.4061,0.0259,0.0871,0.0037
frame_0616,0.2596,0.2096,0.0029,0.4001,0.0301,0.0891,0.0086
frame_0617,0.2452,0.2172,0.0029,0.3962,0.0291,0.0822,0.0272
frame_0618,0.2349,0.2082,0.0032,0.3963,0.0301,0.1057,0.0215
frame_0619,0.1549,0.2848,0.0030,0.3960,0.0319,0.0965,0.0330
frame_0620,0.2411,0.1847,0.0028,0.3897,0.0337,0.1151,0.0329
frame_0621,0.2369,0.1868,0.0023,0.3890,0.0364,0.1223,0.0263
frame_0622,0.2326,0.1866,0.0023,0.3841,0.0387,0.1187,0.0370
frame_0623,0.2250,0.1866,0.0024,0.3819,0.0403,0.1158,0.0480
frame_0624,0.1847,0.2314,0.0020,0.3756,0.0426,0.1298,0.0340
frame_0625,0.1706,0.2367,0.0022,0.3709,0.0440,0.1402,0.0354
frame_0626,0.1281,0.2758,0.0023,0.3678,0.0455,0.1523,0.0281
frame_0627,0.1724,0.2240,0.0027,0.3687,0.0471,0.1535,0.0315
frame_0628,0.1299,0.2649,0.0023,0.3632,0.0485,0.1445,0.0467
frame_0629,0.2041,0.1905,0.0022,0.3655,0.0498,0.1457,0.0421
frame_0630,0.1175,0.3158,0.0019,0.3576,0.0496,0.1512,0.0065
frame_0631,0.1920,0.2326,0.0021,0.3620,0.0494,0.1538,0.0081
frame_0632,0.2187,0.1906,0.0028,0.3571,0.0500,0.1484,0.0324
frame_0633,0.1178,0.2849,0.0030,0.3559,0.0514,0.1508,0.0362
frame_0634,0.2296,0.1967,0.0030,0.3583,0.0517,0.1427,0.0179
frame_0635,0.2379,0.1999,0.0034,0.3532,0.0530,0.1334,0.0192
frame_0636,0.2346,0.1748,0.0047,0.3578,0.0538,0.1204,0.0538
frame_0637,0.2329,0.1846,0.0033,0.3568,0.0574,0.1268,0.0381
frame_0638,0.2502,0.1832,0.0080,0.3554,0.0626,0.1090,0.0316
frame_0639,0.2584,0.1882,0.0081,0.3534,0.0672,0.1067,0.0180
frame_0640,0.2530,0.1759,0.0095,0.3454,0.0716,0.1090,0.0356
frame_0641,0.2655,0.1627,0.0088,0.3497,0.0750,0.0951,0.0433
frame_0642,0.2581,0.1919,0.0114,0.3443,0.0808,0.0933,0.0202
frame_0643,0.2501,0.1850,0.0172,0.3528,0.0855,0.0931,0.0162
frame_0644,0.2480,0.1556,0.0098,0.3633,0.0913,0.0989,0.0332
frame_0645,0.2420,0.1695,0.0070,0.3687,0.0958,0.0919,0.0251
frame_0646,0.2487,0.1490,0.0052,0.3597,0.1009,0.0874,0.0491
frame_0647,0.2470,0.1353,0.0084,0.3495,0.1060,0.1048,0.0488
frame_0648,0.2647,0.1374,0.0094,0.3463,0.1110,0.0830,0.0483
frame_0649,0.2732,0.1540,0.0087,0.3312,0.1170,0.0892,0.0268
frame_0650,0.2735,0.1645,0.0084,0.3222,0.1223,0.0886,0.0206
frame_0651,0.2758,0.1681,0.0090,0.3085,0.1280,0.0827,0.0278
frame_0652,0.2845,0.1729,0.0109,0.2976,0.1341,0.0870,0.0129
frame_0653,0.2838,0.1803,0.0104,0.2865,0.1399,0.0743,0.0248
frame_0654,0.2933,0.1734,0.0119,0.2780,0.1464,0.0729,0.0241
frame_0655,0.3050,0.1767,0.0148,0.2670,0.1542,0.0741,0.0083
frame_0656,0.2980,0.1816,0.0142,0.2600,0.1622,0.0728,0.0112
frame_0657,0.2915,0.1837,0.0142,0.2497,0.1690,0.0791,0.0127
frame_0658,0.2856,0.1932,0.0171,0.2404,0.1768,0.0701,0.0168
frame_0659,0.2042,0.2802,0.0158,0.2306,0.1840,0.0718,0.0134
frame_0660,0.1916,0.2995,0.0106,0.2215,0.1890,0.0696,0.0181
frame_0661,0.1610,0.3318,0.0092,0.2164,0.1946,0.0693,0.0178
frame_0662,0.1874,0.3205,0.0097,0.2047,0.1987,0.0666,0.0123
frame_0663,0.1889,0.3136,0.0068,0.1944,0.2039,0.0721,0.0204
frame_0664,0.1621,0.3597,0.0045,0.1879,0.2070,0.0675,0.0113
frame_0665,0.1860,0.3393,0.0043,0.1776,0.2086,0.0717,0.0125
frame_0666,0.2182,0.3083,0.0029,0.1821,0.2114,0.0592,0.0179
frame_0667,0.2105,0.3235,0.0026,0.1742,0.2136,0.0500,0.0256
frame_0668,0.2125,0.3262,0.0023,0.1747,0.2164,0.0654,0.0026
frame_0669,0.1970,0.3457,0.0025,0.1705,0.2207,0.0614,0.0022
frame_0670,0.1676,0.3794,0.0067,0.1571,0.2223,0.0604,0.0064
frame_0671,0.2052,0.3400,0.0090,0.1500,0.2245,0.0668,0.0046
frame_0672,0.1800,0.3710,0.0039,0.1442,0.2294,0.0671,0.0044
frame_0673,0.2138,0.3483,0.0024,0.1355,0.2293,0.0658,0.0048
frame_0674,0.2189,0.3400,0.0014,0.1335,0.2320,0.0710,0.0031
frame_0675,0.2243,0.3355,0.0034,0.1259,0.2359,0.0706,0.0043
frame_0676,0.1631,0.3996,0.0013,0.1277,0.2392,0.0612,0.0079
frame_0677,0.1966,0.3626,0.0012,0.1294,0.2421,0.0661,0.0020
frame_0678,0.2239,0.3403,0.0015,0.1279,0.2418,0.0626,0.0020
frame_0679,0.1688,0.3917,0.0031,0.1280,0.2425,0.0634,0.0025
frame_0680,0.1325,0.4350,0.0009,0.1275,0.2417,0.0579,0.0045
frame_0681,0.2276,0.3361,0.0019,0.1276,0.2386,0.0642,0.0040
frame_0682,0.2146,0.3538,0.0017,0.1300,0.2388,0.0537,0.0074
frame_0683,0.2181,0.3568,0.0021,0.1278,0.2356,0.0517,0.0080
frame_0684,0.2100,0.3629,0.0032,0.1276,0.2322,0.0538,0.0103
frame_0685,0.2272,0.3514,0.0028,0.1302,0.2271,0.0520,0.0093
frame_0686,0.1760,0.4010,0.0015,0.1291,0.2176,0.0632,0.0116
frame_0687,0.2034,0.3722,0.0019,0.1311,0.2119,0.0713,0.0082
frame_0688,0.2237,0.3671,0.0011,0.1317,0.2036,0.0720,0.0008
frame_0689,0.2346,0.3570,0.0031,0.1329,0.1945,0.0761,0.0018
frame_0690,0.2351,0.3661,0.0045,0.1347,0.1866,0.0704,0.0025
frame_0691,0.2114,0.3971,0.0011,0.1353,0.1827,0.0601,0.0124
frame_0692,0.2227,0.3872,0.0011,0.1352,0.1832,0.0635,0.0070
frame_0693,0.1473,0.4623,0.0019,0.1364,0.1822,0.0626,0.0073
frame_0694,0.1825,0.4255,0.0006,0.1393,0.1820,0.0637,0.0063
frame_0695,0.2022,0.4051,0.0003,0.1423,0.1839,0.0593,0.0070
frame_0696,0.2023,0.4043,0.0008,0.1432,0.1789,0.0690,0.0016
frame_0697,0.2052,0.4010,0.0003,0.1481,0.1785,0.0598,0.0072
frame_0698,0.2353,0.3630,0.0026,0.1531,0.1791,0.0628,0.0042
frame_0699,0.2342,0.3650,0.0010,0.1549,0.1747,0.0599,0.0103
frame_0700,0.2080,0.3905,0.0011,0.1604,0.1751,0.0590,0.0058
frame_0701,0.2550,0.3279,0.0017,0.1672,0.1718,0.0641,0.0124
frame_0702,0.2588,0.3238,0.0019,0.1725,0.1690,0.0614,0.0126
frame_0703,0.2083,0.3684,0.0050,0.1759,0.1652,0.0615,0.0157
frame_0704,0.2384,0.3233,0.0053,0.1839,0.1612,0.0637,0.0242
frame_0705,0.2607,0.2967,0.0076,0.1908,0.1588,0.0613,0.0240
frame_0706,0.2562,0.2982,0.0103,0.1966,0.1612,0.0649,0.0125
frame_0707,0.2645,0.2743,0.0150,0.2047,0.1598,0.0687,0.0130
frame_0708,0.2730,0.2660,0.0146,0.2116,0.1563,0.0694,0.0089
frame_0709,0.2715,0.2592,0.0137,0.2138,0.1547,0.0789,0.0082
frame_0710,0.2666,0.2696,0.0054,0.2175,0.1522,0.0820,0.0067
frame_0711,0.2668,0.2655,0.0049,0.2213,0.1485,0.0809,0.0121
frame_0712,0.2744,0.2546,0.0049,0.2262,0.1451,0.0856,0.0094
frame_0713,0.2676,0.2544,0.0044,0.2329,0.1420,0.0823,0.0165
frame_0714,0.2725,0.2500,0.0048,0.2369,0.1388,0.0942,0.0028
frame_0715,0.2673,0.2569,0.0048,0.2439,0.1347,0.0806,0.0119
frame_0716,0.2684,0.2542,0.0045,0.2468,0.1301,0.0828,0.0130
frame_0717,0.2685,0.2513,0.0035,0.2538,0.1270,0.0933,0.0026
frame_0718,0.2791,0.2457,0.0028,0.2640,0.1228,0.0768,0.0088
frame_0719,0.2814,0.2408,0.0038,0.2670,0.1199,0.0825,0.0046
frame_0720,0.2881,0.2444,0.0028,0.2698,0.1176,0.0660,0.0112
frame_0721,0.2808,0.2504,0.0019,0.2692,0.1139,0.0741,0.0097
frame_0722,0.2854,0.2552,0.0029,0.2641,0.1114,0.0700,0.0112
frame_0723,0.2413,0.2959,0.0014,0.2654,0.1081,0.0601,0.0278
frame_0724,0.2705,0.2663,0.0012,0.2590,0.1044,0.0744,0.0242
frame_0725,0.2789,0.2729,0.0021,0.2613,0.0996,0.0661,0.0190
frame_0726,0.2796,0.2895,0.0009,0.2646,0.0914,0.0616,0.0125
frame_0727,0.2822,0.2892,0.0011,0.2727,0.0826,0.0654,0.0069
frame_0728,0.2999,0.2805,0.0030,0.2811,0.0746,0.0506,0.0102
frame_0729,0.2891,0.2839,0.0021,0.2891,0.0685,0.0586,0.0087
frame_0730,0.2783,0.2995,0.0015,0.2969,0.0612,0.0603,0.0023
frame_0731,0.2934,0.2881,0.0012,0.3088,0.0516,0.0516,0.0053
frame_0732,0.2804,0.2941,0.0018,0.3155,0.0471,0.0600,0.0012
frame_0733,0.2903,0.2531,0.0012,0.3332,0.0421,0.0584,0.0217
frame_0734,0.2780,0.2767,0.0030,0.3372,0.0382,0.0586,0.0083
frame_0735,0.2756,0.2803,0.0024,0.3342,0.0347,0.0638,0.0089
frame_0736,0.2782,0.2858,0.0046,0.3348,0.0354,0.0582,0.0030
frame_0737,0.2584,0.2981,0.0053,0.3324,0.0360,0.0670,0.0029
frame_0738,0.2581,0.2944,0.0019,0.3282,0.0380,0.0715,0.0078
frame_0739,0.2280,0.3193,0.0028,0.3357,0.0391,0.0707,0.0043
frame_0740,0.2371,0.2891,0.0031,0.3511,0.0402,0.0776,0.0017
frame_0741,0.2308,0.2913,0.0041,0.3593,0.0441,0.0674,0.0030
frame_0742,0.2493,0.2848,0.0031,0.3445,0.0436,0.0706,0.0041
frame_0743,0.2540,0.2959,0.0030,0.3270,0.0468,0.0712,0.0022
frame_0744,0.2540,0.2982,0.0038,0.3159,0.0561,0.0689,0.0031
frame_0745,0.2442,0.3098,0.0081,0.3075,0.0494,0.0796,0.0014
frame_0746,0.2428,0.3090,0.0094,0.3041,0.0563,0.0760,0.0024
frame_0747,0.2376,0.2994,0.0133,0.3057,0.0649,0.0765,0.0025
frame_0748,0.2459,0.2912,0.0105,0.2992,0.0649,0.0756,0.0127
frame_0749,0.2426,0.2905,0.0104,0.3059,0.0628,0.0743,0.0134
frame_0750,0.2495,0.2921,0.0085,0.3080,0.0593,0.0690,0.0136
frame_0751,0.2461,0.3003,0.0065,0.3061,0.0659,0.0648,0.0103
frame_0752,0.2360,0.2980,0.0063,0.3055,0.0651,0.0545,0.0346
frame_0753,0.2531,0.2937,0.0058,0.3070,0.0626,0.0671,0.0107
frame_0754,0.2423,0.3111,0.0051,0.3127,0.0615,0.0566,0.0105
frame_0755,0.1596,0.3701,0.0039,0.3334,0.0599,0.0542,0.0190
frame_0756,0.2385,0.2873,0.0037,0.3459,0.0563,0.0542,0.0141
frame_0757,0.1677,0.3535,0.0071,0.3473,0.0547,0.0601,0.0097
frame_0758,0.1530,0.3774,0.0043,0.3436,0.0452,0.0600,0.0164
frame_0759,0.1657,0.3753,0.0027,0.3475,0.0335,0.0550,0.0204
frame_0760,0.1670,0.3633,0.0034,0.3482,0.0348,0.0595,0.0237
frame_0761,0.1563,0.3686,0.0029,0.3519,0.0289,0.0758,0.0156
frame_0762,0.1590,0.3589,0.0027,0.3593,0.0267,0.0762,0.0173
frame_0763,0.1589,0.3653,0.0032,0.3655,0.0255,0.0613,0.0203
frame_0764,0.1596,0.3403,0.0019,0.3616,0.0248,0.0767,0.0351
frame_0765,0.1492,0.3430,0.0021,0.3650,0.0254,0.0815,0.0338
frame_0766,0.1512,0.3526,0.0022,0.3639,0.0249,0.0788,0.0263
frame_0767,0.1444,0.3792,0.0029,0.3653,0.0220,0.0774,0.0088
frame_0768,0.2529,0.2696,0.0023,0.3679,0.0215,0.0782,0.0075
frame_0769,0.2422,0.2723,0.0016,0.3685,0.0212,0.0872,0.0070
frame_0770,0.2568,0.2662,0.0026,0.3707,0.0142,0.0790,0.0105
frame_0771,0.2384,0.2812,0.0035,0.3772,0.0133,0.0782,0.0081
frame_0772,0.2349,0.2705,0.0044,0.3839,0.0156,0.0854,0.0054
frame_0773,0.2505,0.2827,0.0044,0.3682,0.0145,0.0735,0.0062
frame_0774,0.2649,0.2813,0.0060,0.3514,0.0197,0.0705,0.0063
frame_0775,0.2601,0.2865,0.0074,0.3466,0.0172,0.0715,0.0107
frame_0776,0.2667,0.2920,0.0090,0.3362,0.0172,0.0695,0.0095
frame_0777,0.2653,0.2946,0.0104,0.3299,0.0133,0.0706,0.0160
frame_0778,0.2574,0.3059,0.0084,0.3284,0.0161,0.0698,0.0141
frame_0779,0.2604,0.3207,0.0085,0.3210,0.0157,0.0680,0.0057
frame_0780,0.2521,0.3350,0.0083,0.3144,0.0163,0.0713,0.0026
frame_0781,0.2376,0.3550,0.0084,0.3106,0.0171,0.0669,0.0043
frame_0782,0.2434,0.3562,0.0069,0.2997,0.0173,0.0695,0.0071
frame_0783,0.2431,0.3563,0.0069,0.2912,0.0182,0.0721,0.0122
frame_0784,0.1413,0.4662,0.0092,0.2816,0.0191,0.0701,0.0123
frame_0785,0.2167,0.3929,0.0087,0.2690,0.0209,0.0794,0.0125
frame_0786,0.1635,0.4508,0.0108,0.2590,0.0221,0.0726,0.0212
frame_0787,0.1173,0.5022,0.0056,0.2488,0.0245,0.0768,0.0247
frame_0788,0.1172,0.4998,0.0087,0.2491,0.0263,0.0790,0.0198
frame_0789,0.1359,0.4670,0.0048,0.2550,0.0292,0.0937,0.0144
frame_0790,0.2046,0.3830,0.0072,0.2715,0.0326,0.0927,0.0084
frame_0791,0.1000,0.4601,0.0056,0.2741,0.0344,0.0777,0.0482
frame_0792,0.2046,0.4009,0.0054,0.2481,0.0362,0.0832,0.0215
frame_0793,0.2005,0.4158,0.0053,0.2447,0.0390,0.0801,0.0147
frame_0794,0.2077,0.4310,0.0065,0.2320,0.0415,0.0705,0.0109
frame_0795,0.1937,0.4405,0.0066,0.2265,0.0461,0.0764,0.0102
frame_0796,0.2168,0.4162,0.0027,0.2254,0.0468,0.0760,0.0161
frame_0797,0.2075,0.4119,0.0031,0.2127,0.0481,0.0836,0.0331
frame_0798,0.2208,0.3736,0.0029,0.2114,0.0622,0.0830,0.0461
frame_0799,0.2287,0.3874,0.0027,0.1959,0.0689,0.0859,0.0305
frame_0800,0.2242,0.4175,0.0020,0.1922,0.0705,0.0810,0.0124
frame_0801,0.2253,0.4009,0.0049,0.1894,0.0867,0.0857,0.0072
frame_0802,0.2154,0.4140,0.0018,0.1822,0.0940,0.0884,0.0042
frame_0803,0.2258,0.3971,0.0026,0.1778,0.1014,0.0798,0.0154
frame_0804,0.2351,0.3897,0.0012,0.1709,0.1074,0.0823,0.0134
frame_0805,0.2207,0.4057,0.0022,0.1659,0.1023,0.0708,0.0323
frame_0806,0.2287,0.3897,0.0023,0.1614,0.1202,0.0666,0.0311
frame_0807,0.2252,0.3855,0.0059,0.1518,0.1252,0.0835,0.0229
frame_0808,0.2356,0.3901,0.0079,0.1488,0.1216,0.0758,0.0202
frame_0809,0.2401,0.3665,0.0120,0.1451,0.1413,0.0671,0.0278
frame_0810,0.2467,0.3647,0.0086,0.1432,0.1454,0.0566,0.0348
frame_0811,0.2508,0.3595,0.0074,0.1380,0.1500,0.0652,0.0291
frame_0812,0.2504,0.3599,0.0096,0.1337,0.1564,0.0709,0.0191
frame_0813,0.2577,0.3468,0.0079,0.1310,0.1758,0.0628,0.0180
frame_0814,0.2582,0.3478,0.0057,0.1275,0.1829,0.0666,0.0114
frame_0815,0.2521,0.3652,0.0045,0.1243,0.1680,0.0710,0.0149
frame_0816,0.2325,0.3484,0.0047,0.1212,0.2003,0.0855,0.0075
frame_0817,0.2420,0.3293,0.0050,0.1167,0.2062,0.0882,0.0126
frame_0818,0.2375,0.3093,0.0052,0.1132,0.2158,0.0970,0.0220
frame_0819,0.2441,0.3112,0.0038,0.1086,0.2235,0.1028,0.0060
frame_0820,0.2363,0.3095,0.0018,0.1037,0.2302,0.1003,0.0182
frame_0821,0.2321,0.3232,0.0020,0.0994,0.2379,0.0901,0.0154
frame_0822,0.2397,0.3184,0.0020,0.0947,0.2424,0.0933,0.0094
frame_0823,0.2397,0.3128,0.0037,0.0909,0.2527,0.0985,0.0017
frame_0824,0.2435,0.3119,0.0034,0.0869,0.2584,0.0860,0.0099
frame_0825,0.2444,0.3128,0.0024,0.0827,0.2625,0.0932,0.0019
frame_0826,0.2478,0.3088,0.0028,0.0818,0.2708,0.0844,0.0036
frame_0827,0.2397,0.3131,0.0032,0.0771,0.2768,0.0874,0.0027
frame_0828,0.2400,0.3032,0.0017,0.0742,0.2830,0.0954,0.0026
frame_0829,0.2220,0.3164,0.0036,0.0722,0.2899,0.0916,0.0042
frame_0830,0.2261,0.3020,0.0033,0.0691,0.2939,0.0986,0.0070
frame_0831,0.2259,0.2984,0.0020,0.0676,0.2988,0.1020,0.0053
frame_0832,0.2234,0.3105,0.0015,0.0645,0.3002,0.0970,0.0028
frame_0833,0.2257,0.2994,0.0020,0.0646,0.3018,0.0930,0.0135
frame_0834,0.2165,0.3126,0.0014,0.0768,0.2909,0.0905,0.0113
frame_0835,0.2256,0.2988,0.0020,0.0754,0.2904,0.1028,0.0050
frame_0836,0.2148,0.3099,0.0008,0.0633,0.3024,0.1044,0.0044
frame_0837,0.2202,0.3055,0.0005,0.0637,0.3007,0.0999,0.0095
frame_0838,0.2029,0.2798,0.0022,0.0640,0.2974,0.1155,0.0381
frame_0839,0.2244,0.2631,0.0022,0.0649,0.2981,0.0923,0.0551
frame_0840,0.2122,0.2598,0.0007,0.0657,0.2925,0.1155,0.0536
frame_0841,0.2016,0.2882,0.0020,0.0673,0.2904,0.1220,0.0284
frame_0842,0.2163,0.2846,0.0007,0.0694,0.2878,0.1037,0.0376
frame_0843,0.2278,0.2657,0.0005,0.0712,0.2832,0.1117,0.0398
frame_0844,0.2205,0.2688,0.0010,0.0711,0.2827,0.1062,0.0497
frame_0845,0.2148,0.2687,0.0007,0.0719,0.2802,0.1031,0.0605
frame_0846,0.2231,0.2054,0.0009,0.0740,0.2808,0.1004,0.1155
frame_0847,0.2165,0.1839,0.0008,0.0750,0.2821,0.0977,0.1441
frame_0848,0.2092,0.1931,0.0011,0.0763,0.2813,0.1136,0.1254
frame_0849,0.2254,0.2084,0.0012,0.0801,0.2842,0.1003,0.1003
frame_0850,0.2147,0.2202,0.0019,0.0808,0.2838,0.1112,0.0875
frame_0851,0.2212,0.1891,0.0013,0.0842,0.2835,0.1056,0.1152
frame_0852,0.2228,0.2150,0.0024,0.0860,0.2845,0.1034,0.0859
frame_0853,0.2248,0.2137,0.0019,0.0880,0.2822,0.1037,0.0856
frame_0854,0.2213,0.2188,0.0019,0.0906,0.2811,0.1027,0.0835
frame_0855,0.2267,0.2301,0.0027,0.0949,0.2795,0.0872,0.0790
frame_0856,0.2393,0.2206,0.0024,0.0987,0.2757,0.0851,0.0782
frame_0857,0.2422,0.2224,0.0043,0.1006,0.2726,0.0802,0.0775
frame_0858,0.2485,0.2958,0.0033,0.1036,0.2670,0.0801,0.0017
frame_0859,0.2430,0.2968,0.0057,0.1096,0.2653,0.0747,0.0049
frame_0860,0.2432,0.2934,0.0049,0.1115,0.2631,0.0707,0.0133
frame_0861,0.2351,0.2966,0.0049,0.1180,0.2581,0.0765,0.0107
frame_0862,0.2316,0.2945,0.0072,0.1334,0.2566,0.0662,0.0106
frame_0863,0.2363,0.2751,0.0144,0.1485,0.2521,0.0598,0.0137
frame_0864,0.2182,0.3029,0.0068,0.1494,0.2491,0.0645,0.0090
frame_0865,0.2375,0.2749,0.0099,0.1523,0.2478,0.0672,0.0104
frame_0866,0.2417,0.2688,0.0069,0.1630,0.2448,0.0653,0.0095
frame_0867,0.2352,0.2600,0.0068,0.1630,0.2419,0.0767,0.0165
frame_0868,0.2394,0.2566,0.0070,0.1686,0.2377,0.0642,0.0266
frame_0869,0.2508,0.2552,0.0130,0.1716,0.2309,0.0716,0.0070
frame_0870,0.2581,0.2501,0.0100,0.1816,0.2256,0.0682,0.0063
frame_0871,0.2560,0.2408,0.0132,0.1904,0.2159,0.0759,0.0078
frame_0872,0.2689,0.2416,0.0101,0.1973,0.2050,0.0624,0.0147
frame_0873,0.2568,0.2539,0.0093,0.2096,0.1958,0.0644,0.0102
frame_0874,0.2612,0.2247,0.0099,0.2129,0.1856,0.0674,0.0382
frame_0875,0.2466,0.2554,0.0086,0.2247,0.1759,0.0653,0.0236
frame_0876,0.2573,0.2437,0.0078,0.2373,0.1644,0.0622,0.0273
frame_0877,0.2482,0.2364,0.0083,0.2536,0.1499,0.0681,0.0355
frame_0878,0.2366,0.2358,0.0095,0.2691,0.1394,0.0706,0.0390
frame_0879,0.2417,0.2177,0.0111,0.2871,0.1282,0.0736,0.0406
frame_0880,0.2451,0.2214,0.0075,0.3033,0.1172,0.0754,0.0301
frame_0881,0.2390,0.2400,0.0081,0.3030,0.1075,0.0810,0.0214
frame_0882,0.2565,0.2439,0.0092,0.3130,0.0980,0.0647,0.0148
frame_0883,0.2471,0.2564,0.0105,0.3123,0.0874,0.0626,0.0236
frame_0884,0.2397,0.2720,0.0063,0.3122,0.0789,0.0680,0.0228
frame_0885,0.2416,0.2778,0.0094,0.3155,0.0705,0.0716,0.0135
frame_0886,0.2461,0.2789,0.0073,0.3217,0.0628,0.0682,0.0150
frame_0887,0.2505,0.2654,0.0095,0.3291,0.0562,0.0735,0.0158
frame_0888,0.2565,0.2606,0.0059,0.3422,0.0474,0.0710,0.0165
frame_0889,0.1560,0.3582,0.0057,0.3523,0.0435,0.0763,0.0080
frame_0890,0.1376,0.3705,0.0077,0.3563,0.0393,0.0778,0.0109
frame_0891,0.2377,0.2594,0.0084,0.3699,0.0337,0.0848,0.0061
frame_0892,0.2490,0.2425,0.0083,0.3689,0.0314,0.0811,0.0187
frame_0893,0.2497,0.2458,0.0063,0.3665,0.0271,0.0971,0.0074
frame_0894,0.2468,0.2369,0.0068,0.3838,0.0251,0.0787,0.0219
frame_0895,0.2484,0.2470,0.0068,0.3835,0.0214,0.0877,0.0052
frame_0896,0.2062,0.2801,0.0087,0.3845,0.0190,0.0716,0.0300
frame_0897,0.1359,0.3719,0.0074,0.3862,0.0154,0.0725,0.0106
frame_0898,0.1341,0.3675,0.0111,0.3791,0.0159,0.0714,0.0210
frame_0899,0.1622,0.3650,0.0104,0.3721,0.0137,0.0665,0.0100
frame_0900,0.1440,0.3814,0.0065,0.3811,0.0127,0.0669,0.0074
frame_0901,0.1277,0.4115,0.0061,0.3709,0.0121,0.0674,0.0042
frame_0902,0.2423,0.2905,0.0057,0.3732,0.0116,0.0646,0.0120
frame_0903,0.2402,0.2735,0.0054,0.3719,0.0103,0.0669,0.0317
frame_0904,0.2322,0.3040,0.0053,0.3677,0.0095,0.0625,0.0188
frame_0905,0.2269,0.3102,0.0055,0.3695,0.0088,0.0674,0.0116
frame_0906,0.2399,0.3047,0.0046,0.3691,0.0092,0.0645,0.0080
frame_0907,0.2672,0.2799,0.0049,0.3763,0.0082,0.0554,0.0081
frame_0908,0.1658,0.3668,0.0082,0.3792,0.0081,0.0590,0.0130
frame_0909,0.2465,0.2627,0.0071,0.4008,0.0082,0.0591,0.0155
frame_0910,0.1967,0.3178,0.0084,0.4006,0.0099,0.0575,0.0090
frame_0911,0.2408,0.2654,0.0010,0.4152,0.0102,0.0570,0.0103
frame_0912,0.2397,0.2586,0.0015,0.4257,0.0123,0.0559,0.0064
frame_0913,0.1373,0.3594,0.0041,0.4224,0.0137,0.0598,0.0032
frame_0914,0.2133,0.2882,0.0021,0.4159,0.0153,0.0601,0.0051
frame_0915,0.2450,0.2605,0.0039,0.4184,0.0163,0.0530,0.0029
frame_0916,0.2514,0.2473,0.0019,0.4232,0.0144,0.0553,0.0064
frame_0917,0.2512,0.2476,0.0020,0.4209,0.0120,0.0533,0.0130
frame_0918,0.2538,0.2508,0.0022,0.4228,0.0098,0.0560,0.0045
frame_0919,0.2529,0.2536,0.0021,0.4236,0.0070,0.0572,0.0036
frame_0920,0.2518,0.2528,0.0030,0.4218,0.0052,0.0605,0.0050
frame_0921,0.1844,0.3123,0.0031,0.4278,0.0046,0.0614,0.0063
frame_0922,0.1365,0.3651,0.0037,0.4262,0.0032,0.0625,0.0029
frame_0923,0.2300,0.2672,0.0023,0.4297,0.0031,0.0602,0.0075
frame_0924,0.2371,0.2559,0.0026,0.4357,0.0029,0.0534,0.0123
frame_0925,0.2446,0.2442,0.0022,0.4342,0.0031,0.0569,0.0148
frame_0926,0.1990,0.3007,0.0021,0.4223,0.0034,0.0620,0.0105
frame_0927,0.1772,0.3054,0.0031,0.4073,0.0031,0.0638,0.0399
frame_0928,0.1998,0.3032,0.0033,0.3963,0.0030,0.0624,0.0320
frame_0929,0.0990,0.4192,0.0033,0.3891,0.0037,0.0752,0.0105
frame_0930,0.1263,0.3963,0.0044,0.3828,0.0028,0.0745,0.0131
frame_0931,0.1133,0.4217,0.0055,0.3736,0.0036,0.0768,0.0055
frame_0932,0.1994,0.3157,0.0081,0.3673,0.0032,0.0759,0.0304
frame_0933,0.2141,0.3187,0.0096,0.3646,0.0041,0.0700,0.0189
frame_0934,0.2097,0.3321,0.0092,0.3579,0.0048,0.0763,0.0101
frame_0935,0.2108,0.3316,0.0075,0.3568,0.0050,0.0637,0.0247
frame_0936,0.2109,0.3313,0.0075,0.3513,0.0037,0.0670,0.0283
frame_0937,0.2013,0.3280,0.0062,0.3494,0.0061,0.0629,0.0460
frame_0938,0.2069,0.3493,0.0063,0.3449,0.0071,0.0550,0.0306
frame_0939,0.2151,0.3478,0.0056,0.3412,0.0073,0.0588,0.0241
frame_0940,0.2049,0.3592,0.0051,0.3472,0.0074,0.0697,0.0066
frame_0941,0.2068,0.3574,0.0044,0.3462,0.0081,0.0620,0.0151
frame_0942,0.2125,0.3578,0.0041,0.3476,0.0090,0.0598,0.0093
frame_0943,0.2111,0.3573,0.0043,0.3544,0.0073,0.0596,0.0060
frame_0944,0.1824,0.3767,0.0042,0.3535,0.0089,0.0648,0.0096
frame_0945,0.2242,0.3312,0.0036,0.3700,0.0060,0.0557,0.0092
frame_0946,0.2014,0.3443,0.0042,0.3763,0.0060,0.0618,0.0060
frame_0947,0.2102,0.3082,0.0033,0.3879,0.0095,0.0541,0.0268
frame_0948,0.2180,0.2997,0.0030,0.3958,0.0099,0.0574,0.0161
frame_0949,0.2294,0.3012,0.0030,0.3874,0.0086,0.0629,0.0076
frame_0950,0.2260,0.3054,0.0029,0.3832,0.0100,0.0605,0.0118
frame_0951,0.2269,0.2972,0.0024,0.3927,0.0118,0.0607,0.0082
frame_0952,0.2249,0.3047,0.0020,0.3854,0.0108,0.0696,0.0027
frame_0953,0.1304,0.3901,0.0023,0.3877,0.0156,0.0691,0.0048
frame_0954,0.1593,0.3579,0.0016,0.3795,0.0211,0.0694,0.0112
frame_0955,0.1383,0.3763,0.0017,0.3769,0.0246,0.0704,0.0118
frame_0956,0.2326,0.2826,0.0011,0.3694,0.0283,0.0682,0.0178
frame_0957,0.2439,0.2846,0.0036,0.3552,0.0282,0.0630,0.0215
frame_0958,0.2356,0.2877,0.0021,0.3524,0.0372,0.0709,0.0141
frame_0959,0.1229,0.3837,0.0010,0.3398,0.0417,0.0796,0.0314
frame_0960,0.2254,0.2879,0.0022,0.3278,0.0424,0.0855,0.0287
frame_0961,0.2344,0.2450,0.0018,0.3214,0.0491,0.0888,0.0595
frame_0962,0.2359,0.2907,0.0029,0.3122,0.0521,0.0824,0.0238
frame_0963,0.2350,0.2866,0.0028,0.3062,0.0566,0.0843,0.0285
frame_0964,0.2405,0.2925,0.0028,0.2949,0.0622,0.0789,0.0282
frame_0965,0.2352,0.2976,0.0015,0.2833,0.0679,0.0810,0.0335
frame_0966,0.2400,0.2920,0.0032,0.2735,0.0722,0.0822,0.0368
frame_0967,0.2388,0.2886,0.0021,0.2650,0.0819,0.0832,0.0403
frame_0968,0.2507,0.2939,0.0026,0.2544,0.0893,0.0833,0.0258
frame_0969,0.2587,0.2978,0.0022,0.2428,0.0960,0.0748,0.0278
frame_0970,0.2648,0.2778,0.0028,0.2317,0.1044,0.0806,0.0380
frame_0971,0.2668,0.2779,0.0023,0.2296,0.1115,0.0739,0.0379
frame_0972,0.2668,0.2898,0.0022,0.2143,0.1189,0.0737,0.0343
frame_0973,0.2655,0.2881,0.0040,0.2089,0.1262,0.0626,0.0446
frame_0974,0.2691,0.2867,0.0027,0.1986,0.1335,0.0625,0.0469
frame_0975,0.2637,0.2943,0.0023,0.1896,0.1393,0.0662,0.0445
frame_0976,0.2562,0.2959,0.0031,0.1774,0.1470,0.0672,0.0532
frame_0977,0.2522,0.2997,0.0031,0.1698,0.1522,0.0680,0.0550
frame_0978,0.2565,0.3016,0.0043,0.1597,0.1590,0.0646,0.0543
frame_0979,0.2494,0.3023,0.0054,0.1516,0.1627,0.0647,0.0638
frame_0980,0.2459,0.3033,0.0085,0.1394,0.1681,0.0720,0.0629
frame_0981,0.2411,0.3017,0.0103,0.1337,0.1796,0.0754,0.0582
frame_0982,0.2332,0.3030,0.0130,0.1285,0.1863,0.0775,0.0585
frame_0983,0.2325,0.3109,0.0120,0.1202,0.1933,0.0791,0.0520
frame_0984,0.2470,0.2988,0.0135,0.1166,0.2017,0.0742,0.0481
frame_0985,0.2369,0.3059,0.0111,0.1075,0.2087,0.0754,0.0544
frame_0986,0.2298,0.3172,0.0076,0.1026,0.2135,0.0823,0.0470
frame_0987,0.2338,0.3099,0.0056,0.0974,0.2234,0.0907,0.0392
frame_0988,0.2354,0.2883,0.0142,0.0902,0.2319,0.0886,0.0514
frame_0989,0.2425,0.3026,0.0094,0.0898,0.2323,0.0727,0.0507
frame_0990,0.2462,0.3073,0.0038,0.0859,0.2424,0.0821,0.0322
frame_0991,0.2488,0.3090,0.0034,0.0828,0.2484,0.0782,0.0293
frame_0992,0.2553,0.3166,0.0026,0.0785,0.2517,0.0668,0.0285
frame_0993,0.2550,0.3147,0.0022,0.0740,0.2564,0.0792,0.0186
frame_0994,0.2586,0.3183,0.0012,0.0680,0.2629,0.0729,0.0181
frame_0995,0.2616,0.3203,0.0011,0.0653,0.2665,0.0688,0.0163
frame_0996,0.2625,0.3291,0.0013,0.0602,0.2611,0.0719,0.0139
frame_0997,0.2674,0.3224,0.0008,0.0573,0.2750,0.0689,0.0082
frame_0998,0.2622,0.3262,0.0019,0.0543,0.2756,0.0667,0.0132
frame_0999,0.2590,0.3283,0.0013,0.0537,0.2816,0.0677,0.0084
frame_1000,0.2663,0.3211,0.0011,0.0511,0.2844,0.0689,0.0071
frame_1001,0.2654,0.3249,0.0005,0.0500,0.2851,0.0620,0.0120
frame_1002,0.2699,0.3245,0.0006,0.0492,0.2889,0.0584,0.0086
frame_1003,0.2660,0.3229,0.0009,0.0491,0.2892,0.0647,0.0071
frame_1004,0.2156,0.3718,0.0008,0.0482,0.2917,0.0657,0.0061
frame_1005,0.2629,0.3352,0.0006,0.0494,0.2856,0.0624,0.0039
frame_1006,0.2477,0.3381,0.0006,0.0490,0.2932,0.0667,0.0047
frame_1007,0.2572,0.3275,0.0005,0.0484,0.2961,0.0656,0.0048
frame_1008,0.2662,0.3215,0.0006,0.0468,0.2966,0.0653,0.0030
frame_1009,0.2723,0.3126,0.0018,0.0444,0.2995,0.0570,0.0123
frame_1010,0.2670,0.3178,0.0007,0.0430,0.3035,0.0643,0.0037
frame_1011,0.2643,0.3157,0.0004,0.0416,0.3042,0.0672,0.0067
frame_1012,0.2666,0.3148,0.0005,0.0398,0.3060,0.0638,0.0085
frame_1013,0.2616,0.3109,0.0009,0.0409,0.3067,0.0701,0.0089
frame_1014,0.2604,0.3155,0.0005,0.0396,0.3081,0.0701,0.0058
frame_1015,0.2650,0.3132,0.0004,0.0397,0.3107,0.0664,0.0047
frame_1016,0.2592,0.3187,0.0006,0.0398,0.3101,0.0671,0.0044
frame_1017,0.2550,0.3218,0.0009,0.0410,0.3123,0.0615,0.0075
frame_1018,0.2495,0.3190,0.0004,0.0435,0.3132,0.0645,0.0099
frame_1019,0.2472,0.3147,0.0006,0.0444,0.3112,0.0753,0.0067
frame_1020,0.2464,0.3129,0.0005,0.0490,0.3126,0.0731,0.0055
frame_1021,0.2451,0.3129,0.0007,0.0458,0.3112,0.0796,0.0047
frame_1022,0.2403,0.3180,0.0010,0.0447,0.3096,0.0825,0.0039
frame_1023,0.2364,0.3268,0.0003,0.0412,0.3095,0.0819,0.0039
frame_1024,0.2379,0.3168,0.0009,0.0399,0.3097,0.0908,0.0039
frame_1025,0.2355,0.3263,0.0008,0.0344,0.3148,0.0819,0.0063
frame_1026,0.2320,0.3254,0.0001,0.0321,0.3158,0.0906,0.0040
frame_1027,0.2327,0.3240,0.0003,0.0319,0.3184,0.0916,0.0011
frame_1028,0.2277,0.3200,0.0005,0.0317,0.3223,0.0910,0.0067
frame_1029,0.2253,0.4801,0.0004,0.0330,0.1580,0.0985,0.0047
frame_1030,0.2293,0.4664,0.0004,0.0341,0.1679,0.0968,0.0052
frame_1031,0.2184,0.4139,0.0003,0.0347,0.2163,0.1059,0.0105
frame_1032,0.2153,0.4529,0.0009,0.0372,0.1720,0.1138,0.0080
frame_1033,0.2166,0.2927,0.0006,0.0354,0.3325,0.1063,0.0159
frame_1034,0.2128,0.2811,0.0010,0.0348,0.3342,0.1262,0.0099
frame_1035,0.2071,0.3331,0.0008,0.0350,0.2818,0.1156,0.0267
frame_1036,0.2095,0.2737,0.0007,0.0403,0.3398,0.1120,0.0241
frame_1037,0.2149,0.2653,0.0046,0.0402,0.3419,0.1049,0.0282
frame_1038,0.2174,0.2703,0.0009,0.0427,0.3461,0.1045,0.0182
frame_1039,0.2128,0.2660,0.0009,0.0469,0.3477,0.0967,0.0291
frame_1040,0.2195,0.2624,0.0013,0.0469,0.3504,0.0895,0.0300
frame_1041,0.2247,0.2448,0.0021,0.0514,0.3528,0.0948,0.0295
frame_1042,0.2136,0.2496,0.0020,0.0626,0.3519,0.0979,0.0224
frame_1043,0.2347,0.2344,0.0020,0.0684,0.3551,0.0840,0.0214
frame_1044,0.2408,0.2234,0.0025,0.0724,0.3571,0.0771,0.0266
frame_1045,0.2566,0.2124,0.0035,0.0649,0.3582,0.0739,0.0305
frame_1046,0.2535,0.2163,0.0029,0.0624,0.3611,0.0770,0.0268
frame_1047,0.2677,0.2119,0.0052,0.0580,0.3621,0.0762,0.0189
frame_1048,0.2619,0.2086,0.0035,0.0587,0.3646,0.0767,0.0261
frame_1049,0.2652,0.2097,0.0043,0.0550,0.3654,0.0749,0.0256
frame_1050,0.2693,0.2161,0.0052,0.0537,0.3675,0.0722,0.0161
frame_1051,0.2565,0.2156,0.0062,0.0511,0.3696,0.0699,0.0312
frame_1052,0.2348,0.2236,0.0070,0.0522,0.3697,0.0836,0.0290
frame_1053,0.2419,0.2245,0.0076,0.0517,0.3714,0.0776,0.0253
frame_1054,0.1463,0.2982,0.0040,0.0527,0.3705,0.0868,0.0415
frame_1055,0.1325,0.3214,0.0080,0.0579,0.3695,0.0934,0.0173
frame_1056,0.2227,0.2460,0.0065,0.0595,0.3682,0.0867,0.0104
frame_1057,0.1960,0.2802,0.0050,0.0640,0.3623,0.0869,0.0056
frame_1058,0.1794,0.3032,0.0071,0.0551,0.3595,0.0830,0.0127
frame_1059,0.1902,0.3140,0.0048,0.0399,0.3527,0.0836,0.0149
frame_1060,0.1739,0.3391,0.0033,0.0314,0.3530,0.0842,0.0151
frame_1061,0.1795,0.3485,0.0010,0.0241,0.3496,0.0844,0.0130
frame_1062,0.2143,0.3112,0.0020,0.0218,0.3465,0.0862,0.0180
frame_1063,0.1900,0.3466,0.0016,0.0214,0.3522,0.0834,0.0047
frame_1064,0.2044,0.3309,0.0006,0.0213,0.3477,0.0792,0.0160
frame_1065,0.1895,0.3415,0.0020,0.0216,0.3517,0.0789,0.0149
frame_1066,0.1997,0.3234,0.0012,0.0233,0.3510,0.0836,0.0178
frame_1067,0.2054,0.3329,0.0019,0.0222,0.3509,0.0769,0.0100
frame_1068,0.2019,0.3337,0.0022,0.0188,0.3491,0.0890,0.0054
frame_1069,0.2084,0.3321,0.0022,0.0196,0.3428,0.0872,0.0077
frame_1070,0.2348,0.3219,0.0025,0.0208,0.3442,0.0726,0.0032
frame_1071,0.2197,0.3409,0.0020,0.0210,0.3410,0.0627,0.0126
frame_1072,0.2181,0.3299,0.0013,0.0222,0.3447,0.0726,0.0112
frame_1073,0.2237,0.3246,0.0016,0.0219,0.3441,0.0775,0.0066
frame_1074,0.2206,0.3318,0.0013,0.0230,0.3395,0.0779,0.0059
frame_1075,0.2082,0.3476,0.0014,0.0241,0.3394,0.0743,0.0050
frame_1076,0.1990,0.3529,0.0021,0.0249,0.3345,0.0725,0.0142
frame_1077,0.1947,0.3581,0.0011,0.0250,0.3356,0.0742,0.0114
frame_1078,0.1738,0.3689,0.0018,0.0262,0.3326,0.0849,0.0117
frame_1079,0.1980,0.3506,0.0096,0.0254,0.3307,0.0789,0.0069
frame_1080,0.2247,0.3247,0.0059,0.0261,0.3393,0.0740,0.0053
frame_1081,0.1956,0.3659,0.0013,0.0281,0.3277,0.0793,0.0020
frame_1082,0.2072,0.3383,0.0016,0.0272,0.3351,0.0785,0.0121
frame_1083,0.2123,0.3452,0.0031,0.0286,0.3362,0.0735,0.0012
frame_1084,0.2077,0.3322,0.0022,0.0309,0.3398,0.0774,0.0097
frame_1085,0.2180,0.3243,0.0040,0.0312,0.3418,0.0691,0.0115
frame_1086,0.2318,0.3112,0.0020,0.0361,0.3390,0.0621,0.0178
frame_1087,0.2093,0.3225,0.0017,0.0418,0.3434,0.0747,0.0065
frame_1088,0.2215,0.3053,0.0033,0.0547,0.3405,0.0705,0.0042
frame_1089,0.2235,0.3061,0.0021,0.0570,0.3370,0.0692,0.0052
frame_1090,0.2234,0.3032,0.0022,0.0597,0.3347,0.0640,0.0128
frame_1091,0.2153,0.3072,0.0043,0.0634,0.3269,0.0691,0.0139
frame_1092,0.2201,0.3125,0.0048,0.0631,0.3236,0.0626,0.0133
frame_1093,0.2128,0.3248,0.0044,0.0691,0.3175,0.0648,0.0066
frame_1094,0.2160,0.3189,0.0055,0.0710,0.3095,0.0759,0.0031
frame_1095,0.2181,0.3273,0.0089,0.0697,0.3091,0.0513,0.0157
frame_1096,0.2104,0.3185,0.0096,0.0749,0.3041,0.0737,0.0089
frame_1097,0.2085,0.3202,0.0103,0.0832,0.3033,0.0728,0.0016
frame_1098,0.2136,0.3033,0.0149,0.0928,0.3044,0.0705,0.0005
frame_1099,0.2233,0.2884,0.0174,0.0961,0.3014,0.0711,0.0023
frame_1100,0.2188,0.2929,0.0142,0.0964,0.3037,0.0737,0.0005
frame_1101,0.2114,0.2870,0.0175,0.0974,0.3011,0.0744,0.0112
frame_1102,0.2109,0.2762,0.0166,0.0948,0.2987,0.0940,0.0087
frame_1103,0.2139,0.2879,0.0149,0.0893,0.2994,0.0836,0.0111
frame_1104,0.2106,0.3070,0.0107,0.0859,0.2936,0.0861,0.0061
frame_1105,0.2221,0.2959,0.0116,0.0861,0.2920,0.0743,0.0179
frame_1106,0.2256,0.2992,0.0104,0.0862,0.2903,0.0703,0.0180
frame_1107,0.2299,0.3078,0.0106,0.0887,0.2839,0.0679,0.0113
frame_1108,0.2362,0.3126,0.0086,0.0893,0.2800,0.0636,0.0097
frame_1109,0.2379,0.3157,0.0072,0.0926,0.2719,0.0639,0.0109
frame_1110,0.2384,0.3182,0.0073,0.1007,0.2679,0.0614,0.0060
frame_1111,0.2491,0.3129,0.0067,0.1039,0.2624,0.0627,0.0022
frame_1112,0.2531,0.2995,0.0067,0.1125,0.2548,0.0654,0.0081
frame_1113,0.2609,0.3053,0.0056,0.1219,0.2521,0.0517,0.0026
frame_1114,0.2552,0.3070,0.0058,0.1303,0.2424,0.0524,0.0069
frame_1115,0.2486,0.3165,0.0055,0.1362,0.2323,0.0555,0.0053
frame_1116,0.2684,0.3010,0.0039,0.1467,0.2234,0.0541,0.0024
frame_1117,0.2699,0.3002,0.0037,0.1539,0.2099,0.0509,0.0115
frame_1118,0.2581,0.3148,0.0028,0.1652,0.1989,0.0551,0.0051
frame_1119,0.2455,0.3312,0.0037,0.1738,0.1843,0.0551,0.0064
frame_1120,0.2577,0.3153,0.0041,0.1932,0.1654,0.0563,0.0081
frame_1121,0.2580,0.3190,0.0047,0.2094,0.1452,0.0513,0.0125
frame_1122,0.2651,0.3137,0.0035,0.2268,0.1267,0.0553,0.0088
frame_1123,0.2629,0.3187,0.0029,0.2506,0.1004,0.0585,0.0060
frame_1124,0.2436,0.3339,0.0029,0.2851,0.0679,0.0641,0.0026
frame_1125,0.2481,0.3280,0.0025,0.2973,0.0525,0.0663,0.0054
frame_1126,0.2435,0.3322,0.0022,0.3107,0.0423,0.0647,0.0043
frame_1127,0.2312,0.3320,0.0030,0.3230,0.0373,0.0619,0.0115
frame_1128,0.2284,0.3289,0.0026,0.3292,0.0338,0.0702,0.0068
frame_1129,0.2145,0.3196,0.0027,0.3563,0.0290,0.0740,0.0039
frame_1130,0.2315,0.2843,0.0035,0.3717,0.0265,0.0704,0.0121
frame_1131,0.1441,0.3776,0.0053,0.3711,0.0226,0.0689,0.0105
frame_1132,0.1089,0.4199,0.0053,0.3605,0.0190,0.0738,0.0127
frame_1133,0.1259,0.4027,0.0088,0.3499,0.0175,0.0771,0.0181
frame_1134,0.1395,0.3936,0.0074,0.3452,0.0144,0.0775,0.0224
frame_1135,0.1124,0.4228,0.0100,0.3397,0.0135,0.0853,0.0162
frame_1136,0.2252,0.3114,0.0092,0.3404,0.0125,0.0882,0.0132
frame_1137,0.2172,0.3134,0.0053,0.3453,0.0114,0.0871,0.0204
frame_1138,0.2169,0.3128,0.0042,0.3441,0.0120,0.0784,0.0316
frame_1139,0.1384,0.3900,0.0033,0.3467,0.0107,0.0895,0.0214
frame_1140,0.1630,0.3753,0.0045,0.3418,0.0089,0.0947,0.0118
frame_1141,0.1608,0.3855,0.0040,0.3444,0.0084,0.0799,0.0170
frame_1142,0.1379,0.4065,0.0011,0.3468,0.0063,0.0882,0.0133
frame_1143,0.1510,0.3936,0.0006,0.3465,0.0067,0.0917,0.0097
frame_1144,0.2407,0.3160,0.0038,0.3450,0.0062,0.0796,0.0086
frame_1145,0.2255,0.3286,0.0027,0.3493,0.0064,0.0736,0.0139
frame_1146,0.2516,0.3052,0.0020,0.3531,0.0060,0.0718,0.0102
frame_1147,0.2176,0.3384,0.0018,0.3551,0.0076,0.0726,0.0069
frame_1148,0.2156,0.3256,0.0015,0.3658,0.0089,0.0673,0.0153
frame_1149,0.2343,0.3060,0.0033,0.3685,0.0116,0.0624,0.0138
frame_1150,0.2106,0.3230,0.0017,0.3672,0.0167,0.0658,0.0150
frame_1151,0.2243,0.3086,0.0020,0.3718,0.0179,0.0640,0.0113
frame_1152,0.2627,0.2762,0.0013,0.3671,0.0222,0.0608,0.0096
frame_1153,0.2738,0.2716,0.0023,0.3549,0.0266,0.0625,0.0083
frame_1154,0.2757,0.2910,0.0019,0.3405,0.0172,0.0644,0.0093
frame_1155,0.2760,0.2913,0.0012,0.3406,0.0226,0.0626,0.0056
frame_1156,0.2760,0.3028,0.0023,0.3326,0.0225,0.0623,0.0014
frame_1157,0.2731,0.3073,0.0026,0.3239,0.0245,0.0655,0.0031
frame_1158,0.2749,0.3164,0.0051,0.3170,0.0247,0.0580,0.0040
frame_1159,0.2741,0.3067,0.0056,0.3128,0.0371,0.0596,0.0042
frame_1160,0.2659,0.3209,0.0074,0.3082,0.0243,0.0627,0.0106
frame_1161,0.2685,0.3053,0.0104,0.3083,0.0376,0.0612,0.0088
frame_1162,0.2651,0.3096,0.0107,0.3105,0.0372,0.0605,0.0064
frame_1163,0.2659,0.3101,0.0056,0.3134,0.0358,0.0661,0.0032
frame_1164,0.2597,0.3238,0.0024,0.3165,0.0364,0.0533,0.0078
frame_1165,0.2489,0.3221,0.0008,0.3268,0.0359,0.0518,0.0137
frame_1166,0.2391,0.3153,0.0003,0.3416,0.0384,0.0608,0.0046
frame_1167,0.2361,0.3085,0.0017,0.3460,0.0410,0.0558,0.0109
frame_1168,0.1513,0.3956,0.0171,0.3269,0.0484,0.0553,0.0054
frame_1169,0.1609,0.3943,0.0196,0.3120,0.0529,0.0534,0.0069
frame_1170,0.1301,0.4258,0.0179,0.3056,0.0573,0.0576,0.0057
frame_1171,0.1327,0.4483,0.0068,0.2885,0.0620,0.0475,0.0142
frame_1172,0.1527,0.4246,0.0171,0.2777,0.0681,0.0485,0.0114
frame_1173,0.1582,0.4104,0.0134,0.2694,0.0751,0.0413,0.0323
frame_1174,0.1486,0.4491,0.0005,0.2635,0.0789,0.0486,0.0108
frame_1175,0.2126,0.3732,0.0035,0.2638,0.0748,0.0586,0.0134
frame_1176,0.2127,0.3772,0.0007,0.2568,0.0846,0.0641,0.0040
frame_1177,0.2242,0.3531,0.0006,0.2520,0.0863,0.0659,0.0178
frame_1178,0.2127,0.3600,0.0003,0.2524,0.0899,0.0657,0.0191
frame_1179,0.2012,0.3827,0.0008,0.2478,0.0933,0.0673,0.0069
frame_1180,0.1832,0.3927,0.0010,0.2418,0.0960,0.0711,0.0142
frame_1181,0.2114,0.3699,0.0020,0.2417,0.0980,0.0695,0.0075
frame_1182,0.2408,0.3523,0.0014,0.2358,0.0994,0.0572,0.0131
frame_1183,0.2694,0.3258,0.0005,0.2366,0.0997,0.0622,0.0057
frame_1184,0.2850,0.3165,0.0006,0.2398,0.0993,0.0523,0.0064
frame_1185,0.2748,0.3223,0.0014,0.2417,0.0967,0.0568,0.0064
frame_1186,0.2714,0.3192,0.0009,0.2451,0.0960,0.0604,0.0070
frame_1187,0.2757,0.3126,0.0017,0.2530,0.0935,0.0580,0.0056
frame_1188,0.2917,0.2940,0.0029,0.2573,0.0899,0.0587,0.0056
frame_1189,0.2844,0.2872,0.0014,0.2672,0.0871,0.0599,0.0129
frame_1190,0.2866,0.2797,0.0050,0.2722,0.0838,0.0631,0.0096
frame_1191,0.2854,0.2715,0.0031,0.2830,0.0791,0.0645,0.0134
frame_1192,0.2826,0.2708,0.0024,0.2890,0.0764,0.0664,0.0124
frame_1193,0.2743,0.2614,0.0013,0.2988,0.0734,0.0688,0.0220
frame_1194,0.2702,0.2441,0.0014,0.3245,0.0669,0.0665,0.0265
frame_1195,0.1890,0.3030,0.0051,0.3409,0.0623,0.0560,0.0436
frame_1196,0.1591,0.3382,0.0014,0.3452,0.0594,0.0671,0.0296
frame_1197,0.1700,0.3296,0.0018,0.3517,0.0568,0.0542,0.0359
frame_1198,0.1627,0.3352,0.0011,0.3536,0.0556,0.0498,0.0421
frame_1199,0.2537,0.2305,0.0054,0.3602,0.0526,0.0562,0.0414
frame_1200,0.2617,0.2239,0.0016,0.3709,0.0493,0.0506,0.0421
frame_1201,0.2535,0.2309,0.0023,0.3755,0.0460,0.0582,0.0337
frame_1202,0.2709,0.2096,0.0050,0.3904,0.0427,0.0513,0.0302
frame_1203,0.2613,0.2132,0.0054,0.3958,0.0424,0.0518,0.0303
frame_1204,0.1464,0.3355,0.0032,0.3936,0.0440,0.0512,0.0262
frame_1205,0.2416,0.2510,0.0036,0.3829,0.0441,0.0503,0.0265
frame_1206,0.2490,0.2354,0.0050,0.3684,0.0419,0.0513,0.0490
frame_1207,0.2479,0.2558,0.0037,0.3596,0.0398,0.0503,0.0429
frame_1208,0.2444,0.2686,0.0028,0.3557,0.0388,0.0547,0.0349
frame_1209,0.2416,0.2726,0.0040,0.3580,0.0413,0.0616,0.0208
frame_1210,0.2392,0.2570,0.0041,0.3768,0.0398,0.0587,0.0244
frame_1211,0.2337,0.2570,0.0056,0.3659,0.0390,0.0673,0.0314
frame_1212,0.2434,0.2639,0.0103,0.3567,0.0375,0.0614,0.0269
frame_1213,0.2436,0.2803,0.0108,0.3436,0.0432,0.0557,0.0228
frame_1214,0.2435,0.2672,0.0093,0.3306,0.0504,0.0708,0.0282
frame_1215,0.2437,0.2651,0.0084,0.3249,0.0540,0.0675,0.0364
frame_1216,0.2493,0.2550,0.0091,0.3084,0.0628,0.0594,0.0560
frame_1217,0.2457,0.2359,0.0089,0.2988,0.0736,0.0657,0.0714
frame_1218,0.2417,0.2763,0.0073,0.2921,0.0770,0.0677,0.0379
frame_1219,0.2306,0.2797,0.0050,0.2729,0.0768,0.0776,0.0575
frame_1220,0.2284,0.2756,0.0083,0.2638,0.0853,0.0749,0.0636
frame_1221,0.2192,0.2660,0.0059,0.2587,0.0980,0.0757,0.0766
frame_1222,0.2238,0.3089,0.0046,0.2546,0.0972,0.0618,0.0491
frame_1223,0.1997,0.3240,0.0082,0.2432,0.1060,0.0784,0.0406
frame_1224,0.2271,0.2976,0.0041,0.2445,0.1166,0.0679,0.0422
frame_1225,0.2114,0.3062,0.0061,0.2382,0.1227,0.0559,0.0594
frame_1226,0.2249,0.3216,0.0040,0.2242,0.1275,0.0557,0.0420
frame_1227,0.2409,0.3029,0.0096,0.2168,0.1440,0.0529,0.0328
frame_1228,0.2275,0.3191,0.0078,0.2090,0.1515,0.0556,0.0295
frame_1229,0.2274,0.3150,0.0081,0.2004,0.1600,0.0455,0.0436
frame_1230,0.2439,0.2930,0.0107,0.2066,0.1657,0.0554,0.0248
frame_1231,0.2511,0.2795,0.0130,0.1957,0.1722,0.0555,0.0329
frame_1232,0.2401,0.2701,0.0152,0.2013,0.1803,0.0510,0.0421
frame_1233,0.2260,0.2557,0.0122,0.2121,0.1874,0.0522,0.0544
frame_1234,0.2358,0.2419,0.0098,0.2185,0.1943,0.0507,0.0490
frame_1235,0.2560,0.2273,0.0114,0.2179,0.1962,0.0574,0.0338
frame_1236,0.2730,0.2076,0.0155,0.2135,0.2086,0.0473,0.0344
frame_1237,0.2855,0.1945,0.0170,0.2024,0.2177,0.0468,0.0362
frame_1238,0.3055,0.1794,0.0196,0.2003,0.2234,0.0502,0.0216
frame_1239,0.3070,0.1842,0.0103,0.1930,0.2309,0.0321,0.0425
frame_1240,0.3121,0.1768,0.0113,0.1885,0.2361,0.0451,0.0301
frame_1241,0.3134,0.1804,0.0134,0.1856,0.2391,0.0434,0.0247
frame_1242,0.3192,0.1725,0.0136,0.1872,0.2418,0.0401,0.0256
frame_1243,0.3218,0.1692,0.0155,0.1819,0.2436,0.0425,0.0255
frame_1244,0.3216,0.1723,0.0143,0.1801,0.2454,0.0408,0.0255
frame_1245,0.3275,0.1643,0.0120,0.1811,0.2471,0.0421,0.0257
frame_1246,0.3228,0.1641,0.0110,0.1800,0.2480,0.0453,0.0289
frame_1247,0.3186,0.1575,0.0153,0.1779,0.2472,0.0507,0.0328
frame_1248,0.3162,0.1601,0.0100,0.1764,0.2524,0.0486,0.0363
frame_1249,0.3164,0.1537,0.0098,0.1750,0.2539,0.0488,0.0423
frame_1250,0.3091,0.1532,0.0104,0.1695,0.2573,0.0504,0.0501
frame_1251,0.3041,0.1549,0.0094,0.1687,0.2588,0.0435,0.0606
frame_1252,0.2914,0.1551,0.0097,0.1650,0.2621,0.0403,0.0765
frame_1253,0.2787,0.1602,0.0105,0.1617,0.2635,0.0431,0.0823
frame_1254,0.2664,0.1648,0.0106,0.1604,0.2645,0.0431,0.0902
frame_1255,0.2557,0.1737,0.0115,0.1601,0.2673,0.0412,0.0905
frame_1256,0.2395,0.1730,0.0145,0.1542,0.2683,0.0472,0.1033
frame_1257,0.2211,0.1919,0.0126,0.1525,0.2703,0.0434,0.1083
frame_1258,0.2146,0.1981,0.0164,0.1461,0.2704,0.0501,0.1044
frame_1259,0.2052,0.2070,0.0144,0.1435,0.2691,0.0455,0.1153
frame_1260,0.1938,0.2108,0.0186,0.1428,0.2665,0.0549,0.1126
frame_1261,0.1940,0.2300,0.0234,0.1390,0.2590,0.0495,0.1051
frame_1262,0.1973,0.2559,0.0302,0.1196,0.2479,0.0566,0.0925
frame_1263,0.1933,0.2874,0.0273,0.1110,0.2361,0.0626,0.0823
frame_1264,0.1859,0.3250,0.0255,0.1011,0.2314,0.0622,0.0689
frame_1265,0.1858,0.3554,0.0202,0.0968,0.2265,0.0611,0.0541
frame_1266,0.1909,0.3801,0.0220,0.0913,0.2168,0.0638,0.0350
frame_1267,0.1726,0.4270,0.0169,0.0850,0.2164,0.0487,0.0334
frame_1268,0.1926,0.4122,0.0192,0.0798,0.2166,0.0584,0.0212
frame_1269,0.1693,0.4414,0.0186,0.0752,0.2195,0.0589,0.0172
frame_1270,0.1861,0.4378,0.0179,0.0706,0.2194,0.0379,0.0303
frame_1271,0.1896,0.4327,0.0222,0.0675,0.2193,0.0575,0.0112
frame_1272,0.1801,0.4453,0.0234,0.0661,0.2208,0.0583,0.0060
frame_1273,0.1930,0.4422,0.0234,0.0629,0.2177,0.0550,0.0059
frame_1274,0.1933,0.4395,0.0200,0.0596,0.2240,0.0588,0.0048
frame_1275,0.1931,0.4457,0.0172,0.0569,0.2283,0.0551,0.0037
frame_1276,0.1920,0.4505,0.0135,0.0542,0.2272,0.0584,0.0042
frame_1277,0.1807,0.4592,0.0134,0.0511,0.2307,0.0623,0.0026
frame_1278,0.1938,0.4371,0.0213,0.0474,0.2311,0.0649,0.0043
frame_1279,0.1727,0.4529,0.0195,0.0480,0.2352,0.0694,0.0023
frame_1280,0.2119,0.4143,0.0209,0.0435,0.2340,0.0597,0.0156
frame_1281,0.1791,0.4531,0.0174,0.0405,0.2297,0.0762,0.0040
frame_1282,0.1596,0.4699,0.0163,0.0398,0.2360,0.0719,0.0066
frame_1283,0.2001,0.4238,0.0175,0.0373,0.2373,0.0816,0.0023
frame_1284,0.1602,0.4555,0.0154,0.0352,0.2443,0.0877,0.0015
frame_1285,0.1564,0.4676,0.0129,0.0344,0.2363,0.0889,0.0036
frame_1286,0.1549,0.4498,0.0119,0.0319,0.2553,0.0911,0.0051
frame_1287,0.1708,0.4277,0.0102,0.0303,0.2634,0.0920,0.0055
frame_1288,0.1688,0.4190,0.0102,0.0296,0.2678,0.0991,0.0056
frame_1289,0.1855,0.3899,0.0094,0.0285,0.2721,0.1110,0.0035
frame_1290,0.1778,0.4133,0.0122,0.0278,0.2765,0.0884,0.0040
frame_1291,0.2107,0.3752,0.0105,0.0269,0.2754,0.0866,0.0147
frame_1292,0.1709,0.4298,0.0126,0.0264,0.2803,0.0765,0.0035
frame_1293,0.1832,0.4298,0.0105,0.0253,0.2794,0.0643,0.0074
frame_1294,0.1910,0.4158,0.0126,0.0242,0.2819,0.0665,0.0080
frame_1295,0.1857,0.4190,0.0137,0.0237,0.2846,0.0700,0.0034
frame_1296,0.1823,0.4231,0.0161,0.0230,0.2835,0.0674,0.0046
frame_1297,0.1924,0.4139,0.0227,0.0230,0.2866,0.0607,0.0008
frame_1298,0.2047,0.3980,0.0205,0.0226,0.2851,0.0666,0.0025
frame_1299,0.1679,0.4363,0.0158,0.0215,0.2858,0.0667,0.0060
frame_1300,0.1612,0.4569,0.0144,0.0212,0.2869,0.0580,0.0015
frame_1301,0.1799,0.4390,0.0149,0.0207,0.2868,0.0573,0.0014
frame_1302,0.1639,0.4509,0.0123,0.0212,0.2901,0.0589,0.0027
frame_1303,0.1752,0.4446,0.0119,0.0204,0.2871,0.0567,0.0041
frame_1304,0.2100,0.4072,0.0132,0.0206,0.2907,0.0540,0.0043
frame_1305,0.2133,0.4100,0.0117,0.0208,0.2899,0.0509,0.0034
frame_1306,0.1802,0.4447,0.0123,0.0202,0.2882,0.0509,0.0035
frame_1307,0.2075,0.4125,0.0118,0.0199,0.2920,0.0455,0.0106
frame_1308,0.1974,0.4281,0.0154,0.0189,0.2882,0.0517,0.0003
frame_1309,0.1959,0.4233,0.0155,0.0189,0.2908,0.0523,0.0032
frame_1310,0.1105,0.5126,0.0181,0.0174,0.2890,0.0450,0.0072
frame_1311,0.1678,0.4472,0.0212,0.0173,0.2907,0.0549,0.0009
frame_1312,0.1618,0.4541,0.0194,0.0171,0.2929,0.0500,0.0047
frame_1313,0.2297,0.3930,0.0155,0.0166,0.2888,0.0425,0.0139
frame_1314,0.1357,0.4859,0.0133,0.0165,0.2903,0.0496,0.0088
frame_1315,0.2277,0.3951,0.0119,0.0163,0.2896,0.0565,0.0030
frame_1316,0.1910,0.4337,0.0105,0.0161,0.2887,0.0584,0.0016
frame_1317,0.1895,0.4344,0.0096,0.0161,0.2937,0.0552,0.0014
frame_1318,0.1968,0.4261,0.0090,0.0155,0.2945,0.0557,0.0024
frame_1319,0.2265,0.3888,0.0074,0.0156,0.2983,0.0589,0.0045
frame_1320,0.1682,0.4518,0.0057,0.0158,0.2969,0.0547,0.0068
frame_1321,0.2247,0.3967,0.0053,0.0145,0.2957,0.0591,0.0040
frame_1322,0.1035,0.5159,0.0048,0.0149,0.3007,0.0568,0.0035
frame_1323,0.1429,0.4820,0.0039,0.0138,0.2959,0.0537,0.0077
frame_1324,0.1667,0.4489,0.0043,0.0139,0.2997,0.0592,0.0072
frame_1325,0.1907,0.4211,0.0036,0.0143,0.3032,0.0537,0.0134
frame_1326,0.1914,0.4191,0.0032,0.0140,0.3010,0.0551,0.0161
frame_1327,0.1821,0.4159,0.0024,0.0146,0.3060,0.0644,0.0147
frame_1328,0.1902,0.4049,0.0028,0.0147,0.3033,0.0648,0.0193
frame_1329,0.1903,0.3998,0.0021,0.0152,0.3065,0.0661,0.0200
frame_1330,0.1932,0.4017,0.0019,0.0142,0.3035,0.0633,0.0223
frame_1331,0.1930,0.3997,0.0033,0.0137,0.3016,0.0587,0.0301
frame_1332,0.2026,0.3931,0.0010,0.0141,0.3066,0.0570,0.0256
frame_1333,0.2001,0.3989,0.0008,0.0133,0.3045,0.0520,0.0303
frame_1334,0.1979,0.3990,0.0007,0.0135,0.3067,0.0562,0.0260
frame_1335,0.1968,0.3947,0.0016,0.0142,0.3134,0.0564,0.0229
frame_1336,0.1934,0.3983,0.0004,0.0149,0.3119,0.0616,0.0195
frame_1337,0.1975,0.3916,0.0003,0.0147,0.3146,0.0615,0.0198
frame_1338,0.1939,0.3932,0.0010,0.0145,0.3151,0.0536,0.0288
frame_1339,0.1884,0.4002,0.0010,0.0144,0.3148,0.0522,0.0291
frame_1340,0.1912,0.3916,0.0014,0.0145,0.3167,0.0501,0.0345
frame_1341,0.1901,0.3964,0.0012,0.0147,0.3136,0.0554,0.0286
frame_1342,0.1894,0.3863,0.0009,0.0151,0.3180,0.0608,0.0296
frame_1343,0.2048,0.3779,0.0016,0.0149,0.3151,0.0564,0.0293
frame_1344,0.1938,0.3892,0.0016,0.0151,0.3121,0.0566,0.0317
frame_1345,0.1906,0.3910,0.0016,0.0149,0.3158,0.0563,0.0298
frame_1346,0.1925,0.3876,0.0017,0.0156,0.3129,0.0486,0.0410
frame_1347,0.1940,0.3813,0.0026,0.0161,0.3142,0.0521,0.0396
frame_1348,0.1919,0.3735,0.0023,0.0168,0.3188,0.0606,0.0361
frame_1349,0.1937,0.3713,0.0032,0.0178,0.3138,0.0609,0.0394
frame_1350,0.1961,0.3698,0.0036,0.0180,0.3158,0.0595,0.0372
frame_1351,0.1981,0.3653,0.0041,0.0189,0.3130,0.0568,0.0439
frame_1352,0.1930,0.3626,0.0054,0.0198,0.3134,0.0568,0.0489
frame_1353,0.1903,0.3589,0.0078,0.0199,0.3140,0.0575,0.0516
frame_1354,0.1833,0.3564,0.0103,0.0231,0.3095,0.0626,0.0547
frame_1355,0.1918,0.3487,0.0143,0.0199,0.3102,0.0611,0.0539
frame_1356,0.1879,0.3581,0.0164,0.0211,0.3052,0.0610,0.0504
frame_1357,0.1845,0.3551,0.0213,0.0222,0.3018,0.0599,0.0552
frame_1358,0.1813,0.3520,0.0222,0.0233,0.3015,0.0722,0.0475
frame_1359,0.1894,0.3563,0.0163,0.0261,0.2968,0.0639,0.0513
frame_1360,0.1887,0.3574,0.0156,0.0290,0.3005,0.0580,0.0508
frame_1361,0.1833,0.3631,0.0100,0.0276,0.3067,0.0536,0.0557
frame_1362,0.1846,0.3597,0.0105,0.0270,0.3060,0.0615,0.0506
frame_1363,0.1856,0.3599,0.0081,0.0233,0.3098,0.0590,0.0543
frame_1364,0.1907,0.3611,0.0051,0.0229,0.3077,0.0559,0.0565
frame_1365,0.1983,0.3500,0.0054,0.0262,0.3043,0.0583,0.0576
frame_1366,0.1902,0.3669,0.0028,0.0281,0.3016,0.0603,0.0502
frame_1367,0.1979,0.3668,0.0030,0.0306,0.2940,0.0610,0.0467
frame_1368,0.1941,0.3700,0.0029,0.0377,0.2920,0.0599,0.0434
frame_1369,0.1943,0.3746,0.0030,0.0379,0.2872,0.0657,0.0374
frame_1370,0.1973,0.3725,0.0034,0.0289,0.2830,0.0718,0.0432
frame_1371,0.1975,0.3884,0.0024,0.0227,0.2840,0.0698,0.0353
frame_1372,0.2069,0.3836,0.0015,0.0216,0.2803,0.0783,0.0279
frame_1373,0.2052,0.3756,0.0014,0.0242,0.2814,0.0887,0.0236
frame_1374,0.2082,0.3744,0.0020,0.0266,0.2824,0.0825,0.0240
frame_1375,0.2101,0.3808,0.0015,0.0256,0.2804,0.0797,0.0220
frame_1376,0.2084,0.3825,0.0010,0.0337,0.2783,0.0742,0.0219
frame_1377,0.1969,0.4039,0.0017,0.0317,0.2718,0.0708,0.0231
frame_1378,0.2097,0.3868,0.0024,0.0279,0.2763,0.0698,0.0270
frame_1379,0.2096,0.3960,0.0027,0.0267,0.2740,0.0665,0.0245
frame_1380,0.2103,0.3996,0.0008,0.0280,0.2710,0.0684,0.0219
frame_1381,0.2008,0.3977,0.0048,0.0326,0.2710,0.0634,0.0298
frame_1382,0.2015,0.4058,0.0033,0.0304,0.2703,0.0583,0.0303
frame_1383,0.1990,0.4041,0.0029,0.0314,0.2730,0.0670,0.0226
frame_1384,0.2072,0.3995,0.0001,0.0341,0.2736,0.0653,0.0202
frame_1385,0.1956,0.4052,0.0002,0.0361,0.2700,0.0668,0.0261
frame_1386,0.1964,0.3967,0.0007,0.0382,0.2730,0.0650,0.0300
frame_1387,0.2060,0.3920,0.0006,0.0417,0.2726,0.0617,0.0252
frame_1388,0.2036,0.3903,0.0009,0.0438,0.2729,0.0648,0.0238
frame_1389,0.2147,0.3784,0.0013,0.0472,0.2743,0.0620,0.0222
frame_1390,0.2178,0.3687,0.0015,0.0533,0.2698,0.0675,0.0215
frame_1391,0.2104,0.3680,0.0009,0.0637,0.2681,0.0706,0.0183
frame_1392,0.2059,0.3598,0.0003,0.0789,0.2623,0.0732,0.0194
frame_1393,0.2001,0.3545,0.0007,0.0901,0.2623,0.0722,0.0201
frame_1394,0.2129,0.3261,0.0003,0.1137,0.2619,0.0664,0.0186
frame_1395,0.2084,0.2940,0.0026,0.1346,0.2584,0.0742,0.0277
frame_1396,0.2098,0.2791,0.0035,0.1525,0.2557,0.0734,0.0259
frame_1397,0.2143,0.2675,0.0032,0.1665,0.2547,0.0696,0.0241
frame_1398,0.2147,0.2648,0.0028,0.1734,0.2495,0.0709,0.0239
frame_1399,0.2085,0.2597,0.0058,0.1946,0.2381,0.0705,0.0228
frame_1400,0.2263,0.2403,0.0079,0.1880,0.2427,0.0702,0.0246
frame_1401,0.2165,0.2500,0.0079,0.1929,0.2415,0.0688,0.0224
frame_1402,0.2027,0.2637,0.0017,0.1920,0.2444,0.0807,0.0149
frame_1403,0.2098,0.2596,0.0013,0.1916,0.2422,0.0830,0.0125
frame_1404,0.1978,0.2760,0.0027,0.1944,0.2438,0.0785,0.0067
frame_1405,0.2048,0.2716,0.0008,0.1977,0.2449,0.0717,0.0085
frame_1406,0.2112,0.2652,0.0008,0.1931,0.2438,0.0786,0.0073
frame_1407,0.1262,0.3524,0.0002,0.1998,0.2430,0.0754,0.0031
frame_1408,0.1008,0.3726,0.0013,0.2040,0.2410,0.0728,0.0075
frame_1409,0.2344,0.2346,0.0020,0.2054,0.2407,0.0737,0.0092
frame_1410,0.2005,0.2765,0.0036,0.2074,0.2421,0.0659,0.0041
frame_1411,0.1015,0.3692,0.0041,0.2081,0.2406,0.0675,0.0089
frame_1412,0.1926,0.2720,0.0045,0.2261,0.2251,0.0731,0.0067
frame_1413,0.2181,0.2435,0.0092,0.2245,0.2289,0.0695,0.0062
frame_1414,0.1910,0.2582,0.0122,0.2216,0.2416,0.0716,0.0038
frame_1415,0.2162,0.2436,0.0058,0.2142,0.2428,0.0661,0.0114
frame_1416,0.2277,0.2377,0.0053,0.2113,0.2413,0.0660,0.0107
frame_1417,0.1614,0.3019,0.0043,0.2154,0.2437,0.0701,0.0031
frame_1418,0.1741,0.2925,0.0029,0.2131,0.2456,0.0692,0.0025
frame_1419,0.1109,0.3549,0.0090,0.2057,0.2452,0.0716,0.0027
frame_1420,0.1870,0.2855,0.0047,0.2039,0.2448,0.0725,0.0017
frame_1421,0.1921,0.2791,0.0048,0.1971,0.2422,0.0822,0.0024
frame_1422,0.2146,0.2530,0.0074,0.1931,0.2424,0.0827,0.0069
frame_1423,0.2046,0.2547,0.0047,0.1874,0.2443,0.0973,0.0068
frame_1424,0.1894,0.2681,0.0033,0.1801,0.2437,0.1058,0.0095
frame_1425,0.1959,0.2516,0.0054,0.1796,0.2448,0.1023,0.0203
frame_1426,0.2061,0.2482,0.0053,0.1757,0.2439,0.0978,0.0230
frame_1427,0.1960,0.2682,0.0040,0.1824,0.2426,0.0871,0.0197
frame_1428,0.1632,0.3053,0.0026,0.1902,0.2442,0.0851,0.0095
frame_1429,0.2149,0.2624,0.0035,0.1923,0.2420,0.0754,0.0094
frame_1430,0.2264,0.2573,0.0027,0.1784,0.2443,0.0764,0.0145
frame_1431,0.1156,0.3746,0.0048,0.1745,0.2479,0.0716,0.0110
frame_1432,0.2473,0.2326,0.0095,0.1703,0.2475,0.0739,0.0189
frame_1433,0.2511,0.2295,0.0075,0.1703,0.2493,0.0680,0.0244
frame_1434,0.2559,0.2370,0.0066,0.1685,0.2489,0.0610,0.0222
frame_1435,0.2477,0.2264,0.0080,0.1705,0.2493,0.0649,0.0331
frame_1436,0.2503,0.2195,0.0096,0.1739,0.2479,0.0617,0.0370
frame_1437,0.2555,0.2141,0.0097,0.1753,0.2473,0.0571,0.0411
frame_1438,0.2546,0.2032,0.0061,0.1785,0.2465,0.0576,0.0535
frame_1439,0.2629,0.2012,0.0066,0.1853,0.2434,0.0541,0.0466
frame_1440,0.2685,0.1951,0.0063,0.1869,0.2420,0.0528,0.0484
frame_1441,0.2847,0.1856,0.0086,0.1949,0.2388,0.0509,0.0365
frame_1442,0.2872,0.1764,0.0074,0.2005,0.2381,0.0552,0.0353
frame_1443,0.2946,0.1824,0.0090,0.2061,0.2354,0.0519,0.0206
frame_1444,0.3050,0.1603,0.0086,0.2123,0.2318,0.0496,0.0324
frame_1445,0.3017,0.1562,0.0076,0.2224,0.2270,0.0510,0.0341
frame_1446,0.3120,0.1526,0.0092,0.2293,0.2204,0.0510,0.0255
frame_1447,0.3088,0.1569,0.0090,0.2380,0.2137,0.0474,0.0263
frame_1448,0.3030,0.1516,0.0144,0.2475,0.2060,0.0505,0.0271
frame_1449,0.2975,0.1517,0.0154,0.2548,0.1983,0.0505,0.0318
frame_1450,0.2770,0.1808,0.0196,0.2599,0.1884,0.0485,0.0260
frame_1451,0.2593,0.1950,0.0201,0.2690,0.1776,0.0483,0.0307
frame_1452,0.2261,0.2003,0.0272,0.2849,0.1677,0.0567,0.0371
frame_1453,0.2415,0.1725,0.0195,0.3072,0.1589,0.0562,0.0442
frame_1454,0.2303,0.1793,0.0135,0.3241,0.1500,0.0528,0.0500
frame_1455,0.2310,0.2033,0.0157,0.3283,0.1419,0.0487,0.0310
frame_1456,0.2336,0.1980,0.0119,0.3265,0.1342,0.0672,0.0287
frame_1457,0.2431,0.1808,0.0125,0.3258,0.1261,0.0754,0.0364
frame_1458,0.2536,0.1847,0.0089,0.3231,0.1172,0.0830,0.0294
frame_1459,0.2614,0.1836,0.0097,0.3298,0.1112,0.0760,0.0284
frame_1460,0.2624,0.1794,0.0206,0.3332,0.1069,0.0642,0.0334
frame_1461,0.2610,0.1958,0.0129,0.3359,0.0998,0.0574,0.0373
frame_1462,0.2582,0.2005,0.0126,0.3332,0.0909,0.0562,0.0484
frame_1463,0.2720,0.1969,0.0181,0.3280,0.0860,0.0586,0.0404
frame_1464,0.2765,0.2007,0.0154,0.3318,0.0829,0.0577,0.0350
frame_1465,0.2913,0.1989,0.0142,0.3334,0.0770,0.0526,0.0326
frame_1466,0.3001,0.2035,0.0124,0.3366,0.0684,0.0498,0.0292
frame_1467,0.3071,0.2011,0.0107,0.3397,0.0694,0.0453,0.0267
frame_1468,0.2359,0.2731,0.0092,0.3418,0.0647,0.0514,0.0239
frame_1469,0.2418,0.2613,0.0103,0.3447,0.0624,0.0581,0.0215
frame_1470,0.2318,0.2725,0.0112,0.3451,0.0586,0.0608,0.0200
frame_1471,0.2323,0.2653,0.0128,0.3504,0.0544,0.0657,0.0192
frame_1472,0.2492,0.2354,0.0181,0.3538,0.0528,0.0730,0.0177
frame_1473,0.2981,0.1917,0.0167,0.3566,0.0505,0.0694,0.0170
frame_1474,0.2984,0.1889,0.0166,0.3629,0.0482,0.0697,0.0152
frame_1475,0.2567,0.2307,0.0120,0.3627,0.0466,0.0779,0.0133
frame_1476,0.2844,0.1957,0.0064,0.3628,0.0480,0.0790,0.0237
frame_1477,0.2408,0.2237,0.0063,0.3599,0.0484,0.0935,0.0276
frame_1478,0.2055,0.2553,0.0053,0.3660,0.0472,0.0986,0.0220
frame_1479,0.2597,0.2121,0.0055,0.3700,0.0473,0.0922,0.0132
frame_1480,0.2708,0.1843,0.0062,0.3741,0.0479,0.0955,0.0214
frame_1481,0.2271,0.2320,0.0118,0.3779,0.0478,0.0930,0.0105
frame_1482,0.2652,0.1850,0.0102,0.3848,0.0481,0.0959,0.0107
frame_1483,0.2730,0.1814,0.0098,0.3880,0.0496,0.0871,0.0111
frame_1484,0.2830,0.1904,0.0027,0.3872,0.0513,0.0666,0.0188
frame_1485,0.2863,0.1910,0.0077,0.3810,0.0538,0.0693,0.0108
frame_1486,0.2887,0.1892,0.0049,0.3787,0.0569,0.0700,0.0116
frame_1487,0.3016,0.1801,0.0037,0.3720,0.0605,0.0691,0.0130
frame_1488,0.3030,0.1828,0.0036,0.3661,0.0649,0.0680,0.0116
frame_1489,0.2981,0.1877,0.0032,0.3655,0.0688,0.0677,0.0091
frame_1490,0.3029,0.1844,0.0029,0.3624,0.0729,0.0655,0.0089
frame_1491,0.3018,0.1831,0.0022,0.3588,0.0781,0.0662,0.0098
frame_1492,0.2992,0.1789,0.0034,0.3484,0.0857,0.0677,0.0167
frame_1493,0.2988,0.1942,0.0024,0.3418,0.0903,0.0667,0.0058
frame_1494,0.3075,0.1922,0.0017,0.3338,0.0933,0.0647,0.0067
frame_1495,0.3058,0.1968,0.0033,0.3273,0.0979,0.0619,0.0071
frame_1496,0.3063,0.1967,0.0019,0.3253,0.1021,0.0600,0.0077
frame_1497,0.3111,0.1896,0.0049,0.3260,0.1060,0.0552,0.0071
frame_1498,0.3022,0.1931,0.0040,0.3279,0.1075,0.0580,0.0074
frame_1499,0.3136,0.1787,0.0033,0.3314,0.1072,0.0578,0.0081
frame_1500,0.3147,0.1788,0.0032,0.3330,0.1068,0.0564,0.0071
frame_1501,0.3093,0.1909,0.0033,0.3226,0.1059,0.0617,0.0062
frame_1502,0.3024,0.1948,0.0033,0.3218,0.1060,0.0632,0.0085
frame_1503,0.3146,0.1973,0.0021,0.3165,0.1039,0.0586,0.0071
frame_1504,0.3100,0.2002,0.0034,0.3157,0.1028,0.0593,0.0086
frame_1505,0.2913,0.2126,0.0028,0.3163,0.0997,0.0685,0.0089
frame_1506,0.2964,0.2167,0.0026,0.3086,0.0927,0.0735,0.0093
frame_1507,0.2828,0.2246,0.0039,0.3071,0.0947,0.0774,0.0095
frame_1508,0.2647,0.2417,0.0022,0.3024,0.0898,0.0875,0.0116
frame_1509,0.2411,0.2628,0.0049,0.3058,0.0868,0.0811,0.0174
frame_1510,0.2869,0.2358,0.0026,0.3065,0.0841,0.0698,0.0142
frame_1511,0.2817,0.2450,0.0029,0.3078,0.0804,0.0647,0.0175
frame_1512,0.2730,0.2482,0.0022,0.3138,0.0797,0.0664,0.0167
frame_1513,0.2777,0.2375,0.0045,0.3120,0.0782,0.0678,0.0224
frame_1514,0.2769,0.2365,0.0073,0.3108,0.0780,0.0664,0.0241
frame_1515,0.2853,0.2359,0.0050,0.3096,0.0755,0.0623,0.0264
frame_1516,0.2842,0.2358,0.0039,0.3100,0.0784,0.0638,0.0238
frame_1517,0.2786,0.2678,0.0047,0.3123,0.0522,0.0585,0.0258
frame_1518,0.2854,0.2373,0.0053,0.3096,0.0790,0.0598,0.0236
frame_1519,0.2824,0.2440,0.0012,0.3097,0.0805,0.0567,0.0256
frame_1520,0.2770,0.2375,0.0034,0.3104,0.0805,0.0549,0.0363
frame_1521,0.2738,0.2176,0.0043,0.3099,0.0816,0.0592,0.0536
frame_1522,0.2850,0.2479,0.0052,0.3102,0.0685,0.0566,0.0266
frame_1523,0.2774,0.2458,0.0013,0.3094,0.0816,0.0582,0.0262
frame_1524,0.2913,0.2331,0.0032,0.3102,0.0770,0.0641,0.0210
frame_1525,0.2770,0.2463,0.0048,0.3033,0.0806,0.0578,0.0302
frame_1526,0.2711,0.2706,0.0035,0.2888,0.0856,0.0615,0.0189
frame_1527,0.2817,0.2581,0.0029,0.2914,0.0927,0.0548,0.0183
frame_1528,0.2858,0.2526,0.0021,0.2866,0.0923,0.0581,0.0226
frame_1529,0.2916,0.2433,0.0073,0.2895,0.0917,0.0582,0.0185
frame_1530,0.2953,0.2515,0.0020,0.2911,0.0912,0.0571,0.0118
frame_1531,0.2754,0.2337,0.0018,0.2917,0.0881,0.0534,0.0559
frame_1532,0.2668,0.2898,0.0014,0.2932,0.0847,0.0509,0.0131
frame_1533,0.2720,0.2847,0.0041,0.2921,0.0838,0.0502,0.0131
frame_1534,0.2746,0.2894,0.0018,0.2918,0.0824,0.0476,0.0124
frame_1535,0.2652,0.2948,0.0024,0.2950,0.0797,0.0474,0.0155
frame_1536,0.2799,0.2797,0.0015,0.3000,0.0778,0.0473,0.0139
frame_1537,0.2766,0.2786,0.0033,0.3012,0.0748,0.0467,0.0188
frame_1538,0.2388,0.3239,0.0010,0.3030,0.0709,0.0491,0.0134
frame_1539,0.2843,0.2715,0.0047,0.3070,0.0692,0.0481,0.0151
frame_1540,0.2819,0.2765,0.0047,0.3053,0.0677,0.0445,0.0193
frame_1541,0.2827,0.2813,0.0025,0.3015,0.0649,0.0487,0.0183
frame_1542,0.2856,0.2847,0.0008,0.2968,0.0655,0.0477,0.0190
frame_1543,0.2826,0.2889,0.0017,0.2956,0.0673,0.0483,0.0155
frame_1544,0.2741,0.2971,0.0036,0.2927,0.0665,0.0527,0.0134
frame_1545,0.2756,0.2955,0.0014,0.2948,0.0672,0.0535,0.0119
frame_1546,0.2673,0.2936,0.0040,0.2957,0.0651,0.0588,0.0154
frame_1547,0.2335,0.3295,0.0057,0.3008,0.0661,0.0577,0.0067
frame_1548,0.2251,0.3294,0.0048,0.2990,0.0705,0.0578,0.0134
frame_1549,0.1973,0.3596,0.0032,0.3011,0.0689,0.0613,0.0087
frame_1550,0.2681,0.2927,0.0041,0.3067,0.0599,0.0570,0.0115
frame_1551,0.2724,0.2668,0.0039,0.3082,0.0659,0.0607,0.0221
frame_1552,0.2571,0.2876,0.0048,0.3140,0.0596,0.0654,0.0114
frame_1553,0.2728,0.2732,0.0060,0.3166,0.0591,0.0553,0.0170
frame_1554,0.2792,0.2699,0.0064,0.3225,0.0565,0.0518,0.0137
frame_1555,0.1563,0.3859,0.0058,0.3257,0.0549,0.0548,0.0166
frame_1556,0.2063,0.3268,0.0054,0.3296,0.0502,0.0563,0.0254
frame_1557,0.2679,0.2526,0.0067,0.3301,0.0514,0.0599,0.0313
frame_1558,0.2601,0.2632,0.0070,0.3319,0.0435,0.0590,0.0354
frame_1559,0.2566,0.2729,0.0046,0.3290,0.0362,0.0603,0.0403
frame_1560,0.2430,0.2622,0.0062,0.3257,0.0483,0.0573,0.0572
frame_1561,0.2336,0.2791,0.0062,0.3276,0.0334,0.0631,0.0570
frame_1562,0.2258,0.2846,0.0067,0.3278,0.0379,0.0808,0.0363
frame_1563,0.2315,0.2750,0.0062,0.3304,0.0479,0.0784,0.0306
frame_1564,0.1641,0.3430,0.0072,0.3271,0.0468,0.0870,0.0248
frame_1565,0.1823,0.3414,0.0077,0.3224,0.0481,0.0777,0.0205
frame_1566,0.1201,0.4153,0.0028,0.3248,0.0465,0.0660,0.0245
frame_1567,0.1337,0.4047,0.0046,0.3209,0.0458,0.0703,0.0200
frame_1568,0.1490,0.3859,0.0033,0.3224,0.0483,0.0671,0.0240
frame_1569,0.1373,0.3972,0.0042,0.3249,0.0485,0.0643,0.0236
frame_1570,0.1661,0.3669,0.0048,0.3261,0.0479,0.0639,0.0244
frame_1571,0.2046,0.3207,0.0010,0.3344,0.0452,0.0638,0.0303
frame_1572,0.2540,0.2668,0.0015,0.3371,0.0454,0.0622,0.0329
frame_1573,0.1856,0.3319,0.0034,0.3363,0.0460,0.0604,0.0365
frame_1574,0.2070,0.3102,0.0026,0.3339,0.0451,0.0617,0.0396
frame_1575,0.2249,0.2875,0.0029,0.3284,0.0436,0.0676,0.0452
frame_1576,0.2042,0.2784,0.0140,0.3277,0.0442,0.0731,0.0584
frame_1577,0.2146,0.2978,0.0029,0.3270,0.0433,0.0612,0.0532
frame_1578,0.2215,0.2765,0.0068,0.3264,0.0479,0.0596,0.0613
frame_1579,0.2296,0.2636,0.0057,0.3271,0.0502,0.0639,0.0598
frame_1580,0.2305,0.2639,0.0065,0.3285,0.0482,0.0593,0.0630
frame_1581,0.2246,0.2898,0.0033,0.3379,0.0491,0.0552,0.0401
frame_1582,0.2385,0.2707,0.0023,0.3334,0.0492,0.0608,0.0451
frame_1583,0.2263,0.2765,0.0038,0.3413,0.0456,0.0536,0.0529
frame_1584,0.1774,0.3241,0.0090,0.3450,0.0445,0.0584,0.0417
frame_1585,0.2154,0.2783,0.0092,0.3555,0.0389,0.0546,0.0480
frame_1586,0.1663,0.3273,0.0060,0.3703,0.0313,0.0518,0.0471
frame_1587,0.1478,0.3579,0.0057,0.3768,0.0276,0.0497,0.0344
frame_1588,0.1369,0.3681,0.0054,0.3899,0.0195,0.0504,0.0298
frame_1589,0.1506,0.3458,0.0044,0.4054,0.0145,0.0509,0.0284
frame_1590,0.2619,0.2380,0.0092,0.4067,0.0109,0.0474,0.0259
frame_1591,0.1910,0.3021,0.0092,0.4105,0.0082,0.0536,0.0253
frame_1592,0.2088,0.2921,0.0091,0.4170,0.0067,0.0500,0.0164
frame_1593,0.2662,0.2340,0.0045,0.4189,0.0054,0.0481,0.0229
frame_1594,0.1518,0.3332,0.0041,0.4193,0.0049,0.0610,0.0255
frame_1595,0.1697,0.3238,0.0059,0.4212,0.0038,0.0599,0.0156
frame_1596,0.2576,0.2569,0.0041,0.4084,0.0029,0.0630,0.0071
frame_1597,0.2569,0.2593,0.0037,0.4032,0.0022,0.0630,0.0118
frame_1598,0.2598,0.2665,0.0055,0.3931,0.0023,0.0675,0.0054
frame_1599,0.2527,0.2689,0.0088,0.3946,0.0036,0.0625,0.0089
frame_1600,0.2416,0.2932,0.0070,0.3879,0.0039,0.0629,0.0036
frame_1601,0.1649,0.3651,0.0109,0.3924,0.0016,0.0631,0.0021
frame_1602,0.2456,0.2760,0.0080,0.4072,0.0006,0.0594,0.0031
frame_1603,0.1401,0.3807,0.0068,0.4135,0.0003,0.0564,0.0022
frame_1604,0.1335,0.3867,0.0080,0.4108,0.0000,0.0586,0.0025
frame_1605,0.1356,0.3981,0.0054,0.4045,0.0001,0.0499,0.0065
frame_1606,0.1353,0.3988,0.0048,0.4036,0.0000,0.0519,0.0057
frame_1607,0.1420,0.3920,0.0087,0.3999,0.0002,0.0495,0.0076
frame_1608,0.1399,0.3916,0.0031,0.4100,0.0006,0.0517,0.0033
frame_1609,0.1370,0.3928,0.0026,0.4117,0.0013,0.0516,0.0029
frame_1610,0.1315,0.4004,0.0022,0.4074,0.0011,0.0489,0.0085
frame_1611,0.1237,0.4003,0.0022,0.4018,0.0028,0.0589,0.0103
frame_1612,0.1169,0.4015,0.0020,0.3988,0.0021,0.0577,0.0209
frame_1613,0.1483,0.3811,0.0017,0.3957,0.0024,0.0615,0.0091
frame_1614,0.1868,0.3311,0.0023,0.4054,0.0045,0.0640,0.0058
frame_1615,0.1689,0.3450,0.0053,0.4078,0.0047,0.0589,0.0093
frame_1616,0.1241,0.3867,0.0033,0.4115,0.0081,0.0602,0.0062
frame_1617,0.1305,0.3760,0.0017,0.3949,0.0085,0.0657,0.0227
frame_1618,0.1175,0.4084,0.0018,0.3936,0.0092,0.0622,0.0073
frame_1619,0.1955,0.3239,0.0013,0.3898,0.0104,0.0629,0.0162
frame_1620,0.1800,0.3333,0.0020,0.3807,0.0119,0.0752,0.0169
frame_1621,0.1258,0.4130,0.0009,0.3824,0.0100,0.0564,0.0116
frame_1622,0.2133,0.3075,0.0012,0.3767,0.0121,0.0794,0.0098
frame_1623,0.2401,0.2604,0.0018,0.3868,0.0139,0.0784,0.0187
frame_1624,0.1925,0.2860,0.0017,0.4026,0.0134,0.0718,0.0320
frame_1625,0.1779,0.3301,0.0012,0.4048,0.0010,0.0659,0.0191
frame_1626,0.2431,0.2609,0.0017,0.3926,0.0150,0.0645,0.0223
frame_1627,0.1653,0.3543,0.0013,0.3822,0.0140,0.0640,0.0189
frame_1628,0.1666,0.3652,0.0027,0.3799,0.0038,0.0613,0.0205
frame_1629,0.2354,0.2895,0.0030,0.3858,0.0037,0.0655,0.0170
frame_1630,0.1565,0.3658,0.0028,0.3936,0.0035,0.0661,0.0118
frame_1631,0.1669,0.3617,0.0042,0.3980,0.0020,0.0579,0.0094
frame_1632,0.1414,0.3653,0.0048,0.4126,0.0023,0.0616,0.0120
frame_1633,0.1579,0.3605,0.0070,0.3993,0.0021,0.0641,0.0091
frame_1634,0.1421,0.3842,0.0068,0.3949,0.0019,0.0620,0.0081
frame_1635,0.2825,0.2533,0.0047,0.3850,0.0021,0.0624,0.0100
frame_1636,0.2757,0.2688,0.0061,0.3729,0.0021,0.0633,0.0111
frame_1637,0.1974,0.3460,0.0062,0.3670,0.0019,0.0650,0.0165
frame_1638,0.2682,0.2744,0.0093,0.3685,0.0037,0.0604,0.0155
frame_1639,0.1628,0.3730,0.0087,0.3685,0.0034,0.0656,0.0179
frame_1640,0.1399,0.4029,0.0088,0.3690,0.0052,0.0592,0.0149
frame_1641,0.2447,0.2872,0.0142,0.3689,0.0055,0.0604,0.0190
frame_1642,0.2531,0.2633,0.0081,0.3682,0.0060,0.0667,0.0346
frame_1643,0.2579,0.2544,0.0078,0.3695,0.0061,0.0665,0.0378
frame_1644,0.2595,0.2476,0.0318,0.3668,0.0090,0.0577,0.0276
frame_1645,0.2509,0.2432,0.0326,0.3687,0.0104,0.0648,0.0293
frame_1646,0.2507,0.2353,0.0178,0.3669,0.0134,0.0663,0.0496
frame_1647,0.2426,0.2553,0.0211,0.3683,0.0127,0.0714,0.0286
frame_1648,0.2363,0.2552,0.0153,0.3697,0.0108,0.0648,0.0479
frame_1649,0.2392,0.2223,0.0215,0.3735,0.0141,0.0681,0.0614
frame_1650,0.2591,0.2240,0.0203,0.3843,0.0141,0.0652,0.0330
frame_1651,0.2457,0.2336,0.0180,0.3797,0.0141,0.0762,0.0326
frame_1652,0.2442,0.2454,0.0149,0.3682,0.0166,0.0765,0.0341
frame_1653,0.2565,0.2475,0.0209,0.3602,0.0168,0.0612,0.0369
frame_1654,0.2658,0.2367,0.0259,0.3521,0.0209,0.0642,0.0344
frame_1655,0.2645,0.2418,0.0196,0.3560,0.0195,0.0691,0.0294
frame_1656,0.2679,0.2412,0.0127,0.3638,0.0190,0.0728,0.0226
frame_1657,0.2219,0.2954,0.0082,0.3645,0.0218,0.0678,0.0205
frame_1658,0.2533,0.2659,0.0089,0.3670,0.0225,0.0682,0.0143
frame_1659,0.2285,0.3039,0.0081,0.3675,0.0129,0.0675,0.0115
frame_1660,0.1762,0.3688,0.0050,0.3643,0.0115,0.0676,0.0065
frame_1661,0.1689,0.3655,0.0045,0.3706,0.0170,0.0671,0.0065
frame_1662,0.2767,0.2537,0.0028,0.3768,0.0174,0.0676,0.0049
frame_1663,0.1690,0.3671,0.0041,0.3774,0.0152,0.0604,0.0069
frame_1664,0.1739,0.3654,0.0030,0.3754,0.0163,0.0603,0.0058
frame_1665,0.2341,0.3104,0.0027,0.3682,0.0153,0.0624,0.0070
frame_1666,0.2444,0.3134,0.0025,0.3576,0.0187,0.0581,0.0052
frame_1667,0.2397,0.3220,0.0016,0.3504,0.0243,0.0581,0.0040
frame_1668,0.2711,0.2836,0.0024,0.3449,0.0329,0.0616,0.0035
frame_1669,0.2123,0.3453,0.0016,0.3392,0.0413,0.0579,0.0023
frame_1670,0.2875,0.2646,0.0022,0.3374,0.0523,0.0540,0.0020
frame_1671,0.2876,0.2623,0.0024,0.3223,0.0597,0.0598,0.0058
frame_1672,0.2921,0.2666,0.0024,0.3062,0.0700,0.0555,0.0072
frame_1673,0.2951,0.2801,0.0026,0.2838,0.0783,0.0562,0.0040
frame_1674,0.3000,0.2672,0.0033,0.2815,0.0895,0.0555,0.0030
frame_1675,0.2967,0.2697,0.0012,0.2753,0.0953,0.0592,0.0025
frame_1676,0.2860,0.2720,0.0024,0.2687,0.1003,0.0597,0.0110
frame_1677,0.3022,0.2689,0.0018,0.2602,0.1066,0.0559,0.0044
frame_1678,0.2936,0.2719,0.0025,0.2567,0.1117,0.0589,0.0047
frame_1679,0.2921,0.2719,0.0032,0.2545,0.1165,0.0563,0.0055
frame_1680,0.2954,0.2712,0.0024,0.2482,0.1203,0.0565,0.0061
frame_1681,0.2955,0.2615,0.0023,0.2496,0.1236,0.0605,0.0070
frame_1682,0.2992,0.2650,0.0020,0.2438,0.1268,0.0497,0.0134
frame_1683,0.3025,0.2540,0.0034,0.2445,0.1277,0.0551,0.0127
frame_1684,0.2870,0.2631,0.0037,0.2426,0.1278,0.0619,0.0139
frame_1685,0.2873,0.2612,0.0061,0.2439,0.1280,0.0599,0.0136
frame_1686,0.3045,0.2431,0.0045,0.2460,0.1274,0.0603,0.0141
frame_1687,0.3063,0.2261,0.0086,0.2566,0.1240,0.0606,0.0177
frame_1688,0.2843,0.2420,0.0119,0.2623,0.1197,0.0608,0.0190
frame_1689,0.3069,0.2240,0.0071,0.2611,0.1225,0.0569,0.0214
frame_1690,0.2863,0.2317,0.0042,0.2690,0.1207,0.0556,0.0326
frame_1691,0.3079,0.2012,0.0042,0.2745,0.1178,0.0602,0.0341
frame_1692,0.3114,0.1932,0.0087,0.2871,0.1145,0.0604,0.0246
frame_1693,0.3105,0.1855,0.0079,0.2949,0.1091,0.0586,0.0335
frame_1694,0.3092,0.1754,0.0076,0.3086,0.1006,0.0659,0.0327
frame_1695,0.3151,0.1710,0.0074,0.3198,0.0914,0.0590,0.0363
frame_1696,0.2314,0.2413,0.0070,0.3341,0.0824,0.0664,0.0374
frame_1697,0.2012,0.2629,0.0068,0.3436,0.0752,0.0788,0.0314
frame_1698,0.3031,0.1568,0.0084,0.3543,0.0683,0.0600,0.0490
frame_1699,0.2166,0.2337,0.0089,0.3617,0.0628,0.0741,0.0422
frame_1700,0.1799,0.2603,0.0083,0.3715,0.0561,0.0646,0.0594
frame_1701,0.1810,0.2661,0.0117,0.3781,0.0502,0.0673,0.0456
frame_1702,0.1757,0.2676,0.0094,0.3861,0.0434,0.0631,0.0547
frame_1703,0.1870,0.2630,0.0098,0.3941,0.0369,0.0648,0.0444
frame_1704,0.1842,0.2742,0.0084,0.3987,0.0334,0.0704,0.0307
frame_1705,0.2573,0.2064,0.0065,0.4049,0.0298,0.0603,0.0349
frame_1706,0.2492,0.2169,0.0053,0.4097,0.0289,0.0521,0.0378
frame_1707,0.3091,0.1688,0.0069,0.4065,0.0295,0.0521,0.0271
frame_1708,0.1965,0.2920,0.0042,0.4061,0.0282,0.0512,0.0217
frame_1709,0.1978,0.2877,0.0065,0.4136,0.0285,0.0467,0.0193
frame_1710,0.2957,0.1930,0.0048,0.4117,0.0298,0.0444,0.0206
frame_1711,0.2072,0.2849,0.0034,0.4078,0.0317,0.0445,0.0206
frame_1712,0.1820,0.3085,0.0036,0.4097,0.0347,0.0463,0.0153
frame_1713,0.1734,0.3205,0.0039,0.4023,0.0373,0.0461,0.0166
frame_1714,0.1818,0.3173,0.0025,0.3951,0.0393,0.0499,0.0141
frame_1715,0.1864,0.3117,0.0033,0.3939,0.0399,0.0547,0.0102
frame_1716,0.3062,0.1918,0.0039,0.3972,0.0382,0.0504,0.0124
frame_1717,0.3012,0.2044,0.0026,0.3906,0.0362,0.0538,0.0111
frame_1718,0.1726,0.3298,0.0043,0.3976,0.0299,0.0548,0.0111
frame_1719,0.3028,0.1979,0.0034,0.4041,0.0234,0.0561,0.0124
frame_1720,0.1721,0.3207,0.0010,0.4127,0.0171,0.0661,0.0103
frame_1721,0.1731,0.3208,0.0012,0.4145,0.0155,0.0641,0.0107
frame_1722,0.1723,0.3206,0.0019,0.4179,0.0142,0.0650,0.0080
frame_1723,0.1693,0.3129,0.0008,0.4270,0.0138,0.0635,0.0127
frame_1724,0.1773,0.3049,0.0005,0.4268,0.0141,0.0644,0.0120
frame_1725,0.1708,0.2993,0.0003,0.4353,0.0146,0.0643,0.0154
frame_1726,0.1732,0.2956,0.0003,0.4418,0.0154,0.0629,0.0108
frame_1727,0.1686,0.3012,0.0001,0.4409,0.0160,0.0640,0.0092
frame_1728,0.1641,0.3087,0.0005,0.4337,0.0186,0.0649,0.0096
frame_1729,0.1582,0.3136,0.0005,0.4324,0.0206,0.0673,0.0074
frame_1730,0.1486,0.3232,0.0009,0.4302,0.0186,0.0694,0.0092
frame_1731,0.1431,0.3282,0.0008,0.4290,0.0176,0.0660,0.0153
frame_1732,0.1509,0.3131,0.0010,0.4312,0.0190,0.0725,0.0122
frame_1733,0.1369,0.3247,0.0013,0.4285,0.0208,0.0659,0.0218
frame_1734,0.1457,0.3117,0.0012,0.4296,0.0197,0.0647,0.0275
frame_1735,0.1417,0.3127,0.0015,0.4270,0.0211,0.0698,0.0262
frame_1736,0.1497,0.3044,0.0019,0.4263,0.0219,0.0688,0.0270
frame_1737,0.2425,0.2101,0.0013,0.4251,0.0193,0.0726,0.0291
frame_1738,0.1723,0.2886,0.0004,0.4272,0.0180,0.0824,0.0111
frame_1739,0.1369,0.3263,0.0017,0.4279,0.0138,0.0738,0.0196
frame_1740,0.1382,0.3216,0.0017,0.4373,0.0121,0.0678,0.0214
frame_1741,0.1413,0.3250,0.0018,0.4444,0.0092,0.0623,0.0160
frame_1742,0.1199,0.3467,0.0025,0.4442,0.0093,0.0589,0.0184
frame_1743,0.1706,0.3059,0.0027,0.4322,0.0081,0.0566,0.0239
frame_1744,0.1120,0.3748,0.0040,0.4181,0.0095,0.0518,0.0300
frame_1745,0.1073,0.3940,0.0027,0.4090,0.0076,0.0611,0.0183
frame_1746,0.2294,0.2864,0.0028,0.3995,0.0066,0.0592,0.0161
frame_1747,0.1014,0.4191,0.0019,0.3951,0.0095,0.0617,0.0112
frame_1748,0.2352,0.2965,0.0002,0.3884,0.0092,0.0554,0.0151
frame_1749,0.2241,0.3213,0.0007,0.3776,0.0090,0.0478,0.0195
frame_1750,0.2310,0.3204,0.0002,0.3681,0.0100,0.0581,0.0122
frame_1751,0.2235,0.3411,0.0005,0.3527,0.0119,0.0585,0.0118
frame_1752,0.2148,0.3450,0.0048,0.3464,0.0094,0.0637,0.0158
frame_1753,0.2331,0.3175,0.0031,0.3476,0.0155,0.0621,0.0211
frame_1754,0.2250,0.3267,0.0013,0.3493,0.0148,0.0627,0.0202
frame_1755,0.2273,0.3085,0.0005,0.3552,0.0187,0.0754,0.0143
frame_1756,0.2294,0.2923,0.0003,0.3608,0.0201,0.0749,0.0223
frame_1757,0.2263,0.2942,0.0009,0.3578,0.0201,0.0781,0.0225
frame_1758,0.2196,0.2877,0.0012,0.3663,0.0186,0.0768,0.0297
frame_1759,0.2244,0.2786,0.0009,0.3669,0.0196,0.0814,0.0283
frame_1760,0.1867,0.3024,0.0022,0.3722,0.0187,0.0858,0.0320
frame_1761,0.2259,0.2625,0.0015,0.3743,0.0186,0.0845,0.0327
frame_1762,0.1444,0.3433,0.0027,0.3811,0.0173,0.0841,0.0271
frame_1763,0.1432,0.3479,0.0022,0.3816,0.0166,0.0877,0.0210
frame_1764,0.1900,0.2952,0.0019,0.3847,0.0170,0.0790,0.0322
frame_1765,0.1311,0.3500,0.0032,0.3904,0.0156,0.0863,0.0234
frame_1766,0.1240,0.3579,0.0028,0.3918,0.0170,0.0804,0.0262
frame_1767,0.2406,0.2385,0.0033,0.3956,0.0192,0.0787,0.0241
frame_1768,0.1556,0.3217,0.0034,0.3978,0.0220,0.0760,0.0234
frame_1769,0.1479,0.3185,0.0038,0.4034,0.0250,0.0760,0.0255
frame_1770,0.2306,0.2342,0.0043,0.3994,0.0300,0.0754,0.0261
frame_1771,0.2317,0.2229,0.0090,0.3957,0.0352,0.0737,0.0319
frame_1772,0.2432,0.2013,0.0053,0.4013,0.0334,0.0822,0.0333
frame_1773,0.2486,0.1862,0.0030,0.3955,0.0371,0.0895,0.0400
frame_1774,0.2457,0.1803,0.0026,0.4016,0.0245,0.1040,0.0415
frame_1775,0.2300,0.1966,0.0026,0.4016,0.0177,0.1068,0.0446
frame_1776,0.2711,0.1558,0.0021,0.4052,0.0281,0.1038,0.0339
frame_1777,0.2707,0.1650,0.0021,0.4129,0.0271,0.0970,0.0252
frame_1778,0.2756,0.1622,0.0018,0.4122,0.0254,0.0932,0.0295
frame_1779,0.2642,0.1521,0.0023,0.4240,0.0234,0.1003,0.0337
frame_1780,0.2709,0.1519,0.0032,0.4171,0.0206,0.1038,0.0323
frame_1781,0.2691,0.1581,0.0028,0.4191,0.0178,0.1107,0.0223
frame_1782,0.2556,0.1594,0.0020,0.4300,0.0149,0.1150,0.0231
frame_1783,0.2650,0.1600,0.0023,0.4212,0.0123,0.1219,0.0173
frame_1784,0.2718,0.1572,0.0033,0.4257,0.0111,0.1108,0.0201
frame_1785,0.2634,0.1519,0.0019,0.4369,0.0100,0.1104,0.0255
frame_1786,0.2603,0.1641,0.0022,0.4354,0.0085,0.0990,0.0305
frame_1787,0.2586,0.1572,0.0079,0.4359,0.0076,0.1063,0.0265
frame_1788,0.2579,0.1629,0.0082,0.4412,0.0056,0.1021,0.0222
frame_1789,0.2543,0.1492,0.0075,0.4407,0.0064,0.0952,0.0466
frame_1790,0.2549,0.1442,0.0021,0.4416,0.0063,0.1040,0.0469
frame_1791,0.2344,0.1606,0.0026,0.4423,0.0043,0.1080,0.0479
frame_1792,0.2386,0.1769,0.0029,0.4389,0.0041,0.1120,0.0266
frame_1793,0.2079,0.1786,0.0033,0.4362,0.0074,0.1302,0.0364
frame_1794,0.2190,0.1539,0.0017,0.4351,0.0117,0.1344,0.0443
frame_1795,0.1883,0.2109,0.0012,0.4362,0.0061,0.1418,0.0156
frame_1796,0.2029,0.1991,0.0034,0.4373,0.0075,0.1413,0.0085
frame_1797,0.2252,0.1572,0.0017,0.4339,0.0089,0.1352,0.0378
frame_1798,0.2275,0.1602,0.0017,0.4330,0.0093,0.1353,0.0330
frame_1799,0.1742,0.2263,0.0034,0.4415,0.0102,0.1357,0.0087
frame_1800,0.2370,0.1801,0.0030,0.4360,0.0099,0.1241,0.0098
frame_1801,0.2031,0.2097,0.0028,0.4359,0.0087,0.1186,0.0213
frame_1802,0.1915,0.2355,0.0046,0.4334,0.0127,0.1156,0.0067
frame_1803,0.2428,0.1634,0.0103,0.4342,0.0126,0.1124,0.0242
frame_1804,0.2011,0.2232,0.0021,0.4299,0.0161,0.1113,0.0164
frame_1805,0.2660,0.1565,0.0039,0.4273,0.0171,0.1104,0.0188
frame_1806,0.2712,0.1603,0.0032,0.4288,0.0150,0.1049,0.0165
frame_1807,0.2724,0.1761,0.0036,0.4365,0.0093,0.0987,0.0033
frame_1808,0.1805,0.2513,0.0040,0.4325,0.0094,0.1093,0.0129
frame_1809,0.1388,0.2700,0.0038,0.4494,0.0101,0.1262,0.0017
frame_1810,0.1300,0.2790,0.0049,0.4451,0.0076,0.1228,0.0106
frame_1811,0.1284,0.2736,0.0046,0.4428,0.0079,0.1353,0.0074
frame_1812,0.2026,0.1809,0.0055,0.4473,0.0086,0.1374,0.0176
frame_1813,0.1371,0.2637,0.0058,0.4453,0.0077,0.1346,0.0058
frame_1814,0.1770,0.2604,0.0059,0.4292,0.0057,0.1175,0.0042
frame_1815,0.1555,0.2705,0.0057,0.4345,0.0086,0.1212,0.0039
frame_1816,0.1313,0.3008,0.0039,0.4322,0.0094,0.1202,0.0022
frame_1817,0.1269,0.3043,0.0065,0.4298,0.0080,0.1205,0.0041
frame_1818,0.1416,0.2988,0.0092,0.4217,0.0084,0.1141,0.0060
frame_1819,0.1193,0.3305,0.0073,0.4197,0.0064,0.1131,0.0036
frame_1820,0.1173,0.3256,0.0099,0.4155,0.0065,0.1230,0.0022
frame_1821,0.1229,0.3150,0.0115,0.4149,0.0072,0.1245,0.0041
frame_1822,0.1258,0.3067,0.0118,0.4172,0.0068,0.1251,0.0065
frame_1823,0.1389,0.3071,0.0120,0.4139,0.0069,0.1178,0.0034
frame_1824,0.1586,0.2957,0.0128,0.4120,0.0069,0.1096,0.0044
frame_1825,0.1254,0.3377,0.0122,0.4043,0.0071,0.1119,0.0012
frame_1826,0.1093,0.3601,0.0090,0.3959,0.0074,0.1155,0.0028
frame_1827,0.1241,0.3527,0.0086,0.3867,0.0110,0.1122,0.0048
frame_1828,0.1509,0.3406,0.0125,0.3740,0.0129,0.1060,0.0032
frame_1829,0.1322,0.3587,0.0114,0.3734,0.0159,0.1012,0.0073
frame_1830,0.2299,0.2690,0.0119,0.3641,0.0169,0.1007,0.0076
frame_1831,0.1215,0.3817,0.0116,0.3594,0.0180,0.0932,0.0146
frame_1832,0.1182,0.3929,0.0075,0.3591,0.0197,0.0994,0.0033
frame_1833,0.0937,0.4168,0.0068,0.3544,0.0233,0.0958,0.0092
frame_1834,0.2247,0.2819,0.0093,0.3534,0.0241,0.0923,0.0142
frame_1835,0.1337,0.3789,0.0032,0.3528,0.0254,0.0910,0.0150
frame_1836,0.2254,0.2801,0.0042,0.3552,0.0264,0.1003,0.0083
frame_1837,0.1986,0.3077,0.0055,0.3591,0.0270,0.0916,0.0106
frame_1838,0.2181,0.2767,0.0054,0.3634,0.0263,0.0909,0.0192
frame_1839,0.1043,0.3686,0.0061,0.3619,0.0261,0.1048,0.0281
frame_1840,0.1783,0.2603,0.0053,0.3654,0.0274,0.1005,0.0627
frame_1841,0.0941,0.3647,0.0067,0.3633,0.0283,0.1076,0.0353
frame_1842,0.1004,0.3720,0.0042,0.3674,0.0293,0.0942,0.0326
frame_1843,0.2061,0.2363,0.0055,0.3699,0.0325,0.0980,0.0516
frame_1844,0.1939,0.2668,0.0106,0.3572,0.0373,0.0828,0.0514
frame_1845,0.0944,0.3473,0.0040,0.3656,0.0352,0.0980,0.0555
frame_1846,0.1007,0.3704,0.0049,0.3534,0.0312,0.0993,0.0401
frame_1847,0.0947,0.3749,0.0057,0.3579,0.0330,0.1085,0.0253
frame_1848,0.0865,0.3638,0.0063,0.3600,0.0315,0.1173,0.0346
frame_1849,0.0986,0.3499,0.0064,0.3620,0.0312,0.1284,0.0234
frame_1850,0.1127,0.3490,0.0056,0.3582,0.0348,0.1149,0.0248
frame_1851,0.2126,0.2443,0.0071,0.3667,0.0349,0.1137,0.0208
frame_1852,0.1070,0.3561,0.0046,0.3712,0.0320,0.1056,0.0234
frame_1853,0.1028,0.3776,0.0043,0.3678,0.0290,0.0964,0.0221
frame_1854,0.1900,0.2567,0.0048,0.3787,0.0238,0.1265,0.0195
frame_1855,0.0988,0.3478,0.0058,0.3776,0.0272,0.1207,0.0221
frame_1856,0.1111,0.3328,0.0087,0.3893,0.0255,0.1073,0.0251
frame_1857,0.2074,0.2330,0.0068,0.3923,0.0217,0.1138,0.0249
frame_1858,0.2161,0.2370,0.0079,0.3874,0.0194,0.1012,0.0310
frame_1859,0.2135,0.2387,0.0082,0.3864,0.0183,0.1130,0.0219
frame_1860,0.2084,0.2594,0.0079,0.3747,0.0189,0.1120,0.0186
frame_1861,0.2021,0.2690,0.0130,0.3626,0.0189,0.1166,0.0178
frame_1862,0.2126,0.2783,0.0093,0.3566,0.0209,0.1066,0.0156
frame_1863,0.2370,0.2485,0.0151,0.3532,0.0235,0.1109,0.0119
frame_1864,0.2373,0.2652,0.0091,0.3444,0.0280,0.0998,0.0162
frame_1865,0.1280,0.3753,0.0121,0.3397,0.0312,0.0952,0.0186
frame_1866,0.2609,0.2549,0.0125,0.3356,0.0323,0.0880,0.0159
frame_1867,0.2123,0.3050,0.0110,0.3364,0.0343,0.0839,0.0171
frame_1868,0.1284,0.3967,0.0123,0.3351,0.0366,0.0692,0.0217
frame_1869,0.2039,0.3193,0.0150,0.3317,0.0379,0.0737,0.0186
frame_1870,0.1234,0.3917,0.0151,0.3284,0.0395,0.0760,0.0259
frame_1871,0.1311,0.3801,0.0172,0.3213,0.0409,0.0772,0.0322
frame_1872,0.2399,0.2562,0.0159,0.3238,0.0446,0.0840,0.0356
frame_1873,0.2301,0.2601,0.0154,0.3233,0.0452,0.0879,0.0380
frame_1874,0.2376,0.2373,0.0162,0.3221,0.0475,0.0929,0.0465
frame_1875,0.1889,0.2635,0.0157,0.3157,0.0477,0.1214,0.0471
frame_1876,0.2116,0.2052,0.0250,0.3089,0.0487,0.1382,0.0624
frame_1877,0.2010,0.1976,0.0184,0.3028,0.0483,0.1765,0.0554
frame_1878,0.2467,0.1712,0.0211,0.2981,0.0487,0.1947,0.0195
frame_1879,0.2139,0.1572,0.0431,0.2901,0.0487,0.2209,0.0261
frame_1880,0.2112,0.1654,0.0185,0.2806,0.0488,0.2427,0.0329
